Date,BA,BTC-USD,EURUSD=X,GC=F,MSFT,^DJI
2014-10-01,108.40667724609376,383.614990234375,1.262833595275879,1214.5999755859375,38.95292282104492,16804.7109375
2014-10-02,107.97189331054688,375.0719909667969,1.2624191045761108,1214.199951171875,38.83412170410156,16801.05078125
2014-10-03,109.8761978149414,359.5119934082031,1.2670577764511108,1192.199951171875,39.11417007446289,17009.689453125
2014-10-04,,328.8659973144531,,,,
2014-10-05,,320.510009765625,,,,
2014-10-06,109.78923797607422,330.0790100097656,1.2513607740402222,1206.699951171875,39.11417007446289,16991.91015625
2014-10-07,107.23279571533205,336.18701171875,1.264606237411499,1211.699951171875,38.6389274597168,16719.390625
2014-10-08,108.67621612548828,352.94000244140625,1.266800880432129,1205.300048828125,39.69974136352539,16994.220703125
2014-10-09,106.74581146240234,365.0260009765625,1.2743074893951416,1224.5999755859375,38.91048431396485,16659.25
2014-10-10,105.65017700195312,361.56201171875,1.2689067125320437,1221.0,37.36595916748047,16544.099609375
2014-10-11,,362.2990112304688,,,,
2014-10-12,,378.5490112304688,,,,
2014-10-13,104.73716735839844,390.41400146484375,1.263982892036438,1229.300048828125,37.04348373413086,16321.0703125
2014-10-14,106.33715057373048,400.8699951171875,1.272394061088562,1233.5999755859375,37.1113510131836,16315.1904296875
2014-10-15,104.51107025146484,394.7730102539063,1.2639029026031494,1244.0999755859375,36.67855453491211,16141.740234375
2014-10-16,104.59803009033205,382.5559997558594,1.2821663618087769,1240.5,36.27120208740234,16117.240234375
2014-10-17,107.1632080078125,383.7579956054688,1.280442476272583,1238.300048828125,37.02650451660156,16380.41015625
2014-10-18,,391.4419860839844,,,,
2014-10-19,,389.5459899902344,,,,
2014-10-20,108.09364318847656,382.8450012207031,1.274957299232483,1244.0,37.408390045166016,16399.669921875
2014-10-21,110.53707122802734,386.4750061035156,1.2795250415802002,1251.0,38.08729553222656,16614.810546875
2014-10-22,105.6067123413086,383.1579895019531,1.2714719772338867,1244.800048828125,37.66299819946289,16461.3203125
2014-10-23,106.1110610961914,358.4169921875,1.2641425132751465,1228.5,38.20613098144531,16677.900390625
2014-10-24,106.29366302490234,358.3450012207031,1.2654062509536743,1231.199951171875,39.14810562133789,16805.41015625
2014-10-25,,347.27099609375,,,,
2014-10-26,,354.7040100097656,,,,
2014-10-27,106.18932342529295,352.989013671875,1.2676681280136108,1229.0999755859375,38.961421966552734,16817.939453125
2014-10-28,107.48494720458984,357.6180114746094,1.270147681236267,1229.199951171875,39.4536361694336,17005.75
2014-10-29,107.0240707397461,335.59100341796875,1.273836612701416,1224.300048828125,39.56394577026367,16974.310546875
2014-10-30,107.66756439208984,345.30499267578125,1.2632802724838257,1198.0999755859375,39.08021926879883,17195.419921875
2014-10-31,108.61536407470705,338.3210144042969,1.2613362073898315,1171.0999755859375,39.84402084350586,17390.51953125
2014-11-01,,325.7489929199219,,,,
2014-11-02,,325.8919982910156,,,,
2014-11-03,109.5892562866211,327.5539855957031,1.250312566757202,1169.4000244140625,40.25985336303711,17366.240234375
2014-11-04,109.4240493774414,330.49200439453125,1.2495938539505005,1167.4000244140625,40.37017440795898,17383.83984375
2014-11-05,108.6456298828125,339.4859924316406,1.255256414413452,1145.4000244140625,40.61628723144531,17484.529296875
2014-11-06,108.96048736572266,349.2900085449219,1.2480031251907349,1142.300048828125,41.32914733886719,17554.470703125
2014-11-07,108.84677124023438,342.4150085449219,1.238006830215454,1169.5999755859375,41.31216812133789,17573.9296875
2014-11-08,,345.4880065917969,,,,
2014-11-09,,363.2640075683594,,,,
2014-11-10,109.01296997070312,366.9240112304688,1.246137022972107,1159.5999755859375,41.49038314819336,17613.740234375
2014-11-11,109.6427001953125,367.6950073242188,1.242992639541626,1162.800048828125,41.47340393066406,17614.900390625
2014-11-12,110.08875274658205,423.5610046386719,1.2475829124450684,1158.9000244140625,41.39703750610352,17612.19921875
2014-11-13,112.4152603149414,420.7349853515625,1.242992639541626,1161.0999755859375,42.101409912109375,17652.7890625
2014-11-14,112.7038803100586,397.8179931640625,1.2475982904434204,1185.0,42.07595443725586,17634.740234375
2014-11-15,,376.1329956054688,,,,
2014-11-16,,387.8819885253906,,,,
2014-11-17,112.31905364990234,387.4079895019531,1.251846432685852,1183.0,41.97412490844727,17647.75
2014-11-18,114.27819061279295,375.197998046875,1.2448959350585938,1196.699951171875,41.62397766113281,17687.8203125
2014-11-19,115.10907745361328,380.5549926757813,1.253337025642395,1193.5999755859375,41.17990493774414,17685.73046875
2014-11-20,115.18780517578124,357.8399963378906,1.2540757656097412,1190.699951171875,41.589820861816406,17719.0
2014-11-21,116.13238525390624,350.8479919433594,1.2545005083084106,1197.5,40.97493362426758,17810.060546875
2014-11-22,,352.9200134277344,,,,
2014-11-23,,367.572998046875,,,,
2014-11-24,117.73294830322266,376.9010009765625,1.2375012636184692,1195.5,40.64188003540039,17817.900390625
2014-11-25,117.9078598022461,375.3479919433594,1.2433171272277832,1197.0999755859375,40.53939437866211,17814.939453125
2014-11-26,117.88162994384766,368.3699951171875,1.24806547164917,1196.5999755859375,40.77851104736328,17827.75
2014-11-27,,369.6700134277344,1.2505940198898315,,,
2014-11-28,117.51429748535156,376.4469909667969,1.246199131011963,1175.199951171875,40.82976150512695,17828.240234375
2014-11-29,,375.4909973144531,,,,
2014-11-30,,378.0469970703125,,,,
2014-12-01,115.79129791259766,379.2449951171875,1.2438275814056396,1218.0,41.5214958190918,17776.80078125
2014-12-02,115.69510650634766,381.3150024414063,1.247007131576538,1199.199951171875,41.384857177734375,17879.55078125
2014-12-03,115.4239501953125,375.010009765625,1.2388503551483154,1208.5,41.060340881347656,17912.619140625
2014-12-04,114.85546112060548,369.60400390625,1.231663703918457,1207.5,41.70937728881836,17900.099609375
2014-12-05,115.63389587402344,376.85400390625,1.2386661767959597,1190.0999755859375,41.3506965637207,17958.7890625
2014-12-06,,374.7850036621094,,,,
2014-12-07,,375.0950012207031,,,,
2014-12-08,113.9458465576172,361.9089965820313,1.2294074296951294,1194.699951171875,40.73581314086914,17852.48046875
2014-12-09,113.4035873413086,352.218994140625,1.2315119504928589,1231.5,40.64188003540039,17801.19921875
2014-12-10,109.01296997070312,346.364990234375,1.2394952774047852,1228.9000244140625,40.05261993408203,17533.150390625
2014-12-11,107.90219116210938,350.5060119628906,1.2473959922790527,1225.0999755859375,40.2831916809082,17596.33984375
2014-12-12,105.62816619873048,352.5419921875,1.2394952774047852,1222.0,40.09531784057617,17280.830078125
2014-12-13,,347.3760070800781,,,,
2014-12-14,,351.6319885253906,,,,
2014-12-15,106.7739486694336,345.3450012207031,1.2463544607162476,1207.199951171875,39.85619735717773,17180.83984375
2014-12-16,108.67188262939452,327.06201171875,1.2443537712097168,1193.9000244140625,38.566650390625,17068.869140625
2014-12-17,109.38033294677734,319.7760009765625,1.2512043714523315,1194.300048828125,39.06199264526367,17356.869140625
2014-12-18,109.913818359375,311.39599609375,1.233897686004639,1194.699951171875,40.58209609985352,17778.150390625
2014-12-19,110.40362548828124,317.8429870605469,1.229044795036316,1195.9000244140625,40.70164108276367,17804.80078125
2014-12-20,,329.9559936523437,,,,
2014-12-21,,320.8429870605469,,,,
2014-12-22,112.14411926269533,331.885986328125,1.2225985527038574,1179.699951171875,40.97493362426758,17959.439453125
2014-12-23,113.72718048095705,334.5719909667969,1.2223743200302124,1177.9000244140625,41.37631607055664,18024.169921875
2014-12-24,114.78546905517578,322.53399658203125,1.217492938041687,1173.5,41.11157989501953,18030.2109375
2014-12-25,,319.00799560546875,1.2198543548583984,,,
2014-12-26,115.12659454345705,327.92401123046875,1.2210012674331665,1195.300048828125,40.8895378112793,18053.7109375
2014-12-27,,315.8630065917969,,,,
2014-12-28,,317.239013671875,,,,
2014-12-29,115.70381927490234,312.6700134277344,1.216944694519043,1181.699951171875,40.5223274230957,18038.23046875
2014-12-30,115.30152130126952,310.73699951171875,1.215347409248352,1200.199951171875,40.15510177612305,17983.0703125
2014-12-31,113.68345642089844,320.1929931640625,1.2162047624588013,1183.9000244140625,39.66831207275391,17823.0703125
2015-01-01,,314.2489929199219,1.2098628282546997,,,
2015-01-02,113.65721130371094,315.0320129394531,1.2089413404464722,1186.0,39.93305587768555,17832.990234375
2015-01-03,,281.0820007324219,,,,
2015-01-04,,264.19500732421875,,,,
2015-01-05,112.87005615234376,274.4739990234375,1.194643259048462,1203.9000244140625,39.56583786010742,17501.650390625
2015-01-06,111.54064178466795,286.1889953613281,1.193901538848877,1219.300048828125,38.98510360717773,17371.640625
2015-01-07,113.27236938476562,294.3370056152344,1.1875356435775757,1210.5999755859375,39.48043823242188,17584.51953125
2015-01-08,115.27528381347656,283.3489990234375,1.1836000680923462,1208.4000244140625,40.64188003540039,17907.869140625
2015-01-09,115.04785919189452,290.4079895019531,1.1796069145202637,1216.0,40.30027389526367,17737.369140625
2015-01-10,,274.7959899902344,,,,
2015-01-11,,265.6600036621094,,,,
2015-01-12,114.4618682861328,267.7959899902344,1.187070369720459,1232.699951171875,39.7964096069336,17640.83984375
2015-01-13,114.7242660522461,225.86099243164065,1.1831519603729248,1234.300048828125,39.591453552246094,17613.6796875
2015-01-14,114.0333023071289,178.10299682617188,1.1778285503387451,1234.4000244140625,39.24985122680664,17427.08984375
2015-01-15,113.82337188720705,209.843994140625,1.178592085838318,1264.699951171875,38.839942932128906,17320.7109375
2015-01-16,114.38314819335938,208.0970001220703,1.1637378931045532,1276.9000244140625,39.48897171020508,17511.5703125
2015-01-17,,199.25999450683597,,,,
2015-01-18,,210.3390045166016,,,,
2015-01-19,,214.86099243164065,1.1566041707992554,,,
2015-01-20,114.76797485351562,211.31500244140625,1.1597968339920044,1294.199951171875,39.617069244384766,17515.23046875
2015-01-21,115.80878448486328,226.89700317382807,1.154694437980652,1293.699951171875,39.21570587158203,17554.279296875
2015-01-22,118.6338348388672,233.406005859375,1.161534547805786,1300.699951171875,40.24903869628906,17813.98046875
2015-01-23,117.74170684814452,232.8789978027344,1.1346745491027832,1292.5999755859375,40.2917366027832,17672.599609375
2015-01-24,,247.8470001220703,,,,
2015-01-25,,253.71800231933597,,,,
2015-01-26,117.26066589355467,273.4729919433594,1.1125450134277344,1279.4000244140625,40.14654922485352,17678.69921875
2015-01-27,115.87001037597656,263.4750061035156,1.1247708797454834,1291.699951171875,36.43165588378906,17387.2109375
2015-01-28,122.13229370117188,233.9149932861328,1.1367381811141968,1285.9000244140625,35.17627716064453,17191.369140625
2015-01-29,129.25172424316406,233.51300048828125,1.1281461715698242,1254.5999755859375,35.87654495239258,17416.849609375
2015-01-30,127.14388275146484,226.4250030517578,1.13355553150177,1278.5,34.50160598754883,17164.94921875
2015-01-31,,217.4640045166016,,,,
2015-02-01,,226.9720001220703,,,,
2015-02-02,127.92232513427734,238.22900390625,1.1309019327163696,1276.199951171875,35.253135681152344,17361.0390625
2015-02-03,128.86685180664062,227.26800537109372,1.1341726779937744,1259.699951171875,35.526424407958984,17666.400390625
2015-02-04,128.76194763183594,226.85299682617188,1.145737886428833,1263.800048828125,35.73136901855469,17673.01953125
2015-02-05,129.9689483642578,217.11099243164065,1.131874680519104,1262.0,36.25232696533203,17884.880859375
2015-02-06,129.4441680908203,222.26600646972656,1.147196888923645,1233.9000244140625,36.21815872192383,17824.2890625
2015-02-07,,227.7539978027344,,,,
2015-02-08,,223.41200256347656,,,,
2015-02-09,129.07684326171875,220.1100006103516,1.1314393281936646,1240.800048828125,36.17544937133789,17729.2109375
2015-02-10,129.4791259765625,219.8390045166016,1.1326953172683716,1231.5999755859375,36.38041305541992,17868.759765625
2015-02-11,130.1743621826172,219.18499755859372,1.1321951150894165,1219.0,36.19253921508789,17862.140625
2015-02-12,130.32391357421875,221.76400756835935,1.131196141242981,1220.0999755859375,36.79887771606445,17972.380859375
2015-02-13,131.76722717285156,235.427001953125,1.140393853187561,1226.5,37.46500778198242,18019.349609375
2015-02-14,,257.3210144042969,,,,
2015-02-15,,234.8249969482422,,,,
2015-02-16,,233.84300231933597,1.1400039196014404,,,
2015-02-17,131.9344482421875,243.6100006103516,1.1334012746810913,1208.0999755859375,37.48218536376953,18047.580078125
2015-02-18,133.03445434570312,236.3260040283203,1.1404719352722168,1199.699951171875,37.43918991088867,18029.849609375
2015-02-19,135.30496215820312,240.2830047607422,1.1400039196014404,1207.0999755859375,37.41337966918945,17985.76953125
2015-02-20,139.31790161132812,243.7790069580078,1.1366735696792605,1204.4000244140625,37.72301864624024,18140.439453125
2015-02-21,,244.53399658203125,,,,
2015-02-22,,235.9770050048828,,,,
2015-02-23,136.1761932373047,238.8919982910156,1.1381484270095823,1200.300048828125,37.97243881225586,18116.83984375
2015-02-24,135.85935974121094,238.7350006103516,1.1332985162734983,1196.9000244140625,37.920841217041016,18209.189453125
2015-02-25,134.6537322998047,237.47000122070312,1.1339025497436523,1201.0,37.83483123779297,18224.5703125
2015-02-26,133.52725219726562,236.42599487304688,1.1363636255264282,1209.5999755859375,37.89503860473633,18214.419921875
2015-02-27,132.75286865234375,253.8280029296875,1.1205360889434814,1212.5999755859375,37.71440887451172,18132.69921875
2015-02-28,,254.26300048828125,,,,
2015-03-01,,260.2019958496094,,,,
2015-03-02,135.3489532470703,275.6700134277344,1.1161960363388062,1207.699951171875,37.74021530151367,18288.630859375
2015-03-03,136.90658569335938,281.7019958496094,1.1179054975509644,1204.0,37.22417831420898,18203.369140625
2015-03-04,135.8329620361328,273.0920104980469,1.118217945098877,1200.5999755859375,37.03494644165039,18096.900390625
2015-03-05,135.93858337402344,276.1780090332031,1.1082050800323486,1195.9000244140625,37.077972412109375,18135.720703125
2015-03-06,134.75051879882812,272.7229919433594,1.1032048463821411,1164.0999755859375,36.43289566040039,17856.779296875
2015-03-07,,276.260986328125,,,,
2015-03-08,,274.35400390625,,,,
2015-03-09,136.18496704101562,289.60699462890625,1.0845986604690552,1166.4000244140625,36.85433578491211,17995.720703125
2015-03-10,134.13450622558594,291.760009765625,1.0833414793014526,1160.0999755859375,36.14907455444336,17662.939453125
2015-03-11,133.03445434570312,296.3789978027344,1.0708701610565186,1150.699951171875,36.1060791015625,17635.390625
2015-03-12,133.80007934570312,294.35400390625,1.0548745393753052,1152.0999755859375,35.280399322509766,17895.220703125
2015-03-13,133.38650512695312,285.3370056152344,1.0626314878463743,1152.5999755859375,35.59001541137695,17749.310546875
2015-03-14,,281.885009765625,,,,
2015-03-15,,286.3930053710937,,,,
2015-03-16,135.23452758789062,290.5929870605469,1.0481630563735962,1153.300048828125,35.74483871459961,17977.419921875
2015-03-17,135.97378540039062,285.5050048828125,1.0572947263717651,1148.300048828125,35.865230560302734,17849.080078125
2015-03-18,137.04739379882812,256.29901123046875,1.0598047971725464,1151.4000244140625,36.553321838378906,18076.189453125
2015-03-19,135.62171936035156,260.9280090332031,1.0849988460540771,1169.0999755859375,36.37269592285156,17959.029296875
2015-03-20,135.96498107910156,261.7489929199219,1.066894292831421,1184.800048828125,36.88013458251953,18127.650390625
2015-03-21,,260.0249938964844,,,,
2015-03-22,,267.9599914550781,,,,
2015-03-23,134.4777374267578,266.739990234375,1.0826611518859863,1188.0,36.8629264831543,18116.0390625
2015-03-24,133.45687866210938,245.59500122070312,1.094499111175537,1191.699951171875,36.89733505249024,18011.140625
2015-03-25,130.4471893310547,246.19700622558597,1.0902034044265747,1197.300048828125,35.6588249206543,17718.5390625
2015-03-26,130.39437866210938,248.5319976806641,1.0960465669631958,1205.0999755859375,35.443809509277344,17678.23046875
2015-03-27,130.9927520751953,247.0290069580078,1.0886367559432983,1199.800048828125,35.23738479614258,17712.66015625
2015-03-28,,252.79800415039065,,,,
2015-03-29,,242.71299743652344,,,,
2015-03-30,134.38092041015625,247.5260009765625,1.0884946584701538,1184.800048828125,35.228797912597656,17976.310546875
2015-03-31,132.07522583007812,244.2239990234375,1.0830246210098269,1183.0999755859375,34.970760345458984,17776.119140625
2015-04-01,130.80799865722656,247.27200317382807,1.073814034461975,1208.0999755859375,35.02237319946289,17698.1796875
2015-04-02,131.3712158203125,253.0050048828125,1.0769942998886108,1200.9000244140625,34.65254211425781,17763.240234375
2015-04-03,,254.32200622558597,1.087074637413025,,,
2015-04-04,,253.69700622558597,,,,
2015-04-05,,260.5979919433594,,,,
2015-04-06,132.8232421875,255.49200439453125,1.100134253501892,1218.5999755859375,35.73624038696289,17880.849609375
2015-04-07,134.04653930664062,253.17999267578125,1.0934817790985107,1210.5999755859375,35.71903991699219,17875.419921875
2015-04-08,134.96176147460938,245.02200317382807,1.0824151039123535,1203.0999755859375,35.62442398071289,17902.509765625
2015-04-09,135.01454162597656,243.67599487304688,1.078527569770813,1193.5999755859375,35.67604446411133,17958.73046875
2015-04-10,135.85935974121094,236.07200622558597,1.0669056177139282,1204.5999755859375,35.88243865966797,18057.650390625
2015-04-11,,236.552001953125,,,,
2015-04-12,,236.1529998779297,,,,
2015-04-13,134.8561248779297,224.5870056152344,1.060985445976257,1199.300048828125,35.91685485839844,17977.0390625
2015-04-14,134.82974243164062,219.15899658203125,1.0572947263717651,1192.800048828125,35.82225036621094,18036.69921875
2015-04-15,134.143310546875,223.8329925537109,1.0647132396697998,1201.5,36.34688949584961,18112.609375
2015-04-16,133.7384796142578,228.572998046875,1.0676802396774292,1198.0,36.26087951660156,18105.76953125
2015-04-17,131.65281677246094,222.8820037841797,1.0755579471588137,1202.9000244140625,35.79645156860352,17826.30078125
2015-04-18,,223.3560028076172,,,,
2015-04-19,,222.6000061035156,,,,
2015-04-20,134.35450744628906,224.62600708007807,1.0810226202011108,1193.5,36.90594482421875,18034.9296875
2015-04-21,134.9353485107422,235.2689971923828,1.0747487545013428,1202.9000244140625,36.67371368408203,17949.58984375
2015-04-22,133.0520782470703,234.17599487304688,1.074171543121338,1186.9000244140625,36.97475814819336,18038.26953125
2015-04-23,131.8904266357422,236.4620056152344,1.0725815296173096,1194.4000244140625,37.27577209472656,18058.689453125
2015-04-24,130.59677124023438,231.26800537109372,1.0815019607543943,1175.199951171875,41.17192077636719,18080.140625
2015-04-25,,226.38999938964844,,,,
2015-04-26,,219.42999267578125,,,,
2015-04-27,130.0687255859375,229.28599548339844,1.086897373199463,1203.300048828125,41.30953979492188,18037.970703125
2015-04-28,129.81356811523438,225.85499572753903,1.087795972824097,1214.0,42.28142929077149,18110.140625
2015-04-29,128.61669921875,225.80799865722656,1.096912145614624,1209.800048828125,42.19541931152344,18035.529296875
2015-04-30,126.14380645751952,236.1450042724609,1.1114321947097778,1182.4000244140625,41.83419036865234,17840.51953125
2015-05-01,127.31426239013672,232.07899475097656,1.1214659214019775,1174.5,41.85139083862305,18024.060546875
2015-05-02,,234.92999267578125,,,,
2015-05-03,,240.3580017089844,,,,
2015-05-04,126.74225616455078,239.01800537109372,1.1185932159423828,1186.800048828125,41.49016571044922,18070.400390625
2015-05-05,125.76537322998048,236.1210021972656,1.1149141788482666,1193.199951171875,40.93970489501953,17928.19921875
2015-05-06,124.9151611328125,229.7819976806641,1.1186307668685913,1190.300048828125,39.80440521240234,17841.98046875
2015-05-07,125.31370544433594,237.33399963378903,1.1341469287872314,1182.4000244140625,40.16563415527344,17924.060546875
2015-05-08,128.82984924316406,243.86300659179688,1.1246949434280396,1189.0999755859375,41.06872177124024,18191.109375
2015-05-09,,241.83200073242188,,,,
2015-05-10,,240.29600524902344,,,,
2015-05-11,129.21066284179688,242.1580047607422,1.1194071769714355,1183.199951171875,40.74188995361328,18105.169921875
2015-05-12,128.80322265625,241.11199951171875,1.114441990852356,1192.5999755859375,40.72468185424805,18068.23046875
2015-05-13,128.9715118408203,236.3769989013672,1.1221455335617063,1218.4000244140625,40.96552276611328,18060.490234375
2015-05-14,131.04403686523438,236.9290008544922,1.1350480318069458,1225.4000244140625,41.90299987792969,18252.240234375
2015-05-15,130.0874786376953,237.60499572753903,1.1404979228973389,1225.5,41.5417594909668,18272.560546875
2015-05-16,,236.1529998779297,,,,
2015-05-17,,236.802001953125,,,,
2015-05-18,129.93695068359375,233.1280059814453,1.144505262374878,1227.800048828125,41.29233932495117,18298.880859375
2015-05-19,130.238037109375,231.94700622558597,1.1326183080673218,1206.9000244140625,41.18845748901367,18312.390625
2015-05-20,129.68008422851562,234.01800537109372,1.1146656274795532,1208.9000244140625,41.18845748901367,18285.400390625
2015-05-21,130.50376892089844,235.343994140625,1.1100751161575315,1204.4000244140625,41.04996109008789,18285.740234375
2015-05-22,128.25411987304688,240.34800720214844,1.1111851930618286,1204.300048828125,40.59981536865234,18232.01953125
2015-05-23,,238.8719940185547,,,,
2015-05-24,,240.9530029296875,,,,
2015-05-25,,237.1100006103516,1.0992997884750366,,,
2015-05-26,126.4739227294922,237.11599731445312,1.0971167087554932,1187.199951171875,40.33145523071289,18041.5390625
2015-05-27,126.65106964111328,237.2830047607422,1.08888578414917,1185.9000244140625,41.21442413330078,18162.990234375
2015-05-28,126.05772399902344,237.4080047607422,1.0900014638900757,1188.0999755859375,41.0759162902832,18126.119140625
2015-05-29,124.4546127319336,237.0959930419922,1.0960345268249512,1189.4000244140625,40.565185546875,18010.6796875
2015-05-30,,233.34500122070312,,,,
2015-05-31,,230.19000244140625,,,,
2015-06-01,125.10113525390624,222.92599487304688,1.0957943201065063,1188.300048828125,40.885475158691406,18040.369140625
2015-06-02,126.87248229980467,225.8029937744141,1.0922993421554563,1194.0999755859375,40.61711883544922,18011.939453125
2015-06-03,127.36846160888672,225.87399291992188,1.115001201629639,1184.699951171875,40.5565299987793,18076.26953125
2015-06-04,125.04798126220705,224.32400512695312,1.1257838010787964,1174.9000244140625,40.13235092163086,17905.580078125
2015-06-05,124.64061737060548,224.95199584960935,1.120787262916565,1167.800048828125,39.9419059753418,17849.4609375
2015-06-06,,225.61900329589844,,,,
2015-06-07,,222.8809967041016,,,,
2015-06-08,124.56088256835938,228.48899841308597,1.110814929008484,1173.199951171875,39.58697891235352,17766.55078125
2015-06-09,124.08261108398438,229.04800415039065,1.128095269203186,1177.300048828125,39.51771926879883,17764.0390625
2015-06-10,125.42882537841795,228.8029937744141,1.1299052238464355,1186.0999755859375,40.34877014160156,18000.400390625
2015-06-11,126.61566925048828,229.7050018310547,1.131196141242981,1179.9000244140625,40.20159149169922,18039.369140625
2015-06-12,126.4739227294922,229.98199462890625,1.1240627765655518,1178.800048828125,39.79473114013672,17898.83984375
2015-06-13,,232.4019927978516,,,,
2015-06-14,,233.54299926757807,,,,
2015-06-15,126.0222625732422,236.822998046875,1.1219944953918457,1185.300048828125,39.37055587768555,17791.169921875
2015-06-16,126.06652069091795,250.8950042724609,1.1277008056640625,1180.5,39.67354202270508,17904.48046875
2015-06-17,127.03190612792967,249.28399658203125,1.124201774597168,1176.4000244140625,39.79473114013672,17935.740234375
2015-06-18,128.75897216796875,249.0070037841797,1.1369967460632324,1201.5,40.44398498535156,18115.83984375
2015-06-19,128.53756713867188,244.6060028076172,1.1370742321014404,1201.5,39.90726852416992,18015.94921875
2015-06-20,,245.2120056152344,,,,
2015-06-21,,243.94400024414065,,,,
2015-06-22,129.04238891601562,246.9900054931641,1.1372941732406616,1183.699951171875,40.019798278808594,18119.779296875
2015-06-23,127.91757202148438,244.29600524902344,1.13490629196167,1176.199951171875,39.742794036865234,18144.0703125
2015-06-24,126.65106964111328,240.51499938964844,1.1172186136245728,1172.5999755859375,39.509071350097656,17966.0703125
2015-06-25,126.16394805908205,242.7989959716797,1.1206992864608765,1171.5,39.51771926879883,17890.359375
2015-06-26,126.19049835205078,243.593994140625,1.1202975511550903,1172.9000244140625,39.18011093139648,17946.6796875
2015-06-27,,250.9900054931641,,,,
2015-06-28,,249.0110015869141,,,,
2015-06-29,122.86924743652344,257.0639953613281,1.0975021123886108,1178.5,38.409664154052734,17596.349609375
2015-06-30,122.8603973388672,263.0719909667969,1.122296690940857,1171.5,38.21922302246094,17619.509765625
2015-07-01,124.64061737060548,258.6210021972656,1.1134989261627195,1169.0,38.47891998291016,17757.91015625
2015-07-02,124.18006134033205,255.41200256347656,1.103363037109375,1163.0,38.435638427734375,17730.109375
2015-07-03,,256.33599853515625,1.1086965799331665,,,
2015-07-04,,260.885986328125,,,,
2015-07-05,,271.9129943847656,,,,
2015-07-06,124.4546127319336,269.0299987792969,1.0995051860809326,1172.9000244140625,38.42697143554688,17683.580078125
2015-07-07,126.7839126586914,266.2070007324219,1.1048991680145264,1152.4000244140625,38.34907531738281,17776.91015625
2015-07-08,125.69452667236328,270.7850036621094,1.1009942293167114,1163.300048828125,38.2971305847168,17515.419921875
2015-07-09,126.4739227294922,269.2279968261719,1.1071009635925293,1159.0,38.53951644897461,17548.619140625
2015-07-10,127.96188354492188,284.8940124511719,1.1063048839569092,1157.699951171875,38.61744689941406,17760.41015625
2015-07-11,,293.114990234375,,,,
2015-07-12,,310.86700439453125,,,,
2015-07-13,129.857177734375,292.0539855957031,1.1129041910171509,1155.199951171875,39.42250442504883,17977.6796875
2015-07-14,130.85800170898438,287.4639892578125,1.099045991897583,1153.300048828125,39.49175643920898,18053.580078125
2015-07-15,130.0963134765625,285.8290100097656,1.1008002758026123,1147.199951171875,39.61294174194336,18050.169921875
2015-07-16,131.513427734375,278.0889892578125,1.0943553447723389,1143.800048828125,40.392051696777344,18120.25
2015-07-17,130.0520477294922,279.47198486328125,1.0886012315750122,1131.800048828125,40.357421875,18086.44921875
2015-07-18,,274.9010009765625,,,,
2015-07-19,,273.614013671875,,,,
2015-07-20,129.94577026367188,278.9809875488281,1.0830246210098269,1106.699951171875,40.61711883544922,18100.41015625
2015-07-21,128.4224090576172,275.8330078125,1.0835410356521606,1103.4000244140625,40.92877197265625,17919.2890625
2015-07-22,129.72434997558594,277.22198486328125,1.0939961671829224,1091.4000244140625,39.42250442504883,17851.0390625
2015-07-23,129.405517578125,276.04901123046875,1.0927051305770874,1094.0,39.91592788696289,17731.919921875
2015-07-24,127.58985900878906,288.27801513671875,1.0989010334014893,1085.5999755859375,39.768775939941406,17568.529296875
2015-07-25,,288.6969909667969,,,,
2015-07-26,,292.6860046386719,,,,
2015-07-27,124.90628051757812,293.6239929199219,1.0972371101379397,1096.5,39.25800704956055,17440.58984375
2015-07-28,125.59712982177734,294.427001953125,1.109004020690918,1096.300048828125,39.24937438964844,17630.26953125
2015-07-29,127.66075897216795,289.5899963378906,1.1065986156463623,1092.699951171875,40.07176208496094,17751.390625
2015-07-30,126.65990447998048,287.72198486328125,1.098406195640564,1088.4000244140625,40.58248519897461,17745.98046875
2015-07-31,127.6873016357422,284.6499938964844,1.0939244031906128,1094.9000244140625,40.42667770385742,17689.859375
2015-08-01,,281.6010131835937,,,,
2015-08-02,,282.614013671875,,,,
2015-08-03,127.26222229003906,281.2269897460937,1.0969001054763794,1089.4000244140625,40.52189636230469,17598.19921875
2015-08-04,127.12928771972656,285.2179870605469,1.09560227394104,1090.699951171875,41.15384292602539,17550.689453125
2015-08-05,129.19717407226562,281.8819885253906,1.0888975858688354,1085.699951171875,41.18845748901367,17540.470703125
2015-08-06,128.19000244140625,278.5769958496094,1.0903104543685913,1090.199951171875,40.357421875,17419.75
2015-08-07,126.94217681884766,279.5849914550781,1.0927051305770874,1094.0999755859375,40.4613037109375,17373.380859375
2015-08-08,,260.9970092773437,,,,
2015-08-09,,265.0830078125,,,,
2015-08-10,130.00828552246094,264.4700012207031,1.0965032577514648,1104.199951171875,40.97203826904297,17615.169921875
2015-08-11,128.39505004882812,270.385986328125,1.1016976833343506,1107.5999755859375,40.17562484741211,17402.83984375
2015-08-12,126.95108795166016,266.3760070800781,1.104203701019287,1123.199951171875,40.4613037109375,17402.509765625
2015-08-13,129.07241821289062,264.0799865722656,1.1160963773727417,1115.699951171875,40.45264053344727,17408.25
2015-08-14,129.3219757080078,265.67999267578125,1.1160963773727417,1112.9000244140625,40.68638229370117,17477.400390625
2015-08-15,,261.5509948730469,,,,
2015-08-16,,258.5069885253906,,,,
2015-08-17,128.74264526367188,257.9760131835937,1.1092993021011353,1118.5999755859375,40.9633903503418,17545.1796875
2015-08-18,128.88523864746094,211.07899475097656,1.107800006866455,1117.0999755859375,41.189937591552734,17511.33984375
2015-08-19,127.20952606201172,226.6840057373047,1.1030831336975098,1128.0999755859375,40.614837646484375,17348.73046875
2015-08-20,122.12899780273438,235.3500061035156,1.1118029356002808,1153.0,39.78704452514648,16990.689453125
2015-08-21,117.3960952758789,232.56900024414065,1.1236965656280518,1159.5999755859375,37.5301628112793,16459.75
2015-08-22,,230.38999938964844,,,,
2015-08-23,,228.16900634765625,,,,
2015-08-24,113.36731719970705,210.4949951171875,1.1376951932907104,1153.4000244140625,36.31895065307617,15871.349609375
2015-08-25,111.8520736694336,221.60899353027344,1.1583056449890137,1138.199951171875,35.26460266113281,15666.4404296875
2015-08-26,115.28363800048828,225.83099365234372,1.1550945043563845,1124.5999755859375,37.21647262573242,16285.509765625
2015-08-27,117.5386962890625,224.7689971923828,1.134005427360535,1122.4000244140625,38.25340270996094,16654.76953125
2015-08-28,118.75981903076172,231.39599609375,1.1247961521148682,1133.0999755859375,38.27954864501953,16643.009765625
2015-08-29,,229.77999877929688,,,,
2015-08-30,,228.7610015869141,,,,
2015-08-31,116.47801208496094,230.05599975585935,1.1214030981063845,1131.5999755859375,37.92228698730469,16528.029296875
2015-09-01,113.59014129638672,228.1210021972656,1.1225864887237549,1138.699951171875,36.4409294128418,16058.349609375
2015-09-02,116.43344116210938,229.28399658203125,1.1293437480926514,1132.5,37.782859802246094,16351.3798828125
2015-09-03,116.78108978271484,227.18299865722656,1.121604323387146,1123.699951171875,37.90486526489258,16374.759765625
2015-09-04,115.65802001953124,230.29800415039065,1.1125946044921875,1120.5999755859375,37.12932586669922,16102.3798828125
2015-09-05,,235.0189971923828,,,,
2015-09-06,,239.83999633789065,,,,
2015-09-07,,239.8470001220703,1.115200161933899,,,
2015-09-08,119.27677154541016,243.60699462890625,1.1163954734802246,1120.4000244140625,38.24468994140625,16492.6796875
2015-09-09,118.23394012451172,238.16799926757807,1.1207369565963743,1102.199951171875,37.5301628112793,16253.5703125
2015-09-10,119.03614044189452,238.4770050048828,1.1220699548721311,1109.5,37.72187042236328,16330.400390625
2015-09-11,120.03440856933594,240.10699462890625,1.1290887594223022,1103.5,37.88743209838867,16433.08984375
2015-09-12,,235.22900390625,,,,
2015-09-13,,230.51199340820312,,,,
2015-09-14,119.82048034667967,230.6439971923828,1.1344043016433716,1107.699951171875,37.5040283203125,16370.9599609375
2015-09-15,121.4872589111328,230.3040008544922,1.1307612657546997,1102.800048828125,38.32310485839844,16599.849609375
2015-09-16,122.2894515991211,229.09100341796875,1.1271796226501465,1119.199951171875,38.60195541381836,16739.94921875
2015-09-17,122.51226806640624,229.80999755859372,1.12920343875885,1117.300048828125,38.558387756347656,16674.740234375
2015-09-18,121.30008697509766,232.9750061035156,1.1400948762893677,1138.0999755859375,37.88743209838867,16384.580078125
2015-09-19,,231.4929962158203,,,,
2015-09-20,,231.2120056152344,,,,
2015-09-21,121.23768615722656,227.0850067138672,1.12920343875885,1133.0999755859375,38.43640899658203,16510.189453125
2015-09-22,119.42833709716795,230.6179962158203,1.1190940141677856,1125.0,38.25340270996094,16330.4697265625
2015-09-23,117.36043548583984,230.2830047607422,1.1120749711990356,1131.5999755859375,38.22726821899414,16279.8896484375
2015-09-24,115.64909362792967,234.5290069580078,1.1189937591552734,1153.800048828125,38.26211929321289,16201.3203125
2015-09-25,116.77216339111328,235.1439971923828,1.1178929805755615,1146.0,38.28826141357422,16314.669921875
2015-09-26,,234.33999633789065,,,,
2015-09-27,,232.7570037841797,,,,
2015-09-28,114.20514678955078,239.1419982910156,1.1201720237731934,1132.0,37.72187042236328,16001.8896484375
2015-09-29,114.7577667236328,236.6869964599609,1.123103380203247,1127.0999755859375,37.852577209472656,16049.1298828125
2015-09-30,116.71866607666016,236.05999755859372,1.1255937814712524,1115.5,38.56710433959961,16284.7001953125
2015-10-01,116.41561889648438,237.5489959716797,1.11720609664917,1114.199951171875,38.8720932006836,16272.009765625
2015-10-02,118.1537094116211,237.29299926757807,1.1193444728851318,1137.0999755859375,39.7086067199707,16472.369140625
2015-10-03,,238.72999572753903,,,,
2015-10-04,,238.25900268554688,,,,
2015-10-05,119.4550552368164,240.38299560546875,1.1226998567581177,1138.0999755859375,40.63226318359375,16776.4296875
2015-10-06,119.9987564086914,246.06300354003903,1.1195199489593506,1146.800048828125,40.73683547973633,16790.189453125
2015-10-07,122.12899780273438,242.968994140625,1.1267986297607422,1149.0,40.78040313720703,16912.2890625
2015-10-08,123.92948150634766,242.3040008544922,1.1239995956420898,1144.699951171875,41.34679412841797,17050.75
2015-10-09,124.51773834228516,243.93099975585935,1.1286935806274414,1156.300048828125,41.0505256652832,17084.490234375
2015-10-10,,244.9409942626953,,,,
2015-10-11,,247.0500030517578,,,,
2015-10-12,125.39127349853516,245.30799865722656,1.1369967460632324,1164.9000244140625,40.95467376708984,17131.859375
2015-10-13,125.0436553955078,249.50799560546875,1.135550618171692,1165.800048828125,40.858829498291016,17081.890625
2015-10-14,119.63331604003906,251.98899841308597,1.138498306274414,1180.0999755859375,40.67582702636719,16924.75
2015-10-15,122.45881652832033,254.32000732421875,1.147552251815796,1187.9000244140625,40.96338272094727,17141.75
2015-10-16,122.64598846435548,262.8689880371094,1.1368157863616943,1183.5999755859375,41.39908218383789,17215.970703125
2015-10-17,,270.6400146484375,,,,
2015-10-18,,261.6430053710937,,,,
2015-10-19,123.37686157226562,263.43701171875,1.1361054182052612,1173.300048828125,41.49492645263672,17230.5390625
2015-10-20,123.786865234375,269.4630126953125,1.132900595664978,1178.0,41.625633239746094,17217.109375
2015-10-21,125.8458023071289,266.2720031738281,1.1353960037231443,1167.5999755859375,41.12894821166992,17168.609375
2015-10-22,130.40939331054688,274.02301025390625,1.134803295135498,1166.5999755859375,41.85219192504883,17489.16015625
2015-10-23,130.75701904296875,276.4960021972656,1.108094573020935,1163.300048828125,46.06965637207031,17646.69921875
2015-10-24,,281.65399169921875,,,,
2015-10-25,,283.67999267578125,,,,
2015-10-26,130.75701904296875,285.29998779296875,1.1020376682281494,1167.0,47.27214050292969,17623.05078125
2015-10-27,132.32574462890625,293.7879943847656,1.1065986156463623,1166.800048828125,46.7841796875,17581.4296875
2015-10-28,131.80877685546875,304.6180114746094,1.1037039756774902,1177.0999755859375,47.03687286376953,17779.51953125
2015-10-29,131.18487548828125,313.8550109863281,1.0928961038589478,1147.199951171875,46.49662780761719,17755.80078125
2015-10-30,131.97811889648438,328.0150146484375,1.099384307861328,1141.5,45.86923599243164,17663.5390625
2015-10-31,,314.1659851074219,,,,
2015-11-01,,325.4309997558594,,,,
2015-11-02,132.27223205566406,361.1889953613281,1.102596640586853,1135.800048828125,46.39207077026367,17828.759765625
2015-11-03,131.99594116210938,403.4169921875,1.1016006469726562,1114.199951171875,47.18501663208008,17918.150390625
2015-11-04,132.9017333984375,411.56298828125,1.0963950157165527,1106.5,47.4028549194336,17867.580078125
2015-11-05,132.70443725585938,386.35400390625,1.086802959442139,1104.4000244140625,47.38542175292969,17863.4296875
2015-11-06,132.6775665283203,374.4700012207031,1.0883997678756714,1087.5999755859375,47.85597229003906,17910.330078125
2015-11-07,,386.4819946289063,,,,
2015-11-08,,373.3680114746094,,,,
2015-11-09,130.91970825195312,380.2569885253906,1.0733413696289062,1087.9000244140625,47.1937255859375,17730.48046875
2015-11-10,130.17539978027344,336.8190002441406,1.0759514570236206,1088.199951171875,46.6273307800293,17758.2109375
2015-11-11,130.03189086914062,311.0840148925781,1.0737563371658323,1084.699951171875,46.74932861328125,17702.220703125
2015-11-12,127.83464050292967,338.1520080566406,1.0762988328933716,1080.800048828125,46.46175765991211,17448.0703125
2015-11-13,127.87948608398438,336.75299072265625,1.0815019607543943,1080.800048828125,46.04350280761719,17245.240234375
2015-11-14,,332.906005859375,,,,
2015-11-15,,320.1659851074219,,,,
2015-11-16,129.5206756591797,330.7510070800781,1.06999933719635,1083.699951171875,46.85390090942383,17483.009765625
2015-11-17,131.0094757080078,335.093994140625,1.068798542022705,1068.699951171875,46.467891693115234,17489.5
2015-11-18,132.9824981689453,334.5899963378906,1.064384698867798,1068.800048828125,47.239871978759766,17737.16015625
2015-11-19,133.84344482421875,326.14898681640625,1.066996693611145,1078.0,47.3188362121582,17732.75
2015-11-20,133.98692321777344,322.0220031738281,1.0726161003112793,1076.4000244140625,47.53813552856445,17823.810546875
2015-11-21,,326.927001953125,,,,
2015-11-22,,324.5360107421875,,,,
2015-11-23,133.0363006591797,323.0459899902344,1.0641014575958252,1066.800048828125,47.53813552856445,17792.6796875
2015-11-24,133.31431579589844,320.0459899902344,1.0642033815383911,1074.300048828125,47.590782165527344,17812.189453125
2015-11-25,132.22012329101562,328.2059936523437,1.064384698867798,1070.5,47.09952163696289,17813.390625
2015-11-26,,352.6839904785156,1.0624960660934448,,,
2015-11-27,131.7896728515625,358.0419921875,1.0604453086853027,1056.199951171875,47.310054779052734,17813.390625
2015-11-28,,357.3810119628906,,,,
2015-11-29,,371.29400634765625,,,,
2015-11-30,130.44442749023438,377.3210144042969,1.05830180644989,1065.800048828125,47.678504943847656,17719.919921875
2015-12-01,132.49819946289062,362.4880065917969,1.0572947263717651,1063.800048828125,48.44172286987305,17888.349609375
2015-12-02,131.7986602783203,359.18701171875,1.0625863075256348,1054.199951171875,48.43292999267578,17729.6796875
2015-12-03,130.5430908203125,361.0459899902344,1.0613007545471191,1061.699951171875,47.54692077636719,17477.669921875
2015-12-04,133.1797637939453,363.1830139160156,1.0915957689285278,1084.5,49.047019958496094,17847.630859375
2015-12-05,,388.9490051269531,,,,
2015-12-06,,388.7829895019531,,,,
2015-12-07,133.13491821289062,395.5360107421875,1.0883997678756714,1076.4000244140625,48.95928955078125,17730.509765625
2015-12-08,130.03189086914062,415.56298828125,1.0834001302719116,1076.300048828125,48.94174957275391,17568.0
2015-12-09,129.35926818847656,417.56298828125,1.0893957614898682,1077.5999755859375,48.23117446899414,17492.30078125
2015-12-10,131.3053741455078,415.47900390625,1.1017948389053345,1073.0999755859375,48.48556900024414,17574.75
2015-12-11,129.70005798339844,451.93798828125,1.0948106050491333,1076.9000244140625,47.42411422729492,17265.2109375
2015-12-12,,434.99700927734375,,,,
2015-12-13,,433.7550048828125,,,,
2015-12-14,128.24717712402344,444.1820068359375,1.0983941555023191,1064.699951171875,48.37153244018555,17368.5
2015-12-15,131.41305541992188,465.3210144042969,1.0992997884750366,1062.9000244140625,48.42417144775391,17524.91015625
2015-12-16,132.83004760742188,454.9339904785156,1.0936251878738403,1078.0,49.240020751953125,17749.08984375
2015-12-17,130.5430908203125,456.0780029296875,1.087453007698059,1050.800048828125,48.86278533935547,17495.83984375
2015-12-18,125.18001556396484,463.6159973144531,1.0844104290008545,1066.199951171875,47.48551559448242,17128.55078125
2015-12-19,,462.3219909667969,,,,
2015-12-20,,442.68499755859375,,,,
2015-12-21,126.36383056640624,438.6390075683594,1.0869920253753662,1081.9000244140625,48.09958267211914,17251.619140625
2015-12-22,127.691162109375,436.5719909667969,1.09129798412323,1074.800048828125,48.555755615234375,17417.26953125
2015-12-23,129.1978302001953,442.4010009765625,1.0950024127960205,1069.4000244140625,48.96805191040039,17602.609375
2015-12-24,128.72250366210938,454.9849853515625,1.0909169912338257,1077.199951171875,48.83646774291992,17552.169921875
2015-12-25,,455.6530151367188,1.0969964265823364,,,
2015-12-26,,417.2739868164063,,,,
2015-12-27,,422.822998046875,,,,
2015-12-28,129.6282958984375,422.2789916992188,1.0965994596481323,1070.5,49.08210372924805,17528.26953125
2015-12-29,132.14842224121094,432.9830017089844,1.0975261926651,1077.5,49.60845184326172,17720.98046875
2015-12-30,131.3053741455078,426.6199951171875,1.0928006172180176,1060.0999755859375,49.39791488647461,17603.869140625
2015-12-31,129.67315673828125,430.5669860839844,1.093398094177246,1060.300048828125,48.66979217529297,17425.029296875
2016-01-01,,434.3340148925781,1.0859060287475586,,,
2016-01-02,,433.43798828125,,,,
2016-01-03,,430.010986328125,,,,
2016-01-04,126.00511169433594,433.0910034179688,1.085399150848389,1075.0999755859375,48.0732650756836,17148.939453125
2016-01-05,126.51630401611328,431.9599914550781,1.0827549695968628,1078.4000244140625,48.2925910949707,17158.66015625
2016-01-06,124.50740814208984,429.1050109863281,1.0751993656158447,1091.9000244140625,47.41533660888672,16906.509765625
2016-01-07,119.28780364990234,458.0480041503906,1.0778998136520386,1107.699951171875,45.76610565185547,16514.099609375
2016-01-08,116.57939910888672,453.2300109863281,1.0925976037979126,1097.800048828125,45.90646362304688,16346.4501953125
2016-01-09,,447.6109924316406,,,,
2016-01-10,,447.9909973144531,,,,
2016-01-11,116.77669525146484,448.4280090332031,1.0941038131713867,1096.5,45.8801383972168,16398.5703125
2016-01-12,118.31026458740234,435.6900024414063,1.0857999324798584,1085.5999755859375,46.301231384277344,16516.220703125
2016-01-13,114.90231323242188,432.3710021972656,1.0843987464904783,1087.5,45.30116653442383,16151.41015625
2016-01-14,115.87090301513672,430.3059997558594,1.0886012315750122,1073.9000244140625,46.59072494506836,16379.0498046875
2016-01-15,112.66918182373048,364.33099365234375,1.085894227027893,1091.5,44.73094940185547,15988.080078125
2016-01-16,,387.5360107421875,,,,
2016-01-17,,382.2990112304688,,,,
2016-01-18,,387.1679992675781,1.0920010805130005,,,
2016-01-19,113.0548324584961,380.1489868164063,1.0895025730133057,1089.9000244140625,44.35372161865234,16016.01953125
2016-01-20,109.53925323486328,420.2300109863281,1.09129798412323,1107.0999755859375,44.55550384521485,15766.740234375
2016-01-21,110.66925811767578,410.2619934082031,1.0877013206481934,1099.0999755859375,44.28354644775391,15882.6796875
2016-01-22,111.7544174194336,382.4920043945313,1.0862009525299072,1097.199951171875,45.871376037597656,16093.509765625
2016-01-23,,387.4909973144531,,,,
2016-01-24,,402.9710083007813,,,,
2016-01-25,111.21631622314452,391.72601318359375,1.079901933670044,1106.199951171875,45.432743072509766,15885.2197265625
2016-01-26,114.80364990234376,392.1530151367188,1.0853049755096436,1121.699951171875,45.76610565185547,16167.23046875
2016-01-27,104.55286407470705,394.9719848632813,1.086495876312256,1116.0999755859375,44.932708740234375,15944.4599609375
2016-01-28,105.8353271484375,380.28900146484375,1.090798020362854,1115.5999755859375,45.66961288452149,16069.6396484375
2016-01-29,107.73661041259766,379.4739990234375,1.0936970710754397,1116.4000244140625,48.32767868041992,16466.30078125
2016-01-30,,378.2550048828125,,,,
2016-01-31,,368.7669982910156,,,,
2016-02-01,109.01908111572266,373.0559997558594,1.0825908184051514,1127.9000244140625,47.99431228637695,16449.1796875
2016-02-02,105.3958740234375,374.447998046875,1.0897282361984253,1127.300048828125,46.49422073364258,16153.5400390625
2016-02-03,109.2970962524414,369.9490051269531,1.0922038555145264,1141.300048828125,45.75732803344727,16336.66015625
2016-02-04,110.85759735107422,389.593994140625,1.1091023683547974,1157.5999755859375,45.616973876953125,16416.580078125
2016-02-05,109.91590881347656,386.5490112304688,1.119996428489685,1157.800048828125,44.00283050537109,16204.9697265625
2016-02-06,,376.5220031738281,,,,
2016-02-07,,376.6199951171875,,,,
2016-02-08,107.14470672607422,373.4469909667969,1.114504098892212,1197.9000244140625,43.34489440917969,16027.0498046875
2016-02-09,106.61557006835938,376.0289916992188,1.1189812421798706,1198.699951171875,43.23085403442383,16014.3798828125
2016-02-10,105.32122039794922,381.6489868164063,1.1289994716644287,1194.699951171875,43.60806655883789,15914.740234375
2016-02-11,98.15259552001952,379.6539916992188,1.128095269203186,1247.9000244140625,43.59050750732422,15660.1796875
2016-02-12,98.3245620727539,384.2630004882813,1.1317979097366333,1239.0999755859375,44.30109024047852,15973.83984375
2016-02-13,,391.8599853515625,,,,
2016-02-14,,407.2300109863281,,,,
2016-02-15,,400.18499755859375,1.1225990056991575,,,
2016-02-16,101.9179229736328,407.4880065917969,1.1174057722091677,1207.9000244140625,45.14046096801758,16196.41015625
2016-02-17,105.30311584472656,416.3219909667969,1.1147029399871826,1211.0999755859375,46.31558609008789,16453.830078125
2016-02-18,106.41644287109376,422.37298583984375,1.112297534942627,1226.0999755859375,46.11236190795898,16413.4296875
2016-02-19,104.2350616455078,420.7850036621094,1.1110987663269043,1230.4000244140625,45.785457611083984,16391.990234375
2016-02-20,,437.16400146484375,,,,
2016-02-21,,438.7980041503906,,,,
2016-02-22,106.25350952148438,437.74798583984375,1.1123965978622437,1209.5,46.51880645751953,16620.66015625
2016-02-23,105.80999755859376,420.7359924316406,1.102803349494934,1222.300048828125,45.21998596191406,16431.779296875
2016-02-24,104.62428283691406,424.9549865722656,1.1027060747146606,1238.699951171875,45.37902069091797,16484.990234375
2016-02-25,105.73758697509766,424.54400634765625,1.1013944149017334,1238.199951171875,46.03285217285156,16697.2890625
2016-02-26,106.95046997070312,432.1520080566406,1.1024993658065796,1219.800048828125,45.32601547241211,16639.970703125
2016-02-27,,432.5190124511719,,,,
2016-02-28,,433.5039978027344,,,,
2016-02-29,106.96857452392578,437.6969909667969,1.0923947095870972,1233.9000244140625,44.95492172241211,16516.5
2016-03-01,108.57970428466795,435.12298583984375,1.0888975858688354,1230.300048828125,46.45695495605469,16865.080078125
2016-03-02,108.2991180419922,423.989013671875,1.0875948667526243,1241.0999755859375,46.78386688232422,16899.3203125
2016-03-03,108.26290130615234,421.6510009765625,1.086897373199463,1257.4000244140625,46.25373458862305,16943.900390625
2016-03-04,109.58440399169922,410.9389953613281,1.094894528388977,1269.9000244140625,45.970985412597656,17006.76953125
2016-03-05,,400.5700073242188,,,,
2016-03-06,,407.7070007324219,,,,
2016-03-07,111.24080657958984,414.3210144042969,1.0993964672088623,1263.199951171875,45.08744812011719,17073.94921875
2016-03-08,110.74297332763672,413.9719848632813,1.1016006469726562,1262.0999755859375,45.63525772094727,16964.099609375
2016-03-09,111.20458984375,414.8599853515625,1.1004005670547483,1256.5999755859375,46.686668395996094,17000.359375
2016-03-10,111.2770004272461,417.1310119628906,1.0989010334014893,1272.0,45.98867416381836,16995.130859375
2016-03-11,112.8066635131836,421.6900024414063,1.1178430318832395,1258.699951171875,46.88988876342773,17213.310546875
2016-03-12,,411.6239929199219,,,,
2016-03-13,,414.0650024414063,,,,
2016-03-14,114.3544464111328,416.43798828125,1.1167943477630615,1244.4000244140625,46.978248596191406,17229.130859375
2016-03-15,114.37255096435548,416.8299865722656,1.1101982593536377,1230.4000244140625,47.34933853149414,17251.529296875
2016-03-16,115.4677734375,417.010986328125,1.1109012365341189,1229.300048828125,48.02083206176758,17325.759765625
2016-03-17,118.3008270263672,420.6210021972656,1.1218937635421753,1264.5,48.29472732543945,17481.490234375
2016-03-18,121.25159454345705,409.5480041503906,1.1317979097366333,1253.800048828125,47.26098251342773,17602.30078125
2016-03-19,,410.4440002441406,,,,
2016-03-20,,413.7550048828125,,,,
2016-03-21,122.97129821777344,413.3070068359375,1.1279042959213257,1243.800048828125,47.58789443969727,17623.869140625
2016-03-22,122.30152893066406,418.0889892578125,1.1235954761505127,1248.199951171875,47.7734375,17582.5703125
2016-03-23,120.25589752197266,418.0409851074219,1.122296690940857,1223.699951171875,47.685089111328125,17502.58984375
2016-03-24,119.58611297607422,416.3940124511719,1.118105411529541,1221.4000244140625,47.89714050292969,17515.73046875
2016-03-25,,417.177001953125,1.1167943477630615,,,
2016-03-26,,417.9450073242188,,,,
2016-03-27,,426.7650146484375,,,,
2016-03-28,118.83484649658205,424.2309875488281,1.1159967184066772,1219.9000244140625,47.30515670776367,17535.390625
2016-03-29,118.46375274658205,416.5159912109375,1.1202723979949951,1235.5999755859375,48.33891296386719,17633.109375
2016-03-30,116.38195037841795,414.8160095214844,1.12920343875885,1226.9000244140625,48.63932037353516,17716.66015625
2016-03-31,114.89752197265624,416.72900390625,1.1334655284881592,1234.199951171875,48.79834365844727,17685.08984375
2016-04-01,114.91563415527344,417.9599914550781,1.1379671096801758,1222.199951171875,49.098758697509766,17792.75
2016-04-02,,420.87298583984375,,,,
2016-04-03,,420.9039916992188,,,,
2016-04-04,114.3544464111328,421.4440002441406,1.1390039920806885,1218.0,48.97506713867188,17737.0
2016-04-05,114.97898864746094,424.0299987792969,1.1389002799987793,1228.4000244140625,48.20638275146485,17603.3203125
2016-04-06,115.79359436035156,423.4129943847656,1.138200283050537,1222.5,48.70116424560547,17716.05078125
2016-04-07,114.95184326171876,422.7449951171875,1.1404979228973389,1236.199951171875,48.11801528930664,17541.9609375
2016-04-08,115.74834442138672,420.3489990234375,1.1373976469039917,1242.5,48.08267593383789,17576.9609375
2016-04-09,,419.4110107421875,,,,
2016-04-10,,421.5639953613281,,,,
2016-04-11,115.77550506591795,422.4830017089844,1.1403028964996338,1256.699951171875,47.985496520996094,17556.41015625
2016-04-12,117.1875228881836,425.1900024414063,1.141291856765747,1259.4000244140625,48.285892486572266,17721.25
2016-04-13,118.69908905029295,423.7340087890625,1.138498306274414,1246.800048828125,48.90437698364258,17908.279296875
2016-04-14,118.4366226196289,424.2820129394531,1.1279042959213257,1225.0,48.91321563720703,17926.4296875
2016-04-15,118.69002532958984,429.7130126953125,1.1270017623901367,1233.0999755859375,49.16944122314453,17897.4609375
2016-04-16,,430.5719909667969,,,,
2016-04-17,,427.3989868164063,,,,
2016-04-18,119.45035552978516,428.5910034179688,1.1299946308135986,1233.5999755859375,49.8851203918457,18004.16015625
2016-04-19,120.09298706054688,435.5090026855469,1.1309019327163696,1253.0,49.8232536315918,18053.599609375
2016-04-20,118.18316650390624,441.3890075683594,1.1359634399414062,1253.199951171875,49.116432189941406,18096.26953125
2016-04-21,118.33704376220705,449.4249877929688,1.1305055618286133,1249.0,49.2843017578125,17982.51953125
2016-04-22,118.61763763427734,445.7369995117188,1.12920343875885,1228.699951171875,45.75010681152344,18003.75
2016-04-23,,450.2820129394531,,,,
2016-04-24,,458.5549926757813,,,,
2016-04-25,118.3460922241211,461.4259948730469,1.123406171798706,1238.9000244140625,46.04169464111328,17977.240234375
2016-04-26,120.59988403320312,466.0889892578125,1.1269001960754397,1242.199951171875,45.44969940185547,17990.3203125
2016-04-27,124.07554626464844,444.68701171875,1.1299052238464355,1249.199951171875,45.0079345703125,18041.55078125
2016-04-28,122.01189422607422,449.010986328125,1.132900595664978,1265.5,44.08904266357422,17830.759765625
2016-04-29,122.01189422607422,455.0969848632813,1.135589361190796,1289.199951171875,44.06252670288086,17773.640625
2016-04-30,,448.3179931640625,,,,
2016-05-01,,451.875,,,,
2016-05-02,121.29682159423828,444.66900634765625,1.146302580833435,1294.699951171875,44.71636199951172,17891.16015625
2016-05-03,119.92103576660156,450.3039855957031,1.1524986028671265,1290.699951171875,43.98301696777344,17750.91015625
2016-05-04,118.47281646728516,446.7219848632813,1.1504037380218506,1273.300048828125,44.06252670288086,17651.259765625
2016-05-05,119.54991149902344,447.97601318359375,1.1493064165115356,1271.4000244140625,44.12438583374024,17660.7109375
2016-05-06,120.61795043945312,459.6029968261719,1.1406019926071167,1292.9000244140625,44.52198028564453,17740.630859375
2016-05-07,,458.5360107421875,,,,
2016-05-08,,458.5480041503906,,,,
2016-05-09,119.5680160522461,460.4830017089844,1.13879656791687,1265.5999755859375,44.2392463684082,17705.91015625
2016-05-10,121.93946838378906,450.8949890136719,1.13879656791687,1263.9000244140625,45.07861709594727,17928.349609375
2016-05-11,121.36457061767578,452.7279968261719,1.1374363899230957,1274.5999755859375,45.10513305664063,17711.119140625
2016-05-12,122.66036224365234,454.7659912109375,1.142700433731079,1270.300048828125,45.51156234741211,17720.5
2016-05-13,120.5615463256836,455.6700134277344,1.1376951932907104,1271.9000244140625,45.13164138793945,17535.3203125
2016-05-14,,455.6709899902344,,,,
2016-05-15,,457.5679931640625,,,,
2016-05-16,122.40484619140624,454.1629943847656,1.1316953897476196,1273.4000244140625,45.79429626464844,17710.7109375
2016-05-17,120.96306610107422,453.7829895019531,1.1316057443618774,1276.199951171875,44.940162658691406,17529.98046875
2016-05-18,119.53042602539062,454.6189880371094,1.1316057443618774,1273.699951171875,45.20707321166992,17526.619140625
2016-05-19,116.875,438.7149963378906,1.122296690940857,1254.199951171875,44.771114349365234,17435.400390625
2016-05-20,116.24536895751952,442.6759948730469,1.1205987930297852,1252.4000244140625,45.03801345825195,17500.939453125
2016-05-21,,443.18798828125,,,,
2016-05-22,,439.322998046875,,,,
2016-05-23,116.4187469482422,444.1549987792969,1.1221708059310913,1251.0999755859375,44.5130729675293,17492.9296875
2016-05-24,116.34573364257812,445.9809875488281,1.121604323387146,1228.9000244140625,45.90105438232422,17706.05078125
2016-05-25,117.5867691040039,449.5989990234375,1.113796591758728,1223.5,46.37261581420898,17851.509765625
2016-05-26,117.99739837646484,453.3840026855469,1.1158970594406128,1220.0999755859375,46.16796875,17828.2890625
2016-05-27,117.91526794433594,473.4639892578125,1.1192066669464111,1213.800048828125,46.55056381225586,17873.220703125
2016-05-28,,530.0399780273438,,,,
2016-05-29,,526.2329711914062,,,,
2016-05-30,,533.864013671875,1.1110000610351562,,,
2016-05-31,115.11385345458984,531.385986328125,1.1148396730422974,1214.800048828125,47.155574798583984,17787.19921875
2016-06-01,115.35110473632812,536.9199829101562,1.113598108291626,1211.9000244140625,47.02212142944336,17789.669921875
2016-06-02,115.75260162353516,537.9719848632812,1.1189061403274536,1209.800048828125,46.69292831420898,17838.560546875
2016-06-03,116.23623657226562,569.1939697265625,1.115200161933899,1240.0999755859375,46.07900619506836,17807.060546875
2016-06-04,,572.7269897460938,,,,
2016-06-05,,574.9769897460938,,,,
2016-06-06,120.3607940673828,585.5369873046875,1.1350995302200315,1244.5999755859375,46.38151550292969,17920.330078125
2016-06-07,120.38818359375,576.5969848632812,1.1364023685455322,1244.4000244140625,46.35482406616211,17938.279296875
2016-06-08,121.36457061767578,581.64501953125,1.1357828378677368,1259.800048828125,46.30142974853516,18005.05078125
2016-06-09,121.4558334350586,574.6300048828125,1.140706181526184,1270.199951171875,45.92775344848633,17985.189453125
2016-06-10,119.6672821044922,577.469970703125,1.131503343582153,1273.4000244140625,45.80318832397461,17865.33984375
2016-06-11,,606.7269897460938,,,,
2016-06-12,,672.7839965820312,,,,
2016-06-13,118.55403900146484,704.3759765625,1.1239995956420898,1284.4000244140625,44.610958099365234,17732.48046875
2016-06-14,119.08328247070312,685.5590209960938,1.1291015148162842,1285.5999755859375,44.33514404296875,17674.8203125
2016-06-15,118.77304077148438,694.468994140625,1.1213024854660034,1285.800048828125,44.210567474365234,17640.169921875
2016-06-16,118.05213928222656,766.3079833984375,1.1262656450271606,1296.0999755859375,44.8333854675293,17733.099609375
2016-06-17,118.46278381347656,748.9089965820312,1.1252011060714722,1292.5,44.6020622253418,17675.16015625
2016-06-18,,756.2269897460938,,,,
2016-06-19,,763.781005859375,,,,
2016-06-20,121.1364517211914,737.2260131835938,1.13490629196167,1290.0,44.54866790771485,17804.869140625
2016-06-21,120.01406860351562,666.6519775390625,1.1322976350784302,1270.5,45.545166015625,17829.73046875
2016-06-22,120.24219512939452,596.1160278320312,1.1250618696212769,1268.0,45.367225646972656,17780.830078125
2016-06-23,121.86647033691406,623.9769897460938,1.1328235864639282,1261.199951171875,46.185768127441406,18011.0703125
2016-06-24,115.4514617919922,665.2990112304688,1.1324002742767334,1320.0,44.33514404296875,17400.75
2016-06-25,,665.1229858398438,,,,
2016-06-26,,629.3670043945312,,,,
2016-06-27,111.96565246582033,655.2750244140625,1.103594422340393,1322.5,43.08952331542969,17140.240234375
2016-06-28,113.0515594482422,647.0009765625,1.1015034914016724,1315.300048828125,43.98813629150391,17409.720703125
2016-06-29,115.88035583496094,639.8900146484375,1.1073951721191406,1323.9000244140625,44.96683883666992,17694.6796875
2016-06-30,118.50838470458984,673.3369750976562,1.1128050088882446,1318.4000244140625,45.5273666381836,17929.990234375
2016-07-01,118.34416198730467,676.2960205078125,1.1106051206588743,1336.699951171875,45.51847839355469,17949.369140625
2016-07-02,,703.7020263671875,,,,
2016-07-03,,658.6640014648438,,,,
2016-07-04,,683.6619873046875,1.1131023168563845,,,
2016-07-05,115.8621063232422,670.6270141601562,1.1146035194396973,1356.4000244140625,45.5273666381836,17840.619140625
2016-07-06,115.85299682617188,677.3309936523438,1.1065007448196411,1364.9000244140625,45.71421051025391,17918.619140625
2016-07-07,116.04461669921876,640.56201171875,1.1099025011062622,1360.0999755859375,45.71421051025391,17895.880859375
2016-07-08,118.70915985107422,666.5230102539062,1.1065741777420044,1356.5999755859375,46.53276062011719,18146.740234375
2016-07-09,,650.9600219726562,,,,
2016-07-10,,649.3599853515625,,,,
2016-07-11,120.4885482788086,647.6589965820312,1.1043988466262815,1355.0,46.790775299072266,18226.9296875
2016-07-12,119.36614990234376,664.551025390625,1.1058032512664795,1334.0999755859375,47.3424186706543,18347.669921875
2016-07-13,118.7274169921875,654.468017578125,1.1062926054000854,1342.4000244140625,47.609317779541016,18372.119140625
2016-07-14,120.04143524169922,658.0780029296875,1.1094961166381836,1331.300048828125,47.81397247314453,18506.41015625
2016-07-15,120.8079605102539,663.2550048828125,1.1106051206588743,1326.5,47.77838897705078,18516.55078125
2016-07-16,,660.7670288085938,,,,
2016-07-17,,679.458984375,,,,
2016-07-18,121.75695037841795,673.1060180664062,1.1053143739700315,1328.4000244140625,48.009708404541016,18533.05078125
2016-07-19,122.87940216064452,672.864013671875,1.1071866750717163,1331.5,47.23565673828125,18559.009765625
2016-07-20,122.93411254882812,665.6849975585938,1.1013579368591309,1318.800048828125,49.74467849731445,18595.029296875
2016-07-21,121.84820556640624,665.0120239257812,1.1019526720046997,1330.5,49.64682388305664,18517.23046875
2016-07-22,121.79344177246094,650.6190185546875,1.1032899618148804,1323.0999755859375,50.33190155029297,18570.849609375
2016-07-23,,655.5560302734375,,,,
2016-07-24,,661.2849731445312,,,,
2016-07-25,121.30984497070312,654.0969848632812,1.097044587135315,1319.300048828125,50.47425079345703,18493.060546875
2016-07-26,123.05274200439452,651.7839965820312,1.09911847114563,1320.699951171875,50.500953674316406,18473.75
2016-07-27,124.06560516357422,654.3519897460938,1.098780393600464,1326.5999755859375,49.993797302246094,18472.169921875
2016-07-28,121.37370300292967,655.0349731445312,1.1073460578918457,1332.300048828125,50.01158905029297,18456.349609375
2016-07-29,121.96682739257812,656.9920043945312,1.108438491821289,1349.0,50.42976760864258,18432.240234375
2016-07-30,,655.0469970703125,,,,
2016-07-31,,624.6810302734375,,,,
2016-08-01,121.55622100830078,606.27197265625,1.1168068647384644,1351.4000244140625,50.34078598022461,18404.509765625
2016-08-02,120.08707427978516,547.4650268554688,1.1168068647384644,1364.4000244140625,50.34078598022461,18313.76953125
2016-08-03,120.3334503173828,566.35498046875,1.121906280517578,1356.0999755859375,50.68778991699219,18355.0
2016-08-04,119.73117065429688,578.2890014648438,1.1151504516601562,1358.800048828125,51.06148910522461,18352.05078125
2016-08-05,120.2056884765625,575.0430297851562,1.1134741306304932,1336.4000244140625,51.56863784790039,18543.529296875
2016-08-06,,587.7780151367188,,,,
2016-08-07,,592.6900024414062,,,,
2016-08-08,120.62541961669922,591.0540161132812,1.1089547872543335,1333.4000244140625,51.65760040283203,18529.2890625
2016-08-09,121.01781463623048,587.801025390625,1.108364820480347,1339.0,51.78215789794922,18533.05078125
2016-08-10,121.7078857421875,592.10302734375,1.111580491065979,1344.300048828125,51.62199401855469,18495.66015625
2016-08-11,122.37033081054688,589.1199951171875,1.1186434030532837,1342.5,51.871131896972656,18613.51953125
2016-08-12,122.46234893798828,587.5590209960938,1.113908290863037,1335.800048828125,51.55081558227539,18576.470703125
2016-08-13,,585.5880126953125,,,,
2016-08-14,,570.4730224609375,,,,
2016-08-15,123.897705078125,567.239990234375,1.1166945695877075,1340.300048828125,51.710975646972656,18636.05078125
2016-08-16,124.2104721069336,577.4390258789062,1.11840558052063,1350.5,51.42449188232422,18552.01953125
2016-08-17,123.95287322998048,573.2160034179688,1.1275991201400757,1342.699951171875,51.53192901611328,18573.939453125
2016-08-18,124.2104721069336,574.3179931640625,1.1298924684524536,1351.199951171875,51.56772613525391,18597.69921875
2016-08-19,123.69525146484376,575.6300048828125,1.1349449157714844,1340.4000244140625,51.585636138916016,18552.5703125
2016-08-20,,581.697021484375,,,,
2016-08-21,,581.3079833984375,,,,
2016-08-22,124.2012939453125,586.7529907226562,1.1298158168792725,1337.699951171875,51.63040542602539,18529.419921875
2016-08-23,123.41921997070312,583.4149780273438,1.1319260597229004,1340.5999755859375,51.827369689941406,18547.30078125
2016-08-24,122.63714599609376,580.1820068359375,1.1300839185714722,1324.4000244140625,51.881080627441406,18481.48046875
2016-08-25,122.35192108154295,577.760986328125,1.1263798475265503,1320.0999755859375,52.078033447265625,18448.41015625
2016-08-26,121.661865234375,579.6510009765625,1.1290504932403564,1321.5,51.95270919799805,18395.400390625
2016-08-27,,569.947021484375,,,,
2016-08-28,,573.9119873046875,,,,
2016-08-29,122.27830505371094,574.1069946289062,1.1199462413787842,1322.9000244140625,52.015380859375,18502.990234375
2016-08-30,120.35535430908205,577.5029907226562,1.1192818880081177,1311.699951171875,51.827369689941406,18454.30078125
2016-08-31,119.10405731201172,575.4719848632812,1.1153244972229004,1306.9000244140625,51.442413330078125,18400.880859375
2016-09-01,119.51810455322266,572.302978515625,1.116071343421936,1312.199951171875,51.55878448486328,18419.30078125
2016-09-02,120.67738342285156,575.5369873046875,1.1200717687606812,1322.0999755859375,51.63040542602539,18491.9609375
2016-09-03,,598.2119750976562,,,,
2016-09-04,,608.6339721679688,,,,
2016-09-05,,606.5900268554688,1.1161960363388062,,,
2016-09-06,122.36116027832033,610.4359741210938,1.1153244972229004,1349.4000244140625,51.576690673828125,18538.119140625
2016-09-07,122.03907775878906,614.5440063476562,1.1253657341003418,1344.300048828125,51.6214485168457,18526.140625
2016-09-08,122.27830505371094,626.3159790039062,1.1241008043289185,1336.800048828125,51.41553497314453,18479.91015625
2016-09-09,118.2575912475586,622.8610229492188,1.1271415948867798,1330.0999755859375,50.32329559326172,18085.44921875
2016-09-10,,623.5089721679688,,,,
2016-09-11,,606.718994140625,,,,
2016-09-12,119.7204818725586,608.2429809570312,1.1241133213043213,1321.0,51.075340270996094,18325.0703125
2016-09-13,118.46920013427734,609.2410278320312,1.124353528022766,1319.0,50.60978317260742,18066.75
2016-09-14,117.4663314819336,610.6840209960938,1.12186861038208,1321.5,50.36806869506836,18034.76953125
2016-09-15,117.55831909179688,607.155029296875,1.1247328519821167,1313.5,51.20066833496094,18212.48046875
2016-09-16,116.5738296508789,606.9730224609375,1.124593734741211,1305.800048828125,51.254390716552734,18123.80078125
2016-09-17,,605.9840087890625,,,,
2016-09-18,,609.8740234375,,,,
2016-09-19,117.29150390625,609.2269897460938,1.11584734916687,1313.5,50.967899322509766,18120.169921875
2016-09-20,117.57672882080078,608.31201171875,1.118067979812622,1313.699951171875,50.8604621887207,18129.9609375
2016-09-21,120.12533569335938,597.1489868164062,1.1153992414474487,1326.9000244140625,51.71097183227539,18293.69921875
2016-09-22,121.33064270019533,596.2979736328125,1.1193194389343262,1340.4000244140625,51.76469039916992,18392.4609375
2016-09-23,121.24781799316406,602.8419799804688,1.1210134029388428,1337.199951171875,51.41553497314453,18261.44921875
2016-09-24,,602.625,,,,
2016-09-25,,600.8259887695312,,,,
2016-09-26,120.13455963134766,608.0430297851562,1.123923897743225,1339.699951171875,50.9410400390625,18094.830078125
2016-09-27,120.82460021972656,606.166015625,1.124985933303833,1325.9000244140625,51.881080627441406,18228.30078125
2016-09-28,121.661865234375,604.72802734375,1.121956706047058,1319.4000244140625,51.95270919799805,18339.240234375
2016-09-29,120.55775451660156,605.6929931640625,1.1224982738494873,1321.699951171875,51.388671875,18143.44921875
2016-09-30,121.2110366821289,609.7349853515625,1.121956706047058,1313.300048828125,51.56772613525391,18308.150390625
2016-10-01,,613.9829711914062,,,,
2016-10-02,,610.8920288085938,,,,
2016-10-03,121.79989624023438,612.1329956054688,1.1234692335128784,1309.0,51.40657043457031,18253.849609375
2016-10-04,121.68025970458984,610.2039794921875,1.121038556098938,1266.300048828125,51.24543380737305,18168.44921875
2016-10-05,123.897705078125,612.510986328125,1.121076226234436,1265.199951171875,51.60354232788086,18281.029296875
2016-10-06,123.67684936523438,613.02099609375,1.120824933052063,1249.800048828125,51.69307708740234,18268.5
2016-10-07,123.15242004394533,617.1209716796875,1.1144545078277588,1248.9000244140625,51.74679183959961,18240.490234375
2016-10-08,,619.1079711914062,,,,
2016-10-09,,616.7520141601562,,,,
2016-10-10,124.98332977294922,618.9940185546875,1.1196954250335691,,51.961647033691406,18329.0390625
2016-10-11,123.05120849609376,641.072021484375,1.1140819787979126,1253.0,51.20066833496094,18128.66015625
2016-10-12,122.51751708984376,636.1920166015625,1.1061947345733645,1251.0999755859375,51.12905502319336,18144.19921875
2016-10-13,122.719970703125,636.7860107421875,1.1011881828308103,1255.0,50.95893478393555,18098.939453125
2016-10-14,122.8303680419922,640.3779907226562,1.1049723625183103,1253.0999755859375,51.40657043457031,18138.380859375
2016-10-15,,638.64599609375,,,,
2016-10-16,,641.6309814453125,,,,
2016-10-17,123.2904052734375,639.1929931640625,1.0967799425125122,1254.4000244140625,51.2275390625,18086.400390625
2016-10-18,124.30248260498048,637.9600219726562,1.1015641689300537,1260.800048828125,51.6214485168457,18161.939453125
2016-10-19,125.29620361328124,630.52001953125,1.0976948738098145,1267.9000244140625,51.50506591796875,18202.619140625
2016-10-20,124.98332977294922,630.8569946289062,1.0975141525268557,1265.5999755859375,51.254390716552734,18162.349609375
2016-10-21,124.79015350341795,632.8280029296875,1.0930395126342771,1265.9000244140625,53.41200256347656,18145.7109375
2016-10-22,,657.2940063476562,,,,
2016-10-23,,657.0709838867188,,,,
2016-10-24,126.46467590332033,653.760986328125,1.0882576704025269,1262.0,54.61166763305664,18223.029296875
2016-10-25,127.9092025756836,657.5880126953125,1.0875475406646729,1271.9000244140625,54.60271072387695,18169.26953125
2016-10-26,133.90809631347656,678.3040161132812,1.0887316465377808,1264.800048828125,54.28040313720703,18199.330078125
2016-10-27,131.85633850097656,688.31298828125,1.091202735900879,1267.9000244140625,53.805912017822266,18169.6796875
2016-10-28,131.58030700683594,689.6510009765625,1.0900371074676514,1275.5,53.60000228881836,18161.189453125
2016-10-29,,714.47900390625,,,,
2016-10-30,,701.864013671875,,,,
2016-10-31,131.0466766357422,700.9719848632812,1.0984665155410769,1271.5,53.6447639465332,18142.419921875
2016-11-01,131.0282745361328,729.7930297851562,1.0973334312438965,1286.4000244140625,53.537330627441406,18037.099609375
2016-11-02,129.5009002685547,740.8289794921875,1.105705499649048,1306.800048828125,53.20608139038086,17959.640625
2016-11-03,128.82928466796875,688.7000122070312,1.1097548007965088,1302.0999755859375,53.00912094116211,17930.669921875
2016-11-04,128.38763427734375,703.2349853515625,1.1102476119995115,1303.300048828125,52.56149673461914,17888.279296875
2016-11-05,,703.4180297851562,,,,
2016-11-06,,711.52197265625,,,,
2016-11-07,131.59869384765625,703.1309814453125,1.1101243495941162,1278.300048828125,54.09239959716797,18259.599609375
2016-11-08,131.83975219726562,709.8480224609375,1.1052166223526,1273.4000244140625,54.137168884277344,18332.740234375
2016-11-09,134.51919555664062,723.2730102539062,1.1019041538238523,1272.5999755859375,53.86858367919922,18589.689453125
2016-11-10,136.92977905273438,715.5339965820312,1.092060685157776,1265.5,52.55253982543945,18807.880859375
2016-11-11,137.6992950439453,716.4110107421875,1.0889687538146973,,52.83903503417969,18847.66015625
2016-11-12,,705.0540161132812,,,,
2016-11-13,,702.031005859375,,,,
2016-11-14,139.0622100830078,705.02099609375,1.0824854373931885,1221.199951171875,52.03327178955078,18868.689453125
2016-11-15,137.31918334960938,711.6190185546875,1.0750375986099243,1224.0,53.060791015625,18923.060546875
2016-11-16,135.77084350585938,744.197998046875,1.0727311372756958,1223.4000244140625,53.763816833496094,18868.140625
2016-11-17,134.74171447753906,740.9769897460938,1.0706638097763062,1216.5,54.65612030029297,18903.8203125
2016-11-18,135.6874237060547,751.5850219726562,1.062304139137268,1208.5,54.39472961425781,18867.9296875
2016-11-19,,751.6160278320312,,,,
2016-11-20,,731.0260009765625,,,,
2016-11-21,136.30862426757812,739.2479858398438,1.0584250688552856,1209.5999755859375,54.85440826416016,18956.689453125
2016-11-22,138.62646484375,751.3469848632812,1.0638864040374756,1211.0,55.08876037597656,19023.869140625
2016-11-23,138.8303985595703,744.593994140625,1.0633772611618042,1189.0999755859375,54.4398078918457,19083.1796875
2016-11-24,,740.2890014648438,1.0545185804367063,,,
2016-11-25,139.10855102539062,741.6489868164062,1.0561892986297607,1178.199951171875,54.55697250366211,19152.140625
2016-11-26,,735.3820190429688,,,,
2016-11-27,,732.0349731445312,,,,
2016-11-28,138.8582305908203,735.81298828125,1.0612331628799438,1190.5999755859375,54.62907791137695,19097.900390625
2016-11-29,140.59197998046875,735.60400390625,1.062134861946106,1187.9000244140625,55.06171417236328,19121.599609375
2016-11-30,139.59068298339844,745.6909790039062,1.0648492574691772,1170.800048828125,54.313621520996094,19123.580078125
2016-12-01,141.287353515625,756.7739868164062,1.0592098236083984,1166.9000244140625,53.35822677612305,19191.9296875
2016-12-02,141.15757751464844,777.9439697265625,1.0663141012191772,1175.0999755859375,53.40327453613281,19170.419921875
2016-12-03,,771.155029296875,,,,
2016-12-04,,773.8720092773438,,,,
2016-12-05,141.0740966796875,758.7000122070312,1.0582010746002195,1174.0,54.277565002441406,19216.240234375
2016-12-06,141.1483154296875,764.2239990234375,1.0757315158843994,1167.5999755859375,54.03420639038086,19251.779296875
2016-12-07,142.9098663330078,768.1320190429688,1.072041153907776,1175.0,55.31407928466797,19549.619140625
2016-12-08,144.0687713623047,770.8099975585938,1.0761945247650146,1169.800048828125,54.98960494995117,19614.810546875
2016-12-09,145.08865356445312,772.7940063476562,1.062134861946106,1159.4000244140625,55.854862213134766,19756.849609375
2016-12-10,,774.6500244140625,,,,
2016-12-11,,769.7310180664062,,,,
2016-12-12,145.70982360839844,780.0869750976562,1.054741144180298,1163.5,56.035133361816406,19796.4296875
2016-12-13,145.2462615966797,780.5560302734375,1.0641694068908691,1156.699951171875,56.76520919799805,19911.2109375
2016-12-14,143.21578979492188,781.4810180664062,1.062925100326538,1161.300048828125,56.494815826416016,19792.529296875
2016-12-15,142.5668182373047,778.0880126953125,1.051414132118225,1127.800048828125,56.40468978881836,19852.240234375
2016-12-16,143.24362182617188,784.906982421875,1.0418837070465088,1135.300048828125,56.15230178833008,19843.41015625
2016-12-17,,790.8289794921875,,,,
2016-12-18,,790.530029296875,,,,
2016-12-19,144.80123901367188,792.7139892578125,1.0449975728988647,1140.5,57.3420524597168,19883.060546875
2016-12-20,144.99594116210938,800.8759765625,1.0405826568603516,1131.5,57.269962310791016,19974.619140625
2016-12-21,146.00648498535156,834.281005859375,1.039047360420227,1131.0999755859375,57.269962310791016,19941.9609375
2016-12-22,145.98797607421875,864.5399780273438,1.0428615808486938,1128.800048828125,57.27897644042969,19918.880859375
2016-12-23,146.31246948242188,921.9840087890624,1.0437650680541992,1131.9000244140625,56.99956512451172,19933.810546875
2016-12-24,,898.822021484375,,,,
2016-12-25,,896.1829833984375,,,,
2016-12-26,,907.6099853515624,1.045478343963623,,,
2016-12-27,146.00648498535156,933.197998046875,1.0456969738006592,1137.300048828125,57.03561401367188,19945.0390625
2016-12-28,144.72706604003906,975.9210205078124,1.046233057975769,1139.4000244140625,56.774227142333984,19833.6796875
2016-12-29,144.34690856933594,973.4970092773438,1.0416991710662842,1156.4000244140625,56.69310760498047,19819.779296875
2016-12-30,144.33767700195312,961.2379760742188,1.0575296878814695,1150.0,56.00810623168945,19762.599609375
2016-12-31,,963.7429809570312,,,,
2017-01-01,,998.3250122070312,,,,
2017-01-02,,1021.75,1.052698016166687,,,
2017-01-03,145.5336456298828,1043.8399658203125,1.0460032224655151,1160.4000244140625,56.40468978881836,19881.759765625
2017-01-04,147.06346130371094,1154.72998046875,1.0419923067092896,1163.800048828125,56.15230178833008,19942.16015625
2017-01-05,147.14691162109375,1013.3800048828124,1.0500892400741575,1179.699951171875,56.15230178833008,19899.2890625
2017-01-06,147.50848388671875,902.2009887695312,1.0605915784835815,1171.9000244140625,56.63901138305664,19963.80078125
2017-01-07,,908.5850219726562,,,,
2017-01-08,,911.198974609375,,,,
2017-01-09,146.78529357910156,902.8280029296876,1.0531858205795288,1183.5,56.45876693725586,19887.380859375
2017-01-10,147.48069763183594,907.6790161132812,1.0588620901107788,1184.199951171875,56.44074249267578,19855.529296875
2017-01-11,147.78660583496094,777.7570190429688,1.055241942405701,1195.5999755859375,56.95449066162109,19954.279296875
2017-01-12,146.75747680664062,804.833984375,1.0597710609436035,1198.9000244140625,56.43172836303711,19891.0
2017-01-13,147.2581329345703,823.9840087890625,1.0616837739944458,1195.300048828125,56.512840270996094,19885.73046875
2017-01-14,,818.4119873046875,,,,
2017-01-15,,821.7979736328125,,,,
2017-01-16,,831.5339965820312,1.0628687143325806,,,
2017-01-17,146.18267822265625,907.93798828125,1.0602991580963137,1212.0,56.35962677001953,19826.76953125
2017-01-18,146.78529357910156,886.6179809570312,1.0696789026260376,1211.300048828125,56.33258056640625,19804.720703125
2017-01-19,147.41580200195312,899.072998046875,1.062778353691101,1200.9000244140625,56.15230178833008,19732.400390625
2017-01-20,147.90713500976562,895.0260009765625,1.0659730434417725,1204.300048828125,56.54889678955078,19827.25
2017-01-21,,921.7890014648438,,,,
2017-01-22,,924.6729736328124,,,,
2017-01-23,146.34030151367188,921.0120239257812,1.071375012397766,1215.0,56.74717712402344,19799.849609375
2017-01-24,148.8528289794922,892.68701171875,1.0760787725448608,1210.300048828125,57.251930236816406,19912.7109375
2017-01-25,155.16668701171875,901.5419921875,1.0728693008422852,1197.300048828125,57.39613723754883,20068.509765625
2017-01-26,156.79843139648438,917.5859985351562,1.0751993656158447,1189.5,57.92791748046875,20100.91015625
2017-01-27,155.48191833496094,919.75,1.068296194076538,1188.0999755859375,59.28891372680664,20093.779296875
2017-01-28,,921.5900268554688,,,,
2017-01-29,,919.4959716796876,,,,
2017-01-30,153.50709533691406,920.3820190429688,1.0713980197906494,1193.199951171875,58.70303726196289,19971.130859375
2017-01-31,151.51373291015625,970.4030151367188,1.0708587169647217,1208.5999755859375,58.27042388916016,19864.08984375
2017-02-01,152.02366638183594,989.0230102539062,1.0803803205490112,1205.5999755859375,57.30602264404297,19890.939453125
2017-02-02,150.43824768066406,1011.7999877929688,1.0767391920089722,1216.699951171875,56.93647003173828,19884.91015625
2017-02-03,150.56805419921875,1029.9100341796875,1.0761713981628418,1218.5,57.39613723754883,20071.4609375
2017-02-04,,1042.9000244140625,,,,
2017-02-05,,1027.3399658203125,,,,
2017-02-06,152.0329132080078,1038.1500244140625,1.0782949924468994,1230.0,57.36008071899414,20052.419921875
2017-02-07,154.3693389892578,1061.3499755859375,1.0743216276168823,1234.199951171875,57.17080307006836,20090.2890625
2017-02-08,153.18173217773438,1063.0699462890625,1.0678056478500366,1237.5999755859375,57.08969497680664,20054.33984375
2017-02-09,153.62124633789062,994.3829956054688,1.0692213773727417,1235.0999755859375,57.73863983154297,20172.400390625
2017-02-10,155.44473266601562,988.6740112304688,1.0658594369888306,1234.4000244140625,57.68456268310547,20269.369140625
2017-02-11,,1004.4500122070312,,,,
2017-02-12,,999.1810302734376,,,,
2017-02-13,157.12794494628906,990.6420288085938,1.061954379081726,1224.4000244140625,58.33351516723633,20412.16015625
2017-02-14,157.5674285888672,1004.5499877929688,1.059849739074707,1223.9000244140625,58.55114364624024,20504.41015625
2017-02-15,158.31552124023438,1007.47998046875,1.057831645011902,1231.699951171875,58.51485824584961,20611.859375
2017-02-16,159.72756958007812,1027.43994140625,1.0607378482818604,1240.0,58.50579071044922,20619.76953125
2017-02-17,161.50433349609375,1046.2099609375,1.0672245025634766,1237.5999755859375,58.596492767333984,20624.05078125
2017-02-18,,1054.4200439453125,,,,
2017-02-19,,1047.8699951171875,,,,
2017-02-20,,1079.97998046875,1.062665343284607,,,
2017-02-21,164.16940307617188,1115.300048828125,1.0609403848648071,1237.5,58.47860336303711,20743.0
2017-02-22,163.98236083984375,1117.43994140625,1.0542073249816897,1232.0,58.3607177734375,20775.599609375
2017-02-23,165.3850555419922,1166.719970703125,1.055408954620361,1250.199951171875,58.596492767333984,20810.3203125
2017-02-24,165.92742919921875,1173.6800537109375,1.0584474802017212,1256.9000244140625,58.596492767333984,20821.759765625
2017-02-25,,1143.8399658203125,,,,
2017-02-26,,1165.199951171875,,,,
2017-02-27,167.78829956054688,1179.969970703125,1.055275321006775,1257.4000244140625,58.24284362792969,20837.439453125
2017-02-28,168.53639221191406,1179.969970703125,1.0584250688552856,1252.5999755859375,58.01613998413086,20812.240234375
2017-03-01,171.97763061523438,1222.5,1.0569148063659668,1248.9000244140625,58.88664627075195,21115.55078125
2017-03-02,171.11732482910156,1251.010009765625,1.0535852909088137,1231.9000244140625,58.04335021972656,21002.970703125
2017-03-03,170.35986328125,1274.989990234375,1.0509721040725708,1225.5,58.2609748840332,21005.7109375
2017-03-04,,1255.1500244140625,,,,
2017-03-05,,1267.1199951171875,,,,
2017-03-06,169.1909637451172,1272.8299560546875,1.062044620513916,1224.5,58.27910614013672,20954.33984375
2017-03-07,170.21023559570312,1223.5400390625,1.0579211711883545,1215.0999755859375,58.3969955444336,20924.759765625
2017-03-08,169.9484405517578,1150.0,1.0570154190063477,1208.5,58.93198394775391,20855.73046875
2017-03-09,168.8543243408203,1188.489990234375,1.054741144180298,1202.4000244140625,58.69622802734375,20858.189453125
2017-03-10,167.10565185546875,1116.719970703125,1.0578428506851196,1200.699951171875,58.877586364746094,20902.98046875
2017-03-11,,1175.8299560546875,,,,
2017-03-12,,1221.3800048828125,,,,
2017-03-13,167.43295288085938,1231.9200439453125,1.0690041780471802,1202.4000244140625,58.67808532714844,20881.48046875
2017-03-14,167.13372802734375,1240.0,1.0651443004608154,1201.9000244140625,58.40605926513672,20837.369140625
2017-03-15,167.1150360107422,1249.6099853515625,1.0612443685531616,1200.0999755859375,58.71437072753906,20950.099609375
2017-03-16,166.62875366210938,1187.81005859375,1.0737909078598022,1226.5,58.6146240234375,20934.55078125
2017-03-17,168.41481018066406,1100.22998046875,1.077470064163208,1229.800048828125,58.82317733764648,20914.619140625
2017-03-18,,973.8179931640624,,,,
2017-03-19,,1036.739990234375,,,,
2017-03-20,167.75088500976562,1054.22998046875,1.0742985010147097,1233.5999755859375,58.877586364746094,20905.859375
2017-03-21,164.5434112548828,1120.5400390625,1.073767900466919,1246.0999755859375,58.224700927734375,20668.009765625
2017-03-22,165.49725341796875,1049.1400146484375,1.081244707107544,1249.300048828125,58.96825408935547,20661.30078125
2017-03-23,165.7590789794922,1038.5899658203125,1.0790164470672607,1246.9000244140625,58.82317733764648,20656.580078125
2017-03-24,164.4125213623047,937.52001953125,1.0783880949020386,1248.199951171875,58.92292785644531,20596.720703125
2017-03-25,,972.7789916992188,,,,
2017-03-26,,966.7249755859376,,,,
2017-03-27,164.6743621826172,1045.77001953125,1.0849517583847046,1255.4000244140625,59.03174209594727,20550.98046875
2017-03-28,165.85260009765625,1047.1500244140625,1.0860947370529177,1255.300048828125,59.20402145385742,20701.5
2017-03-29,166.10508728027344,1039.969970703125,1.0817711353302002,1253.4000244140625,59.36726379394531,20659.3203125
2017-03-30,166.432373046875,1026.4300537109375,1.0759629011154177,1245.0,59.58488464355469,20728.490234375
2017-03-31,165.3850555419922,1071.7900390625,1.0687072277069092,1247.300048828125,59.720890045166016,20663.220703125
2017-04-01,,1080.5,,,,
2017-04-02,,1102.1700439453125,,,,
2017-04-03,165.1886749267578,1143.81005859375,1.0668829679489136,1250.800048828125,59.43980407714844,20650.2109375
2017-04-04,167.10565185546875,1133.25,1.067008137702942,1255.0,59.60301971435547,20689.240234375
2017-04-05,165.5907745361328,1124.780029296875,1.0680338144302368,1245.4000244140625,59.4488410949707,20648.150390625
2017-04-06,165.8619384765625,1182.6800537109375,1.0672472715377808,1250.300048828125,59.60301971435547,20662.94921875
2017-04-07,167.2459259033203,1176.9000244140625,1.0644639730453491,1254.300048828125,59.55768966674805,20656.099609375
2017-04-08,,1175.949951171875,,,,
2017-04-09,,1187.8699951171875,,,,
2017-04-10,166.03961181640625,1187.1300048828125,1.0582010746002195,1251.0999755859375,59.42165756225586,20658.01953125
2017-04-11,166.98411560058594,1205.010009765625,1.0597598552703855,1271.199951171875,59.37632369995117,20651.30078125
2017-04-12,164.62759399414062,1200.3699951171875,1.0611318349838257,1275.300048828125,59.14962387084961,20591.859375
2017-04-13,164.2255096435547,1169.280029296875,1.0670650005340576,1285.9000244140625,58.89572143554688,20453.25
2017-04-14,,1167.5400390625,1.0616387128829956,,,
2017-04-15,,1172.52001953125,,,,
2017-04-16,,1182.93994140625,,,,
2017-04-17,167.40489196777344,1193.9100341796875,1.0610530376434326,1289.4000244140625,59.37632369995117,20636.919921875
2017-04-18,166.3108367919922,1211.6700439453125,1.0644525289535522,1291.699951171875,59.294715881347656,20523.279296875
2017-04-19,166.82513427734375,1210.2900390625,1.0728693008422852,1281.4000244140625,58.97732162475586,20404.490234375
2017-04-20,167.66671752929688,1229.0799560546875,1.0715012550354004,1281.9000244140625,59.39445877075195,20578.7109375
2017-04-21,168.67666625976562,1222.050048828125,1.0714898109436035,1287.4000244140625,60.21056365966797,20547.759765625
2017-04-22,,1231.7099609375,,,,
2017-04-23,,1207.2099609375,,,,
2017-04-24,170.24765014648438,1250.1500244140625,1.087393879890442,1275.800048828125,61.23523712158203,20763.890625
2017-04-25,171.60354614257812,1265.489990234375,1.0864840745925903,1265.5999755859375,61.58887481689453,20996.119140625
2017-04-26,169.92039489746094,1281.0799560546875,1.0928245782852173,1262.0999755859375,61.50727081298828,20975.08984375
2017-04-27,171.33242797851562,1317.72998046875,1.090893268585205,1263.699951171875,61.90623474121094,20981.330078125
2017-04-28,172.83792114257812,1316.47998046875,1.0864251852035522,1266.0999755859375,62.07854843139648,20940.509765625
2017-04-29,,1321.7900390625,,,,
2017-04-30,,1347.8900146484375,,,,
2017-05-01,170.5562286376953,1421.5999755859375,1.0907504558563232,1253.300048828125,62.939979553222656,20913.4609375
2017-05-02,171.53810119628906,1452.8199462890625,1.090893268585205,1255.0999755859375,62.84025192260742,20949.890625
2017-05-03,171.49134826660156,1490.0899658203125,1.0935654640197754,1246.4000244140625,62.640750885009766,20957.900390625
2017-05-04,171.192138671875,1537.6700439453125,1.0888975858688354,1226.5,62.39591217041016,20951.470703125
2017-05-05,173.00625610351562,1555.449951171875,1.098152995109558,1224.800048828125,62.56821060180664,21006.939453125
2017-05-06,,1578.800048828125,,,,
2017-05-07,,1596.7099609375,,,,
2017-05-08,173.9507293701172,1723.3499755859375,1.0965152978897097,1225.300048828125,62.51380157470703,21012.279296875
2017-05-09,174.78298950195312,1755.3599853515625,1.0927767753601074,1214.300048828125,62.60446548461914,20975.779296875
2017-05-10,172.60629272460938,1787.1300048828125,1.0886842012405396,1217.300048828125,62.849308013916016,20943.109375
2017-05-11,173.32244873046875,1848.5699462890625,1.087074637413025,1222.699951171875,62.07854843139648,20919.419921875
2017-05-12,172.6722869873047,1724.239990234375,1.086495876312256,1226.199951171875,62.00598907470703,20896.609375
2017-05-13,,1804.9100341796875,,,,
2017-05-14,,1808.9100341796875,,,,
2017-05-15,171.86195373535156,1738.4300537109375,1.0927289724349976,1228.5999755859375,62.05132293701172,20981.939453125
2017-05-16,172.154052734375,1734.449951171875,1.0981770753860474,1235.0,63.300743103027344,20979.75
2017-05-17,168.46029663085938,1839.0899658203125,1.1093976497650146,1257.5,61.54062271118164,20606.9296875
2017-05-18,167.15997314453125,1888.6500244140625,1.115635633468628,1251.699951171875,61.750370025634766,20663.01953125
2017-05-19,170.32601928710938,1987.7099609375,1.1113580465316772,1252.699951171875,61.73213958740234,20804.83984375
2017-05-20,,2084.72998046875,,,,
2017-05-21,,2041.199951171875,,,,
2017-05-22,173.0680389404297,2173.39990234375,1.120485782623291,1260.699951171875,62.42524719238281,20894.830078125
2017-05-23,172.8984375,2320.419921875,1.123885989189148,1254.800048828125,62.63500213623047,20937.91015625
2017-05-24,174.55685424804688,2443.639892578125,1.11793053150177,1252.4000244140625,62.717079162597656,21012.419921875
2017-05-25,176.27182006835938,2304.97998046875,1.123090744018555,1255.800048828125,63.49227142333984,21082.94921875
2017-05-26,175.81948852539062,2202.419921875,1.121076226234436,1267.5999755859375,63.802337646484375,21080.279296875
2017-05-27,,2038.8699951171875,,,,
2017-05-28,,2155.800048828125,,,,
2017-05-29,,2255.610107421875,1.1176055669784546,,,
2017-05-30,176.09275817871094,2175.469970703125,1.1129041910171509,1262.0999755859375,64.21276092529297,21029.470703125
2017-05-31,176.79945373535156,2286.409912109375,1.117168664932251,1272.0,63.69289779663086,21008.650390625
2017-06-01,176.50733947753906,2407.8798828125,1.124353528022766,1267.0,63.92999649047852,21144.1796875
2017-06-02,179.24935913085938,2488.550048828125,1.1215791702270508,1276.800048828125,65.44391632080078,21206.2890625
2017-06-03,,2515.35009765625,,,,
2017-06-04,,2511.81005859375,,,,
2017-06-05,178.0432586669922,2686.81005859375,1.128082513809204,1279.300048828125,65.91813659667969,21184.0390625
2017-06-06,175.97027587890625,2863.199951171875,1.1256824731826782,1294.4000244140625,66.13702392578125,21136.23046875
2017-06-07,177.24232482910156,2732.159912109375,1.1271415948867798,1290.0999755859375,66.01847839355469,21173.689453125
2017-06-08,178.96665954589844,2805.6201171875,1.125517725944519,1276.300048828125,65.61717987060547,21182.529296875
2017-06-09,179.0609130859375,2823.81005859375,1.118480563163757,1268.5,64.13064575195312,21271.970703125
2017-06-10,,2947.7099609375,,,,
2017-06-11,,2958.110107421875,,,,
2017-06-12,179.0326690673828,2659.6298828125,1.1201971769332886,1266.0999755859375,63.638160705566406,21235.669921875
2017-06-13,180.0597381591797,2717.02001953125,1.1196202039718628,1265.800048828125,64.43158721923828,21328.470703125
2017-06-14,181.27528381347656,2506.3701171875,1.1208877563476562,1272.800048828125,64.08505249023438,21374.560546875
2017-06-15,184.1680450439453,2464.580078125,1.1215791702270508,1252.199951171875,63.74760437011719,21359.900390625
2017-06-16,185.1009063720703,2518.56005859375,1.1146905422210691,1254.0,63.83880615234375,21384.279296875
2017-06-17,,2655.8798828125,,,,
2017-06-18,,2548.2900390625,,,,
2017-06-19,187.5885467529297,2589.60009765625,1.120824933052063,1244.199951171875,64.63224792480469,21528.990234375
2017-06-20,186.8817901611328,2721.7900390625,1.1144545078277588,1241.0,63.75673294067383,21467.140625
2017-06-21,187.67337036132807,2689.10009765625,1.1136974096298218,1243.4000244140625,64.08505249023438,21410.029296875
2017-06-22,187.92776489257807,2705.409912109375,1.1167196035385132,1247.5999755859375,64.07592010498047,21397.2890625
2017-06-23,190.5567169189453,2744.909912109375,1.1149640083312988,1256.199951171875,64.94230651855469,21394.759765625
2017-06-24,,2608.719970703125,,,,
2017-06-25,,2589.409912109375,,,,
2017-06-26,188.4365997314453,2478.449951171875,1.1198835372924805,1246.300048828125,64.32217407226562,21409.55078125
2017-06-27,187.40951538085935,2552.449951171875,1.118355631828308,1246.4000244140625,63.11834716796875,21310.66015625
2017-06-28,188.0973358154297,2574.7900390625,1.1339154243469238,1248.0,63.65642929077149,21454.609375
2017-06-29,186.06207275390625,2539.320068359375,1.1382650136947632,1244.199951171875,62.46171569824219,21287.029296875
2017-06-30,186.33531188964844,2480.840087890625,1.144164800643921,1240.699951171875,62.86299896240234,21349.630859375
2017-07-01,,2434.550048828125,,,,
2017-07-02,,2506.469970703125,,,,
2017-07-03,187.1268310546875,2564.06005859375,1.1423088312149048,1217.9000244140625,62.16990280151367,21479.26953125
2017-07-04,,2601.639892578125,1.1371389627456665,,,
2017-07-05,190.1609649658203,2601.989990234375,1.1360150575637815,1220.4000244140625,62.99980163574219,21478.169921875
2017-07-06,189.84999084472656,2608.56005859375,1.134687423706055,1222.199951171875,62.53468322753906,21320.0390625
2017-07-07,190.6886138916016,2518.659912109375,1.1424784660339355,1208.5999755859375,63.34636306762695,21414.33984375
2017-07-08,,2571.340087890625,,,,
2017-07-09,,2518.43994140625,,,,
2017-07-10,192.18685913085935,2372.56005859375,1.140380859375,1212.0999755859375,63.820587158203125,21408.51953125
2017-07-11,194.363525390625,2337.7900390625,,1213.5999755859375,63.829708099365234,21409.0703125
2017-07-12,194.5236968994141,2398.840087890625,1.1473942995071411,1218.0999755859375,64.88758087158203,21532.140625
2017-07-13,194.3258209228516,2357.89990234375,1.1418914794921875,1216.300048828125,65.45301818847656,21553.08984375
2017-07-14,196.4741973876953,2233.340087890625,1.140393853187561,1226.5999755859375,66.3741226196289,21637.740234375
2017-07-15,,1998.8599853515625,,,,
2017-07-16,,1929.8199462890625,,,,
2017-07-17,196.93592834472656,2228.409912109375,1.147539138793945,1232.800048828125,66.89396667480469,21629.720703125
2017-07-18,196.2197723388672,2318.8798828125,1.1474337577819824,1241.0999755859375,66.8483657836914,21574.73046875
2017-07-19,198.7073974609375,2273.429931640625,1.1549744606018066,1241.199951171875,67.35906982421875,21640.75
2017-07-20,198.14202880859372,2817.60009765625,1.1528440713882446,1244.800048828125,67.68739318847656,21611.779296875
2017-07-21,199.8946533203125,2667.760009765625,1.1628718376159668,1254.300048828125,67.29521942138672,21580.0703125
2017-07-22,,2810.1201171875,,,,
2017-07-23,,2730.39990234375,,,,
2017-07-24,199.93234252929688,2754.860107421875,1.1681697368621826,1253.9000244140625,67.12195587158203,21513.169921875
2017-07-25,200.1962127685547,2576.47998046875,1.1638869047164917,1251.699951171875,67.66004180908203,21613.4296875
2017-07-26,219.974609375,2529.449951171875,1.164456129074097,1249.0,67.53238677978516,21711.009765625
2017-07-27,227.0888214111328,2671.780029296875,1.1728004217147827,1259.5999755859375,66.72069549560547,21796.55078125
2017-07-28,227.34320068359372,2809.010009765625,1.1688660383224487,1268.4000244140625,66.61123657226562,21830.310546875
2017-07-29,,2726.449951171875,,,,
2017-07-30,,2757.179931640625,,,,
2017-07-31,228.46450805664065,2875.340087890625,1.1747292280197144,1266.5999755859375,66.30117797851562,21891.119140625
2017-08-01,225.61883544921875,2718.260009765625,1.182410478591919,1272.5999755859375,66.19173431396484,21963.919921875
2017-08-02,224.2148284912109,2710.669921875,1.1811256408691406,1271.800048828125,65.89990997314453,22016.240234375
2017-08-03,224.4975433349609,2804.72998046875,1.1851149797439575,1267.800048828125,65.79956817626953,22026.099609375
2017-08-04,223.9886779785156,2895.889892578125,1.1884952783584597,1258.300048828125,66.2829360961914,22092.810546875
2017-08-05,,3252.909912109375,,,,
2017-08-06,,3213.93994140625,,,,
2017-08-07,226.3632659912109,3378.93994140625,1.1778424978256226,1258.199951171875,66.02758026123047,22118.419921875
2017-08-08,225.6753845214844,3419.93994140625,1.1800941228866575,1256.4000244140625,66.38323974609375,22085.33984375
2017-08-09,222.10177612304688,3342.469970703125,1.1754610538482666,1273.0,66.0914306640625,22048.69921875
2017-08-10,220.74632263183597,3381.280029296875,1.1761523485183716,1283.699951171875,65.12471008300781,21844.009765625
2017-08-11,222.64212036132807,3650.6201171875,1.177024483680725,1287.699951171875,66.11878204345703,21858.3203125
2017-08-12,,3884.7099609375,,,,
2017-08-13,,4073.260009765625,,,,
2017-08-14,224.7938232421875,4325.1298828125,1.182550311088562,1284.199951171875,67.11284637451172,21993.7109375
2017-08-15,226.7085876464844,4181.93017578125,1.1775789260864258,1273.699951171875,67.13117980957031,21998.990234375
2017-08-16,225.21090698242188,4376.6298828125,1.174122333526611,1276.9000244140625,67.52543640136719,22024.869140625
2017-08-17,223.3151092529297,4331.68994140625,1.1774264574050903,1286.4000244140625,66.37936401367188,21750.73046875
2017-08-18,223.48573303222656,4160.6201171875,1.171550154685974,1285.699951171875,66.46187591552734,21674.509765625
2017-08-19,,4193.7001953125,,,,
2017-08-20,,4087.659912109375,,,,
2017-08-21,223.40040588378903,4001.739990234375,1.1756268739700315,1290.800048828125,66.15013885498047,21703.75
2017-08-22,227.25836181640625,4100.52001953125,1.1811953783035278,1285.0999755859375,67.076171875,21899.890625
2017-08-23,225.68484497070312,4151.52001953125,1.176221489906311,1288.9000244140625,66.67273712158203,21812.08984375
2017-08-24,226.3009796142578,4334.68017578125,1.1816558837890625,1286.5,66.64524841308594,21783.400390625
2017-08-25,223.59947204589844,4371.60009765625,1.1802195310592651,1292.5,66.76444244384766,21813.669921875
2017-08-26,,4352.39990234375,,,,
2017-08-27,,4382.8798828125,,,,
2017-08-28,224.8222503662109,4382.66015625,1.1951857805252075,1309.699951171875,66.77359771728516,21808.400390625
2017-08-29,227.95980834960935,4579.02001953125,1.1963869333267212,1313.0999755859375,66.97532653808594,21865.369140625
2017-08-30,227.93136596679688,4565.2998046875,1.1970456838607788,1308.0999755859375,67.85549926757812,21892.4296875
2017-08-31,227.1730499267578,4703.39013671875,1.1893434524536133,1316.199951171875,68.55227661132812,21948.099609375
2017-09-01,227.8081512451172,4892.009765625,1.191043257713318,1324.5,67.79131317138672,21987.560546875
2017-09-02,,4578.77001953125,,,,
2017-09-03,,4582.9599609375,,,,
2017-09-04,,4236.31005859375,1.1882835626602173,,,
2017-09-05,224.6516265869141,4376.52978515625,1.1893434524536133,1339.199951171875,67.48873138427734,21753.310546875
2017-09-06,222.3956298828125,4597.1201171875,1.1924067735671997,1333.9000244140625,67.29618072509766,21807.640625
2017-09-07,223.9976043701172,4599.8798828125,1.1927765607833862,1345.0999755859375,68.15805053710938,21784.779296875
2017-09-08,226.33889770507807,4228.75,1.2029062509536743,1346.0,67.82798767089844,21797.7890625
2017-09-09,,4226.06005859375,,,,
2017-09-10,,4122.93994140625,,,,
2017-09-11,228.0546112060547,4161.27001953125,1.2017642259597778,1331.0,68.54312133789062,22057.369140625
2017-09-12,228.0451202392578,4130.81005859375,1.1959433555603027,1328.0,68.46977233886719,22118.859375
2017-09-13,229.3247833251953,3882.590087890625,1.1974613666534424,1323.4000244140625,68.9556884765625,22158.1796875
2017-09-14,232.45281982421875,3154.949951171875,1.1890605688095093,1324.699951171875,68.55227661132812,22203.48046875
2017-09-15,236.02639770507807,3637.52001953125,1.1921650171279907,1320.4000244140625,69.04736328125,22268.33984375
2017-09-16,,3625.0400390625,,,,
2017-09-17,,3582.8798828125,,,,
2017-09-18,239.89382934570312,4065.199951171875,1.193716287612915,1306.300048828125,68.90985870361328,22331.349609375
2017-09-19,239.3061370849609,3924.969970703125,1.1959290504455566,1306.199951171875,69.16658020019531,22370.80078125
2017-09-20,242.1498260498047,3905.949951171875,1.199256420135498,1312.0,68.7081527709961,22412.58984375
2017-09-21,242.69960021972656,3631.0400390625,1.1872113943099976,1290.5999755859375,68.03885650634766,22359.23046875
2017-09-22,243.0882568359375,3630.699951171875,1.194557547569275,1293.300048828125,68.22225189208984,22349.58984375
2017-09-23,,3792.39990234375,,,,
2017-09-24,,3682.840087890625,,,,
2017-09-25,241.0692138671875,3926.070068359375,1.1927196979522705,1306.800048828125,67.1678695678711,22296.08984375
2017-09-26,240.48155212402344,3892.35009765625,1.185564637184143,1297.0,67.1678695678711,22284.3203125
2017-09-27,241.9792022705078,4200.669921875,1.1786059141159058,1283.4000244140625,67.70880889892578,22340.7109375
2017-09-28,241.0218048095703,4174.72998046875,1.1749638319015503,1285.5,67.72711181640625,22381.19921875
2017-09-29,240.96495056152344,4163.06982421875,1.178175449371338,1281.5,68.29557800292969,22405.08984375
2017-09-30,,4338.7099609375,,,,
2017-10-01,,4403.740234375,,,,
2017-10-02,242.65220642089844,4409.31982421875,1.1807351112365725,1272.699951171875,68.40559387207031,22557.599609375
2017-10-03,242.1498260498047,4317.47998046875,1.173378348350525,1271.5,68.08470916748047,22641.669921875
2017-10-04,242.4342041015625,4229.35986328125,1.17475688457489,1273.699951171875,68.47893524169922,22661.640625
2017-10-05,245.401123046875,4328.41015625,1.175723671913147,1269.9000244140625,69.65251159667969,22775.390625
2017-10-06,245.1072540283203,4370.81005859375,1.1712344884872437,1271.5999755859375,69.67999267578125,22773.669921875
2017-10-07,,4426.89013671875,,,,
2017-10-08,,4610.47998046875,,,,
2017-10-09,244.92718505859372,4772.02001953125,1.1742464303970337,1281.800048828125,69.94589233398438,22761.0703125
2017-10-10,247.3347930908203,4781.990234375,1.1741636991500854,1290.5999755859375,69.94589233398438,22830.6796875
2017-10-11,247.8182373046875,4826.47998046875,1.1814883947372437,1285.800048828125,70.0650634765625,22872.890625
2017-10-12,248.26377868652344,5446.91015625,1.1865493059158323,1293.300048828125,70.70687103271484,22841.009765625
2017-10-13,247.1546936035156,5647.2099609375,1.1831799745559692,1301.5,71.04610443115234,22871.720703125
2017-10-14,,5831.7900390625,,,,
2017-10-15,,5678.18994140625,,,,
2017-10-16,246.21630859375,5725.58984375,1.181404709815979,1299.9000244140625,71.19280242919922,22956.9609375
2017-10-17,245.14517211914065,5605.509765625,1.1794538497924805,1283.0,71.13777160644531,22997.439453125
2017-10-18,246.49118041992188,5590.68994140625,1.1771907806396484,1279.9000244140625,71.1561050415039,23157.599609375
2017-10-19,245.54330444335935,5708.52001953125,1.179523468017578,1286.9000244140625,71.43116760253906,23163.0390625
2017-10-20,250.9557647705078,6011.4501953125,1.184805989265442,1277.4000244140625,72.25634002685547,23328.630859375
2017-10-21,,6031.60009765625,,,,
2017-10-22,,6008.419921875,,,,
2017-10-23,248.65240478515625,5930.31982421875,1.175364375114441,1277.699951171875,72.27466583251953,23273.9609375
2017-10-24,252.14064025878903,5526.64013671875,1.1759172677993774,1275.0,72.30216979980469,23441.759765625
2017-10-25,244.9556121826172,5750.7998046875,1.1759034395217896,1275.4000244140625,72.09130096435547,23329.4609375
2017-10-26,245.7613220214844,5904.830078125,1.182075023651123,1266.300048828125,72.21047973632812,23400.859375
2017-10-27,243.09771728515625,5780.89990234375,1.163724422454834,1268.5,76.84054565429688,23434.189453125
2017-10-28,,5753.08984375,,,,
2017-10-29,,6153.85009765625,,,,
2017-10-30,245.74234008789065,6130.52978515625,1.160456299781799,1274.0999755859375,76.91385650634766,23348.740234375
2017-10-31,244.53854370117188,6468.39990234375,1.1652703285217283,1267.0,76.26293182373047,23377.240234375
2017-11-01,245.03143310546875,6767.31005859375,1.165175199508667,1274.0999755859375,76.26293182373047,23435.009765625
2017-11-02,248.94630432128903,7078.5,1.1628718376159668,1274.9000244140625,77.06057739257812,23516.259765625
2017-11-03,248.1121063232422,7207.759765625,1.1661807298660278,1266.5,77.14311218261719,23539.189453125
2017-11-04,,7379.9501953125,,,,
2017-11-05,,7407.41015625,,,,
2017-11-06,250.3112335205078,7022.759765625,1.1614941358566284,1279.4000244140625,77.44564056396484,23548.419921875
2017-11-07,252.263916015625,7144.3798828125,1.1612648963928225,1273.699951171875,77.26226806640625,23557.23046875
2017-11-08,251.73306274414065,7459.68994140625,1.1601063013076782,1281.5999755859375,77.5281753540039,23563.359375
2017-11-09,250.35122680664065,7143.580078125,1.15968918800354,1285.5999755859375,77.09725952148438,23461.939453125
2017-11-10,248.58822631835935,6618.14013671875,1.164686679840088,1272.4000244140625,76.89555358886719,23422.2109375
2017-11-11,,6357.60009765625,,,,
2017-11-12,,5950.06982421875,,,,
2017-11-13,250.0843811035156,6559.490234375,1.166112780570984,1277.300048828125,76.95054626464844,23439.69921875
2017-11-14,249.45542907714844,6635.75,1.1664936542510986,1281.5,77.06057739257812,23409.470703125
2017-11-15,250.50369262695312,7315.5400390625,1.1792869567871094,1276.5,76.46163940429688,23271.279296875
2017-11-16,251.30419921875,7871.68994140625,,1277.4000244140625,76.66434478759766,23458.359375
2017-11-17,249.931884765625,7708.990234375,1.177745342254639,1295.800048828125,75.92718505859375,23358.240234375
2017-11-18,,7790.14990234375,,,,
2017-11-19,,8036.490234375,,,,
2017-11-20,252.1905212402344,8200.6396484375,1.1731857061386108,1274.5999755859375,76.04700469970703,23430.330078125
2017-11-21,254.4395446777344,8071.259765625,1.174122333526611,1281.0999755859375,77.14350891113281,23590.830078125
2017-11-22,252.6860809326172,8253.5498046875,1.173722743988037,1291.5999755859375,76.58143615722656,23526.1796875
2017-11-23,,8038.77001953125,1.1814744472503662,,,
2017-11-24,253.3817443847656,8253.6904296875,1.1853959560394287,1286.699951171875,76.71963500976562,23557.990234375
2017-11-25,,8790.919921875,,,,
2017-11-26,,9330.5498046875,,,,
2017-11-27,253.09580993652344,9818.349609375,1.1926485300064087,1293.800048828125,77.28173065185547,23580.779296875
2017-11-28,255.3925628662109,10058.7998046875,1.1904903650283811,1294.699951171875,78.21238708496094,23836.7109375
2017-11-29,256.6409912109375,9888.6103515625,1.184805989265442,1282.0999755859375,76.79335021972656,23940.6796875
2017-11-30,263.7884216308594,10233.599609375,1.18519926071167,1273.199951171875,77.55815124511719,24272.349609375
2017-12-01,258.6232604980469,10975.599609375,1.1898245811462402,1278.800048828125,77.64108276367188,24231.58984375
2017-12-02,,11074.599609375,,,,
2017-12-03,,11323.2001953125,,,,
2017-12-04,264.9034423828125,11657.2001953125,1.1859863996505735,1274.300048828125,74.71087646484375,24290.05078125
2017-12-05,262.587646484375,11916.7001953125,1.1867746114730835,1261.5999755859375,75.18081665039062,24180.640625
2017-12-06,265.1893310546875,14291.5,1.1832919120788574,1262.800048828125,76.2773666381836,24140.91015625
2017-12-07,268.71539306640625,17899.69921875,1.1804285049438477,1249.800048828125,76.01014709472656,24211.48046875
2017-12-08,272.460693359375,16569.400390625,1.1772184371948242,1245.199951171875,77.54893493652344,24329.16015625
2017-12-09,,15178.2001953125,,,,
2017-12-10,,15455.400390625,,,,
2017-12-11,269.8494567871094,16936.80078125,1.176996827125549,1243.699951171875,78.5348892211914,24386.029296875
2017-12-12,276.3108215332031,17415.400390625,1.1777591705322266,1238.5,78.85740661621094,24504.80078125
2017-12-13,278.1214904785156,16408.19921875,1.1742602586746216,1245.4000244140625,78.64547729492188,24585.4296875
2017-12-14,280.0655517578125,16564.0,1.1835860013961792,1253.800048828125,78.03730773925781,24508.66015625
2017-12-15,280.12274169921875,17706.900390625,1.1774957180023191,1254.300048828125,80.02764892578125,24651.740234375
2017-12-16,,19497.400390625,,,,
2017-12-17,,19140.80078125,,,,
2017-12-18,282.2193298339844,19114.19921875,1.1743566989898682,1262.199951171875,79.59453582763672,24792.19921875
2017-12-19,283.277099609375,17776.69921875,1.1784253120422363,1260.699951171875,79.0877685546875,24754.75
2017-12-20,283.8965759277344,16624.599609375,1.1841325759887695,1266.0999755859375,78.8021011352539,24726.650390625
2017-12-21,281.1614990234375,15802.900390625,1.1878176927566528,1267.300048828125,78.78369140625,24782.2890625
2017-12-22,281.2281799316406,13831.7998046875,1.185733199119568,1275.4000244140625,78.79290008544922,24754.060546875
2017-12-23,,14699.2001953125,,,,
2017-12-24,,13925.7998046875,,,,
2017-12-25,,14026.599609375,1.1856067180633545,,,
2017-12-26,281.4759521484375,16099.7998046875,1.187253713607788,1284.0999755859375,78.69154357910156,24746.2109375
2017-12-27,281.7237548828125,15838.5,1.1857894659042358,1287.0,78.97718048095703,24774.30078125
2017-12-28,282.4194641113281,14606.5,1.1900794506072998,1294.0999755859375,78.98640441894531,24837.509765625
2017-12-29,281.0471496582031,14656.2001953125,1.1941723823547363,1306.300048828125,78.82054901123047,24719.220703125
2017-12-30,,12952.2001953125,,,,
2017-12-31,,14156.400390625,,,,
2018-01-01,,13657.2001953125,1.200494647026062,,,
2018-01-02,282.88641357421875,14982.099609375,1.2011579275131226,1313.699951171875,79.19832611083984,24824.009765625
2018-01-03,283.8012390136719,15201.0,1.2063454389572144,1316.199951171875,79.56690979003906,24922.6796875
2018-01-04,282.7243957519531,15599.2001953125,1.2010425329208374,1319.4000244140625,80.2672119140625,25075.130859375
2018-01-05,294.3223571777344,17429.5,1.2068840265274048,1320.300048828125,81.26235961914062,25295.869140625
2018-01-06,,17527.0,,,,
2018-01-07,,16477.599609375,,,,
2018-01-08,295.5707397460937,15170.099609375,1.2037460803985596,1318.5999755859375,81.34529876708984,25283.0
2018-01-09,303.4615173339844,14595.400390625,1.1970456838607788,1311.699951171875,81.2900161743164,25385.80078125
2018-01-10,305.2055358886719,14973.2998046875,1.1929330825805664,1317.4000244140625,80.92141723632812,25369.130859375
2018-01-11,312.696044921875,13405.7998046875,1.195614457130432,1320.5999755859375,81.16101837158203,25574.73046875
2018-01-12,320.4057006835937,13980.599609375,1.2042099237442017,1333.4000244140625,82.56161499023438,25803.189453125
2018-01-13,,14360.2001953125,,,,
2018-01-14,,13772.0,,,,
2018-01-15,,13819.7998046875,1.2192296981811523,,,
2018-01-16,319.40509033203125,11490.5,1.2268433570861816,1335.4000244140625,81.40979766845703,25792.859375
2018-01-17,334.5100402832031,11188.599609375,1.227129340171814,1338.0,83.05919647216797,26115.650390625
2018-01-18,324.1700439453125,11474.900390625,1.218397855758667,1326.0,83.0223388671875,26017.810546875
2018-01-19,321.85430908203125,11607.400390625,1.2236607074737549,1331.9000244140625,82.93017578125,26071.720703125
2018-01-20,,12899.2001953125,,,,
2018-01-21,,11600.099609375,,,,
2018-01-22,322.1115417480469,10931.400390625,1.2255502939224243,1330.9000244140625,84.41371154785156,26214.599609375
2018-01-23,319.8149108886719,10868.400390625,1.2256253957748413,1335.699951171875,84.68095397949219,26210.810546875
2018-01-24,318.9571838378906,11359.400390625,1.2310267686843872,1355.9000244140625,84.60726165771484,26252.119140625
2018-01-25,326.9813842773437,11259.400390625,1.239111304283142,1362.4000244140625,85.07715606689453,26392.7890625
2018-01-26,327.0862121582031,11171.400390625,1.239234209060669,1351.5999755859375,86.6712646484375,26616.7109375
2018-01-27,,11440.7001953125,,,,
2018-01-28,,11786.2998046875,,,,
2018-01-29,324.79901123046875,11296.400390625,1.2428072690963743,,86.54225158691406,26439.48046875
2018-01-30,321.835205078125,10106.2998046875,1.2381141185760498,1335.4000244140625,85.4549560546875,26076.890625
2018-01-31,337.7120666503906,10221.099609375,1.2409565448760986,1339.0,87.54664611816406,26149.390625
2018-02-01,340.1612548828125,9170.5400390625,1.241865873336792,1344.300048828125,86.85553741455078,26186.7109375
2018-02-02,332.5086975097656,8830.75,1.2510008811950684,1333.699951171875,84.57039642333984,25520.9609375
2018-02-03,,9174.91015625,,,,
2018-02-04,,8277.009765625,,,,
2018-02-05,313.4203796386719,6955.27001953125,1.244694471359253,1333.0,81.08731079101562,24345.75
2018-02-06,324.8848571777344,7754.0,1.2367818355560305,1326.0999755859375,84.15573120117188,24912.76953125
2018-02-07,331.75592041015625,7621.2998046875,1.238129496574402,1311.5999755859375,82.57084655761719,24893.349609375
2018-02-08,315.7144470214844,8265.58984375,1.2268133163452148,1316.9000244140625,78.3321762084961,23860.4609375
2018-02-09,318.7503662109375,8736.98046875,1.2260762453079224,1313.0999755859375,81.2531509399414,24190.900390625
2018-02-10,,8621.900390625,,,,
2018-02-11,,8129.97021484375,,,,
2018-02-12,329.2562866210937,8926.5703125,1.2252799272537231,1324.199951171875,82.1285171508789,24601.26953125
2018-02-13,328.64337158203125,8598.3095703125,1.2303755283355713,1328.0999755859375,82.77352905273438,24640.44921875
2018-02-14,330.2618713378906,9494.6298828125,1.235376238822937,1355.5,84.06963348388672,24893.490234375
2018-02-15,341.3807373046875,10166.400390625,1.2467273473739624,1352.0999755859375,85.78231048583984,25200.369140625
2018-02-16,340.0208435058594,10233.900390625,1.2503595352172852,1353.199951171875,85.17130279541016,25219.380859375
2018-02-17,,11112.7001953125,,,,
2018-02-18,,10551.7998046875,,,,
2018-02-19,,11225.2998046875,1.241187572479248,,,
2018-02-20,338.4022827148437,11403.7001953125,1.2398641109466553,1328.800048828125,85.83788299560547,24964.75
2018-02-21,337.4637756347656,10690.400390625,1.233532428741455,1330.0,84.69915008544922,24797.779296875
2018-02-22,340.86358642578125,10005.0,1.2281843423843384,1330.5999755859375,84.92134094238281,24962.48046875
2018-02-23,341.572265625,10301.099609375,1.2326656579971311,1328.199951171875,87.07840728759766,25309.990234375
2018-02-24,,9813.0703125,,,,
2018-02-25,,9664.73046875,,,,
2018-02-26,348.1037902832031,10366.7001953125,1.228712558746338,1330.699951171875,88.33743286132812,25709.26953125
2018-02-27,349.2147216796875,10725.599609375,1.2315573692321775,1315.5,87.20801544189453,25410.029296875
2018-02-28,346.8874816894531,10397.900390625,1.2230321168899536,1315.5,86.80992126464844,25029.19921875
2018-03-01,334.89715576171875,10951.0,1.2191256284713743,1302.9000244140625,85.9582290649414,24608.98046875
2018-03-02,330.08953857421875,11086.400390625,1.2270842790603638,1321.0999755859375,86.14336395263672,24538.060546875
2018-03-03,,11489.7001953125,,,,
2018-03-04,,11512.599609375,,,,
2018-03-05,337.8276672363281,11573.2998046875,1.2315422296524048,1318.0999755859375,86.68955993652344,24874.759765625
2018-03-06,334.1596984863281,10779.900390625,1.2336541414260864,1333.5999755859375,86.39334869384766,24884.119140625
2018-03-07,332.3592224121094,9965.5703125,1.2416653633117676,1326.0,86.89325714111328,24801.359375
2018-03-08,333.977783203125,9395.009765625,1.2414649724960327,1319.9000244140625,87.42092895507812,24895.2109375
2018-03-09,339.5227966308594,9337.5498046875,1.2306632995605469,1322.4000244140625,89.37432098388672,25335.740234375
2018-03-10,,8866.0,,,,
2018-03-11,,9578.6298828125,,,,
2018-03-12,329.6297302246094,9205.1201171875,1.2308752536773682,1319.4000244140625,89.58724212646484,25178.609375
2018-03-13,324.34326171875,9194.849609375,1.2339584827423096,1325.9000244140625,87.40241241455078,25007.029296875
2018-03-14,316.2890319824219,8269.8095703125,1.239234209060669,1324.4000244140625,86.88398742675781,24758.119140625
2018-03-15,316.0209350585937,8300.8603515625,1.2375624179840088,1316.800048828125,87.18949127197266,24873.66015625
2018-03-16,316.4902038574219,8338.349609375,1.2309207916259766,1311.300048828125,87.57832336425781,24946.509765625
2018-03-17,,7916.8798828125,,,,
2018-03-18,,8223.6796875,,,,
2018-03-19,317.7256164550781,8630.650390625,1.228078842163086,1316.800048828125,85.9952392578125,24610.91015625
2018-03-20,323.3472900390625,8913.4697265625,1.233684539794922,1311.0999755859375,86.2174301147461,24727.26953125
2018-03-21,322.8396911621094,8929.2802734375,1.2251899242401123,1320.699951171875,85.6156997680664,24682.310546875
2018-03-22,306.0895690917969,8728.4697265625,1.234766125679016,1326.5999755859375,83.12533569335938,23957.890625
2018-03-23,307.4207458496094,8879.6201171875,1.2324985265731812,1349.300048828125,80.70906066894531,23533.19921875
2018-03-24,,8668.1201171875,,,,
2018-03-25,,8495.7802734375,,,,
2018-03-26,315.0536193847656,8209.400390625,1.235437273979187,1354.4000244140625,86.8191909790039,24202.599609375
2018-03-27,307.53570556640625,7833.0400390625,1.2457488775253296,1341.300048828125,82.82910919189453,23857.7109375
2018-03-28,306.4822082519531,7954.47998046875,1.240787148475647,1324.199951171875,82.75502014160156,23848.419921875
2018-03-29,314.0097351074219,7165.7001953125,1.2310267686843872,1322.800048828125,84.4954833984375,24103.109375
2018-03-30,,6890.52001953125,1.2302846908569336,,,
2018-03-31,,6973.52978515625,,,,
2018-04-01,,6844.22998046875,,,,
2018-04-02,308.79986572265625,7083.7998046875,1.231420874595642,1342.0999755859375,81.9496078491211,23644.189453125
2018-04-03,316.8253479003906,7456.10986328125,1.229271411895752,1332.800048828125,83.05126953125,24033.359375
2018-04-04,313.58837890625,6853.83984375,1.2278525829315186,1335.800048828125,85.47679138183594,24264.30078125
2018-04-05,322.1693115234375,6811.47021484375,1.228682279586792,1324.300048828125,85.52310180664062,24505.220703125
2018-04-06,312.3241882324219,6636.31982421875,1.2251598834991455,1331.9000244140625,83.53267669677734,23932.759765625
2018-04-07,,6911.08984375,,,,
2018-04-08,,7023.52001953125,,,,
2018-04-09,308.83819580078125,6770.72998046875,1.227144479751587,1336.300048828125,84.0326156616211,23979.099609375
2018-04-10,320.6656799316406,6834.759765625,1.2322403192520142,1342.0,85.98600006103516,24408.0
2018-04-11,313.51177978515625,6968.31982421875,1.2363078594207764,1356.5,85.04170989990234,24189.44921875
2018-04-12,323.2036437988281,7889.25,1.2371643781661987,1338.4000244140625,86.634033203125,24483.05078125
2018-04-13,315.3505249023437,7895.9599609375,1.2329696416854858,1344.800048828125,86.17115020751953,24360.140625
2018-04-14,,7986.240234375,,,,
2018-04-15,,8329.1103515625,,,,
2018-04-16,317.73516845703125,8058.669921875,1.233258605003357,1347.5,87.18021392822266,24573.0390625
2018-04-17,322.47576904296875,7902.08984375,1.2385127544403076,1347.199951171875,88.93921661376953,24786.630859375
2018-04-18,326.5747375488281,8163.419921875,1.237317442893982,1351.199951171875,89.28173828125,24748.0703125
2018-04-19,326.22998046875,8294.3095703125,1.237914800643921,1346.800048828125,88.97624969482422,24664.890625
2018-04-20,324.34326171875,8845.830078125,1.2345526218414309,1336.699951171875,87.94862365722656,24462.939453125
2018-04-21,,8895.580078125,,,,
2018-04-22,,8802.4599609375,,,,
2018-04-23,324.5061340332031,8930.8798828125,1.2273402214050293,1322.5,88.27265167236328,24448.689453125
2018-04-24,315.1398010253906,9697.5,1.22089684009552,1331.4000244140625,86.2081527709961,24024.130859375
2018-04-25,328.3560791015625,8845.740234375,1.2241400480270386,1321.199951171875,85.45830535888672,24083.830078125
2018-04-26,328.2890319824219,9281.509765625,1.2171669006347656,1316.300048828125,87.2635498046875,24322.33984375
2018-04-27,326.4598083496094,8987.0498046875,1.2109616994857788,1320.300048828125,88.70777130126953,24311.189453125
2018-04-28,,9348.48046875,,,,
2018-04-29,,9419.080078125,,,,
2018-04-30,319.449462890625,9240.5498046875,1.2122827768325806,1316.199951171875,86.57847595214844,24163.150390625
2018-05-01,315.5995178222656,9119.009765625,1.2081234455108645,1303.800048828125,87.94862365722656,24099.05078125
2018-05-02,310.4758605957031,9235.919921875,1.1991558074951172,1302.5999755859375,86.56922149658203,23924.98046875
2018-05-03,316.7008972167969,9743.8603515625,1.19510018825531,1310.699951171875,87.08766174316406,23930.150390625
2018-05-04,320.2826232910156,9700.759765625,1.1989257335662842,1312.699951171875,88.0967788696289,24262.509765625
2018-05-05,,9858.150390625,,,,
2018-05-06,,9654.7998046875,,,,
2018-05-07,326.0288391113281,9373.009765625,1.195500135421753,1312.199951171875,89.07807159423828,24357.3203125
2018-05-08,324.0559997558594,9234.8203125,1.1933743953704834,1312.0,88.69847869873047,24360.2109375
2018-05-09,329.9266967773437,9325.1796875,1.1867886781692505,1311.300048828125,89.74459838867188,24542.5390625
2018-05-10,331.1586303710937,9043.9404296875,1.184721827507019,1320.800048828125,90.64263153076172,24739.529296875
2018-05-11,329.60906982421875,8441.490234375,1.1917530298233032,1319.0,90.44823455810548,24831.169921875
2018-05-12,,8504.8896484375,,,,
2018-05-13,,8723.9404296875,,,,
2018-05-14,331.6591186523437,8716.7900390625,1.1952143907546997,1316.5,90.75371551513672,24899.41015625
2018-05-15,329.28179931640625,8510.3798828125,1.1931180953979492,1288.9000244140625,90.09642791748048,24706.41015625
2018-05-16,328.17498779296875,8368.830078125,1.1820889711380005,1290.199951171875,90.3288803100586,24768.9296875
2018-05-17,331.2260131835937,8094.31982421875,1.1816978454589844,1288.199951171875,89.4269790649414,24713.98046875
2018-05-18,338.04998779296875,8250.9697265625,1.179523468017578,1290.199951171875,89.59432983398438,24715.08984375
2018-05-19,,8247.1796875,,,,
2018-05-20,,8513.25,,,,
2018-05-21,350.2637634277344,8418.990234375,1.1766643524169922,1290.199951171875,90.74728393554688,25013.2890625
2018-05-22,341.6977233886719,8041.77978515625,1.1792453527450562,1291.699951171875,90.65428924560548,24834.41015625
2018-05-23,345.73046875,7557.81982421875,1.1788560152053833,1289.300048828125,91.73284912109376,24886.810546875
2018-05-24,345.52838134765625,7587.33984375,1.1710150241851809,1303.699951171875,91.40744018554688,24811.759765625
2018-05-25,346.5774841308594,7480.14013671875,1.1722642183303833,1303.300048828125,91.4539031982422,24753.08984375
2018-05-26,,7355.8798828125,,,,
2018-05-27,,7368.22021484375,,,,
2018-05-28,,7135.990234375,1.1688934564590454,,,
2018-05-29,339.2530212402344,7472.58984375,1.162696123123169,1298.699951171875,91.1284637451172,24361.44921875
2018-05-30,344.748779296875,7406.52001953125,1.1539349555969238,1301.5,92.00250244140624,24667.779296875
2018-05-31,338.9450378417969,7494.169921875,1.1667250394821167,1300.0999755859375,91.90021514892578,24415.83984375
2018-06-01,343.3339233398437,7541.4501953125,1.1693171262741089,1294.800048828125,93.71330261230467,24635.2109375
2018-06-02,,7643.4501953125,,,,
2018-06-03,,7720.25,,,,
2018-06-04,347.1934509277344,7514.47021484375,1.1668611764907837,1293.0999755859375,94.5315170288086,24813.689453125
2018-06-05,346.58709716796875,7633.759765625,1.1700559854507446,1297.5,95.01500701904295,24799.98046875
2018-06-06,357.6170654296875,7653.97998046875,1.1726216077804563,1297.0999755859375,95.29393768310548,25146.390625
2018-06-07,354.7007751464844,7678.240234375,1.178550362586975,1298.699951171875,93.79698944091795,25241.41015625
2018-06-08,355.6343688964844,7624.919921875,1.179523468017578,1298.0999755859375,94.49430847167967,25316.529296875
2018-06-09,,7531.97998046875,,,,
2018-06-10,,6786.02001953125,,,,
2018-06-11,357.0202941894531,6906.919921875,1.1783976554870603,1298.9000244140625,93.95507049560548,25322.310546875
2018-06-12,356.7123107910156,6582.35986328125,1.177412509918213,1295.0999755859375,94.19677734375,25320.73046875
2018-06-13,350.1964111328125,6349.89990234375,1.17482590675354,1296.9000244140625,93.76908111572266,25201.19921875
2018-06-14,348.820068359375,6675.35009765625,1.1807769536972046,1304.0,94.29905700683594,25175.310546875
2018-06-15,344.450439453125,6456.580078125,1.1566576957702637,1274.5999755859375,93.09963989257812,25090.48046875
2018-06-16,,6550.16015625,,,,
2018-06-17,,6499.27001953125,,,,
2018-06-18,341.4281921386719,6734.81982421875,1.159595012664795,1276.199951171875,93.77838134765624,24987.470703125
2018-06-19,328.3193664550781,6769.93994140625,1.163074612617493,1275.5999755859375,93.77838134765624,24700.2109375
2018-06-20,329.83038330078125,6776.5498046875,1.1588560342788696,1271.199951171875,94.71747589111328,24657.80078125
2018-06-21,324.9891662597656,6729.740234375,1.1579033136367798,1267.199951171875,94.03872680664062,24461.69921875
2018-06-22,326.1922607421875,6083.68994140625,1.1605775356292725,1267.4000244140625,93.3599853515625,24580.890625
2018-06-23,,6162.47998046875,,,,
2018-06-24,,6173.22998046875,,,,
2018-06-25,318.7715759277344,6249.18017578125,1.1661399602890017,1265.5999755859375,91.48180389404295,24252.80078125
2018-06-26,318.8678283691406,6093.669921875,1.1702749729156494,1256.5999755859375,92.12335205078124,24283.109375
2018-06-27,317.4433288574219,6157.1298828125,1.1650259494781494,1252.800048828125,90.69147491455078,24117.58984375
2018-06-28,322.0921325683594,5903.43994140625,1.1563634872436523,1247.800048828125,91.70496368408205,24216.05078125
2018-06-29,322.9198608398437,6218.2998046875,1.1562966108322144,1251.300048828125,91.68637084960938,24271.41015625
2018-06-30,,6404.0,,,,
2018-07-01,,6385.81982421875,,,,
2018-07-02,323.46844482421875,6614.18017578125,1.1678558588027954,1239.800048828125,92.9880828857422,24307.1796875
2018-07-03,320.4366760253906,6529.58984375,1.1642121076583862,1251.5999755859375,92.095458984375,24174.8203125
2018-07-04,,6597.5498046875,1.1659224033355713,,,
2018-07-05,320.6772766113281,6639.14013671875,1.166235089302063,1257.300048828125,92.75562286376952,24356.740234375
2018-07-06,322.0825500488281,6673.5,1.1695905923843384,1254.300048828125,94.05734252929688,24456.48046875
2018-07-07,,6856.93017578125,,,,
2018-07-08,,6773.8798828125,,,,
2018-07-09,329.08935546875,6741.75,1.1752262115478516,1258.0999755859375,94.6988754272461,24776.58984375
2018-07-10,334.1327209472656,6329.9501953125,1.1756960153579712,1253.800048828125,94.94991302490234,24919.66015625
2018-07-11,327.8188171386719,6394.7099609375,1.1727042198181152,1242.800048828125,94.81974792480467,24700.44921875
2018-07-12,333.04510498046875,6228.81005859375,1.1676785945892334,1245.0,96.87457275390624,24924.890625
2018-07-13,337.62646484375,6238.0498046875,1.1665889024734497,1239.5999755859375,98.02750396728516,25019.41015625
2018-07-14,,6276.1201171875,,,,
2018-07-15,,6359.64013671875,,,,
2018-07-16,342.7371826171875,6741.75,1.1679104566574097,1238.0999755859375,97.54403686523438,25064.359375
2018-07-17,343.48797607421875,7321.0400390625,1.170946478843689,1225.699951171875,98.5110321044922,25119.890625
2018-07-18,346.71221923828125,7370.77978515625,1.1653246879577637,1226.300048828125,97.73929595947266,25199.2890625
2018-07-19,341.9960632324219,7466.85986328125,1.164564609527588,1222.4000244140625,97.06983947753906,25064.5
2018-07-20,341.5822448730469,7354.1298828125,1.1655147075653076,1229.5,98.80850982666016,25058.119140625
2018-07-21,,7419.2900390625,,,,
2018-07-22,,7418.490234375,,,,
2018-07-23,340.0133972167969,7711.10986328125,1.1741912364959717,1224.0,100.38916778564452,25044.2890625
2018-07-24,344.8258056640625,8424.26953125,1.1694128513336182,1223.9000244140625,100.1009292602539,25241.939453125
2018-07-25,342.56396484375,8181.39013671875,1.1685519218444824,1231.4000244140625,103.04837036132812,25414.099609375
2018-07-26,345.8363647460937,7951.580078125,1.1737502813339231,1225.300048828125,101.92333221435548,25527.0703125
2018-07-27,347.116455078125,8165.009765625,1.16429340839386,1222.5999755859375,100.11953735351562,25451.060546875
2018-07-28,,8192.150390625,,,,
2018-07-29,,8218.4599609375,,,,
2018-07-30,337.8863525390625,8180.47998046875,1.16604483127594,1221.300048828125,97.97173309326172,25306.830078125
2018-07-31,342.9297180175781,7780.43994140625,1.170740842819214,1223.699951171875,98.63190460205078,25415.189453125
2018-08-01,339.5225524902344,7624.91015625,1.168961763381958,1217.9000244140625,98.81783294677734,25333.8203125
2018-08-02,336.6062316894531,7567.14990234375,1.1665889024734497,1210.5999755859375,100.01728057861328,25326.16015625
2018-08-03,335.3645935058594,7434.39013671875,1.1586008071899414,1214.199951171875,100.45426177978516,25462.580078125
2018-08-04,,7032.85009765625,,,,
2018-08-05,,7068.47998046875,,,,
2018-08-06,333.5648193359375,6951.7998046875,1.1562297344207764,1208.5999755859375,100.5379638671875,25502.1796875
2018-08-07,337.5975646972656,6753.1201171875,1.1558021306991575,1209.5999755859375,101.23529052734376,25628.91015625
2018-08-08,334.7294006347656,6305.7998046875,1.1602946519851685,1212.5999755859375,101.8024673461914,25583.75
2018-08-09,332.4563903808594,6568.22998046875,1.1610760688781738,1211.9000244140625,101.96981048583984,25509.23046875
2018-08-10,328.28765869140625,6184.7099609375,1.1523923873901367,1211.0999755859375,101.34687042236328,25313.140625
2018-08-11,,6295.72998046875,,,,
2018-08-12,,6322.68994140625,,,,
2018-08-13,327.2720642089844,6297.56982421875,1.1394712924957275,1191.300048828125,100.61234283447266,25187.69921875
2018-08-14,328.02655029296875,6199.7099609375,1.1402509212493896,1193.0,101.86752319335938,25299.919921875
2018-08-15,320.88836669921875,6308.52001953125,1.134571552276611,1177.5,100.48614501953124,25162.41015625
2018-08-16,334.6423645019531,6334.72998046875,1.134429931640625,1176.199951171875,100.46749877929688,25558.73046875
2018-08-17,335.0486145019531,6580.6298828125,1.1371389627456665,1176.5,100.41148376464844,25669.3203125
2018-08-18,,6423.759765625,,,,
2018-08-19,,6506.06982421875,,,,
2018-08-20,339.2463684082031,6308.52978515625,1.1437721252441406,1186.800048828125,99.74879455566406,25758.689453125
2018-08-21,342.17706298828125,6488.759765625,1.149134635925293,1192.5999755859375,98.91809844970705,25822.2890625
2018-08-22,338.55963134765625,6376.7099609375,1.1576753854751587,1196.300048828125,99.92613220214844,25733.599609375
2018-08-23,336.0932006835937,6534.8798828125,1.1584800481796265,1187.0,100.39280700683594,25656.98046875
2018-08-24,337.9309387207031,6719.9599609375,1.154334545135498,1206.300048828125,101.17684173583984,25790.349609375
2018-08-25,,6763.18994140625,,,,
2018-08-26,,6707.259765625,,,,
2018-08-27,342.1480712890625,6884.64013671875,1.164890170097351,1209.0,102.2968978881836,26049.640625
2018-08-28,339.700927734375,7096.27978515625,1.1683608293533323,1207.4000244140625,102.9129409790039,26064.01953125
2018-08-29,338.7143859863281,7047.16015625,1.1691256761550903,1204.5,104.55562591552734,26124.5703125
2018-08-30,335.5322570800781,6978.22998046875,1.1709738969802856,1197.699951171875,104.49028778076172,25986.919921875
2018-08-31,331.556884765625,7037.580078125,1.1664663553237915,1200.300048828125,104.84498596191406,25964.8203125
2018-09-01,,7193.25,,,,
2018-09-02,,7272.72021484375,,,,
2018-09-03,,7260.06005859375,1.1601063013076782,,,
2018-09-04,334.90350341796875,7361.66015625,1.161548137664795,1192.699951171875,104.26628875732422,25952.48046875
2018-09-05,335.31939697265625,6792.830078125,1.1586545705795288,1194.9000244140625,101.26085662841795,25974.990234375
2018-09-06,339.7590026855469,6529.169921875,1.1635212898254397,1197.9000244140625,101.49420166015624,25995.869140625
2018-09-07,337.8342590332031,6467.06982421875,1.162006974220276,1193.5999755859375,100.99952697753906,25916.5390625
2018-09-08,,6225.97998046875,,,,
2018-09-09,,6300.85986328125,,,,
2018-09-10,330.6573791503906,6329.7001953125,1.1561094522476196,1193.0,102.091552734375,25857.0703125
2018-09-11,333.936279296875,6321.2001953125,1.159595012664795,1195.4000244140625,103.82760620117188,25971.060546875
2018-09-12,341.8288879394531,6351.7998046875,1.1596084833145142,1204.699951171875,104.26628875732422,25998.919921875
2018-09-13,343.8117370605469,6517.31005859375,1.1629259586334229,1202.0,105.38633728027344,26145.990234375
2018-09-14,348.00946044921875,6512.7099609375,1.169180393218994,1195.0,105.81571197509766,26154.669921875
2018-09-15,,6543.2001953125,,,,
2018-09-16,,6517.18017578125,,,,
2018-09-17,344.2953186035156,6281.2001953125,1.1628988981246948,1199.699951171875,104.66763305664062,26062.119140625
2018-09-18,351.66558837890625,6371.2998046875,1.1669156551361084,1196.800048828125,105.66634368896484,26246.9609375
2018-09-19,353.2518615722656,6398.5400390625,1.167992353439331,1202.199951171875,104.25695037841795,26405.759765625
2018-09-20,355.4184875488281,6519.669921875,1.167460560798645,1206.199951171875,106.00233459472656,26656.98046875
2018-09-21,360.0321960449219,6734.9501953125,1.1775927543640137,1196.199951171875,106.64637756347656,26743.5
2018-09-22,,6721.97998046875,,,,
2018-09-23,,6710.6298828125,,,,
2018-09-24,355.93115234375,6595.41015625,1.1751019954681396,1199.300048828125,107.029052734375,26562.05078125
2018-09-25,355.196044921875,6446.47021484375,1.175295352935791,1200.0,106.82372283935548,26492.2109375
2018-09-26,353.068115234375,6495.0,1.1763184070587158,1194.0,106.38501739501952,26385.279296875
2018-09-27,355.35076904296875,6676.75,1.1748534440994265,1182.300048828125,106.786376953125,26439.9296875
2018-09-28,359.71295166015625,6644.1298828125,1.1637378931045532,1191.5,106.7490463256836,26458.310546875
2018-09-29,,6601.9599609375,,,,
2018-09-30,,6625.56005859375,,,,
2018-10-01,369.7624816894531,6589.6201171875,1.1605371236801147,1187.0999755859375,107.90641784667967,26651.2109375
2018-10-02,373.7088012695313,6556.10009765625,1.157755732536316,1202.4000244140625,107.47705841064452,26773.939453125
2018-10-03,379.4444885253906,6502.58984375,1.1551746129989624,1198.300048828125,107.4957275390625,26828.390625
2018-10-04,377.2101440429688,6576.68994140625,1.147631287574768,1197.199951171875,105.27433776855467,26627.48046875
2018-10-05,373.8055114746094,6622.47998046875,1.1518083810806274,1201.199951171875,104.6583023071289,26447.05078125
2018-10-06,,6588.31005859375,,,,
2018-10-07,,6602.9501953125,,,,
2018-10-08,373.1284790039063,6652.22998046875,1.1522595882415771,1184.4000244140625,103.46359252929688,26486.779296875
2018-10-09,372.8092956542969,6642.64013671875,1.1494120359420776,1187.199951171875,104.7796401977539,26430.5703125
2018-10-10,355.4281616210937,6585.52978515625,1.1506949663162231,1189.300048828125,99.08611297607422,25598.740234375
2018-10-11,346.3748779296875,6256.240234375,1.1533360481262207,1223.5,98.85279083251952,25052.830078125
2018-10-12,348.3093566894531,6274.580078125,1.1590440273284912,1218.0999755859375,102.2688980102539,25339.990234375
2018-10-13,,6285.990234375,,,,
2018-10-14,,6290.93017578125,,,,
2018-10-15,347.1196594238281,6596.5400390625,1.1551345586776731,1226.4000244140625,100.4301528930664,25250.55078125
2018-10-16,356.1826171875,6596.10986328125,1.1583458185195925,1227.300048828125,103.60359954833984,25798.419921875
2018-10-17,353.522705078125,6544.43017578125,1.1575279235839844,1223.699951171875,103.33293914794922,25706.6796875
2018-10-18,347.57421875,6476.7099609375,1.1500862836837769,1226.5,101.27020263671876,25379.44921875
2018-10-19,344.58551025390625,6465.41015625,1.1460003852844238,1225.300048828125,101.41950988769533,25444.33984375
2018-10-20,,6489.18994140625,,,,
2018-10-21,,6482.35009765625,,,,
2018-10-22,344.3146667480469,6487.16015625,1.1509466171264648,1221.199951171875,102.32488250732422,25317.41015625
2018-10-23,338.5790100097656,6475.740234375,1.1467890739440918,1233.4000244140625,100.89685821533205,25191.4296875
2018-10-24,343.0282287597656,6495.83984375,1.147315263748169,1227.800048828125,95.50198364257812,24583.419921875
2018-10-25,351.8493957519531,6476.2900390625,1.139925837516785,1229.0999755859375,101.0835189819336,24984.55078125
2018-10-26,347.4968566894531,6474.75,1.1377859115600586,1232.5,99.83281707763672,24688.310546875
2018-10-27,,6480.3798828125,,,,
2018-10-28,,6486.39013671875,,,,
2018-10-29,324.5928039550781,6332.6298828125,1.1398738622665403,1224.5,96.93003845214844,24442.919921875
2018-10-30,338.443603515625,6334.27001953125,1.137617588043213,1222.5999755859375,96.81804656982422,24874.640625
2018-10-31,343.2314147949219,6317.60986328125,1.1346358060836792,1212.300048828125,99.69281005859376,25115.759765625
2018-11-01,351.17236328125,6377.77978515625,1.1316697597503662,1236.0,98.8621063232422,25380.740234375
2018-11-02,346.02667236328125,6388.43994140625,1.140328884124756,1230.9000244140625,99.08611297607422,25270.830078125
2018-11-03,,6361.259765625,,,,
2018-11-04,,6376.1298828125,,,,
2018-11-05,350.1180419921875,6419.66015625,1.1397570371627808,1229.800048828125,100.3461685180664,25461.69921875
2018-11-06,354.4609069824219,6461.009765625,1.141291856765747,1223.800048828125,100.5421371459961,25635.009765625
2018-11-07,359.8290405273437,6530.14013671875,1.1438506841659546,1226.199951171875,104.4996337890625,26180.30078125
2018-11-08,360.27606201171875,6453.72021484375,1.1434059143066406,1222.9000244140625,104.30363464355467,26191.220703125
2018-11-09,358.8865051269531,6385.6201171875,1.1368415355682373,1206.4000244140625,102.2688980102539,25989.30078125
2018-11-10,,6409.22021484375,,,,
2018-11-11,,6411.27001953125,,,,
2018-11-12,346.9249267578125,6371.27001953125,1.132502794265747,1201.300048828125,99.74879455566406,25387.1796875
2018-11-13,339.6177673339844,6359.490234375,1.123342990875244,1199.199951171875,99.81412506103516,25286.490234375
2018-11-14,334.9633483886719,5738.35009765625,1.1311193704605105,1207.9000244140625,98.39866638183594,25080.5
2018-11-15,331.9024658203125,5648.02978515625,1.131183385848999,1212.800048828125,100.5640640258789,25289.26953125
2018-11-16,326.4415588378906,5575.5498046875,1.1324899196624756,1220.800048828125,101.51082611083984,25413.220703125
2018-11-17,,5554.330078125,,,,
2018-11-18,,5623.5400390625,,,,
2018-11-19,311.8563842773437,4871.490234375,1.141396164894104,1223.0999755859375,98.0705795288086,25017.439453125
2018-11-20,308.70806884765625,4451.8701171875,1.1455016136169434,1219.0,95.34274291992188,24465.640625
2018-11-21,308.3388366699219,4602.169921875,1.1372424364089966,1225.800048828125,96.65509796142578,24464.689453125
2018-11-22,,4365.93994140625,1.1388354301452637,,,
2018-11-23,303.4803466796875,4347.10986328125,1.1403158903121948,1221.0,96.61760711669922,24285.94921875
2018-11-24,,3880.760009765625,,,,
2018-11-25,,4009.969970703125,,,,
2018-11-26,307.4059753417969,3779.1298828125,1.133735418319702,1220.199951171875,99.80476379394533,24640.240234375
2018-11-27,309.0287475585937,3820.719970703125,1.1333370208740234,1211.199951171875,100.43282318115234,24748.73046875
2018-11-28,324.06085205078125,4257.419921875,1.1298797130584717,1221.4000244140625,104.16366577148438,25366.4296875
2018-11-29,332.8644714355469,4278.8466796875,1.1368545293807983,1224.0999755859375,103.29190826416016,25338.83984375
2018-11-30,336.94561767578125,4017.2685546875,1.1392766237258911,1220.199951171875,103.94806671142578,25538.4609375
2018-12-01,,4214.671875,,,,
2018-12-02,,4139.8779296875,,,,
2018-12-03,349.77197265625,3894.130859375,1.1342240571975708,1233.9000244140625,105.07293701171876,25826.4296875
2018-12-04,332.80615234375,3956.893798828125,1.135486125946045,1241.0999755859375,101.72642517089844,25027.0703125
2018-12-05,,3753.994873046875,1.1342884302139282,,,
2018-12-06,322.5061340332031,3521.101806640625,1.13490629196167,1238.0999755859375,102.35449981689452,24947.669921875
2018-12-07,314.0718688964844,3419.937255859375,1.1374752521514893,1246.800048828125,98.25804901123048,24388.94921875
2018-12-08,,3476.11474609375,,,,
2018-12-09,,3614.234375,,,,
2018-12-10,317.11328125,3502.656005859375,1.1400948762893677,1243.699951171875,100.85462951660156,24423.259765625
2018-12-11,312.9155578613281,3424.588134765625,1.1356538534164429,1241.9000244140625,101.79204559326172,24370.240234375
2018-12-12,317.4436340332031,3486.9501953125,1.1323105096817017,1244.4000244140625,102.25139617919922,24527.26953125
2018-12-13,316.2581787109375,3313.67724609375,1.1373459100723269,1242.699951171875,102.59822082519533,24597.380859375
2018-12-14,309.72833251953125,3242.48486328125,1.1363636255264282,1237.0,99.39230346679688,24100.509765625
2018-12-15,,3236.76171875,,,,
2018-12-16,,3252.839111328125,,,,
2018-12-17,307.1825256347656,3545.86474609375,1.1305949687957764,1247.4000244140625,96.44888305664062,23592.98046875
2018-12-18,318.7748718261719,3696.05908203125,1.1349835395812988,1249.199951171875,97.46125030517578,23675.640625
2018-12-19,310.5057067871094,3745.95068359375,1.137539982795715,1252.0999755859375,97.19879913330078,23323.66015625
2018-12-20,304.1896667480469,4134.44140625,1.138952136039734,1263.5999755859375,95.15528106689452,22859.599609375
2018-12-21,295.9302673339844,3896.543701171875,1.1456853151321411,1253.800048828125,92.08060455322266,22445.369140625
2018-12-22,,4014.1826171875,,,,
2018-12-23,,3998.980224609375,,,,
2018-12-24,285.8343200683594,4078.59912109375,1.1372811794281006,1267.5,88.23728942871094,21792.19921875
2018-12-25,,3815.49072265625,1.140393853187561,,,
2018-12-26,305.0447998046875,3857.297607421875,1.1415525674819946,1269.199951171875,94.2647476196289,22878.44921875
2018-12-27,308.1639404296875,3654.83349609375,1.1361312866210938,1277.300048828125,94.84593963623048,23138.8203125
2018-12-28,307.4254150390625,3923.918701171875,1.143105387687683,1279.9000244140625,94.10538482666016,23062.400390625
2018-12-29,,3820.40869140625,,,,
2018-12-30,,3865.95263671875,,,,
2018-12-31,313.3722229003906,3742.700439453125,1.1439945697784424,1278.300048828125,95.21150207519533,23327.4609375
2019-01-01,,3843.52001953125,1.1493064165115356,,,
2019-01-02,314.6451416015625,3943.409423828125,1.14617121219635,1281.0,94.7896728515625,23346.240234375
2019-01-03,302.1005859375,3836.7412109375,1.1318106651306152,1291.800048828125,91.30257415771484,22686.220703125
2019-01-04,317.8225402832031,3857.717529296875,1.1391078233718872,1282.699951171875,95.5489730834961,23433.16015625
2019-01-05,,3845.194580078125,,,,
2019-01-06,,4076.632568359375,,,,
2019-01-07,318.82342529296875,4025.248291015625,1.1410444974899292,1286.800048828125,95.67083740234376,23531.349609375
2019-01-08,330.89190673828125,4030.847900390625,1.1479737758636477,1283.199951171875,96.36450958251952,23787.44921875
2019-01-09,334.0985107421875,4035.29638671875,1.1456066370010376,1289.300048828125,97.74248504638672,23879.119140625
2019-01-10,342.6300048828125,3678.924560546875,1.1554949283599854,1284.699951171875,97.11444091796876,24001.919921875
2019-01-11,342.91180419921875,3687.365478515625,1.151012897491455,1287.0999755859375,96.36450958251952,23995.94921875
2019-01-12,,3661.301025390625,,,,
2019-01-13,,3552.953125,,,,
2019-01-14,340.44366455078125,3706.05224609375,1.146013617515564,1289.0999755859375,95.66148376464844,23909.83984375
2019-01-15,342.2704772949219,3630.67529296875,1.1472889184951782,1286.199951171875,98.43617248535156,24065.58984375
2019-01-16,342.0956115722656,3655.0068359375,1.1416828632354736,1291.5999755859375,98.78298950195312,24207.16015625
2019-01-17,348.92657470703125,3678.56396484375,1.1398088932037354,1291.0,99.47666931152344,24370.099609375
2019-01-18,354.406982421875,3657.83935546875,1.13926362991333,1281.300048828125,100.96713256835938,24706.349609375
2019-01-19,,3728.568359375,,,,
2019-01-20,,3601.013671875,,,,
2019-01-21,,3576.032470703125,1.1365574598312378,,,
2019-01-22,347.7702941894531,3604.5771484375,1.136932134628296,1282.5,99.06422424316406,24404.48046875
2019-01-23,348.4601745605469,3585.123046875,1.1364023685455322,1283.0999755859375,100.02973175048828,24575.619140625
2019-01-24,348.1298217773437,3600.865478515625,1.1388224363327026,1279.0999755859375,99.55165100097656,24553.240234375
2019-01-25,353.8919982910156,3599.765869140625,1.1313496828079224,1297.4000244140625,100.46092987060548,24737.19921875
2019-01-26,,3602.46044921875,,,,
2019-01-27,,3583.9658203125,,,,
2019-01-28,352.69677734375,3470.450439453125,1.1413049697875977,1302.4000244140625,98.50180053710938,24528.220703125
2019-01-29,354.5818786621094,3448.116943359375,1.143000841140747,1308.199951171875,96.4957504272461,24579.9609375
2019-01-30,376.7463073730469,3486.181640625,1.1435366868972778,1309.9000244140625,99.72039031982422,25014.859375
2019-01-31,374.7057189941406,3457.792724609375,1.1487650871276855,1319.699951171875,97.89244842529295,24999.669921875
2019-02-01,376.4645080566406,3487.9453125,1.1449507474899292,1316.9000244140625,96.34575653076172,25063.890625
2019-02-02,,3521.060791015625,,,,
2019-02-03,,3464.013427734375,,,,
2019-02-04,385.763671875,3459.154052734375,1.1455278396606443,1314.300048828125,99.12046813964844,25239.369140625
2019-02-05,398.5706176757813,3466.357421875,1.1436283588409424,1314.199951171875,100.50782012939452,25411.51953125
2019-02-06,399.4742736816406,3413.767822265625,1.140992522239685,1309.5,99.39230346679688,25390.30078125
2019-02-07,395.6802673339844,3399.4716796875,1.1365960836410522,1309.4000244140625,98.67989349365234,25169.529296875
2019-02-08,395.4263610839844,3666.7802734375,1.1338768005371094,1313.699951171875,99.05484771728516,25106.330078125
2019-02-09,,3671.20361328125,,,,
2019-02-10,,3690.188232421875,,,,
2019-02-11,394.4888916015625,3648.4306640625,1.1324259042739868,1307.0,98.66111755371094,25053.109375
2019-02-12,401.1003112792969,3653.528564453125,1.1279042959213257,1309.199951171875,100.19849395751952,25425.759765625
2019-02-13,400.9635314941406,3632.070556640625,1.1334655284881592,1310.800048828125,100.12346649169922,25543.26953125
2019-02-14,400.2213745117188,3616.880859375,1.12649405002594,1309.800048828125,100.20785522460938,25439.390625
2019-02-15,408.1804809570313,3620.810791015625,1.1295350790023804,1318.0999755859375,101.44522094726562,25883.25
2019-02-16,,3629.78759765625,,,,
2019-02-17,,3673.836181640625,,,,
2019-02-18,,3915.71435546875,1.1298030614852903,,,
2019-02-19,406.5105590820313,3947.094482421875,1.131196141242981,1340.0999755859375,101.39832305908205,25891.3203125
2019-02-20,411.6766357421875,3999.820556640625,1.1343011856079102,1343.300048828125,100.87115478515624,25954.439453125
2019-02-21,407.7995910644531,3954.1181640625,1.1346358060836792,1323.5,102.99871826171876,25850.630859375
2019-02-22,414.1180725097656,4005.526611328125,1.1343011856079102,1329.199951171875,104.46732330322266,26031.810546875
2019-02-23,,4142.52685546875,,,,
2019-02-24,,3810.427490234375,,,,
2019-02-25,416.8720397949219,3882.6962890625,1.1342240571975708,1325.9000244140625,105.05098724365234,26091.94921875
2019-02-26,416.77435302734375,3854.35791015625,1.1367511749267578,1325.0999755859375,105.77584838867188,26057.98046875
2019-02-27,425.2413024902344,3851.04736328125,1.139315485954285,1317.699951171875,105.5969696044922,25985.16015625
2019-02-28,429.6554260253906,3854.785400390625,1.1380189657211304,1312.800048828125,105.46517181396484,25916.0
2019-03-01,430.2999877929688,3859.583740234375,1.1373459100723269,1296.4000244140625,105.93588256835938,26026.3203125
2019-03-02,,3864.4150390625,,,,
2019-03-03,,3847.17578125,,,,
2019-03-04,422.5556945800781,3761.55712890625,1.1375917196273804,1284.800048828125,105.68169403076172,25819.650390625
2019-03-05,420.0458984375,3896.375,1.133735418319702,1282.0,105.15453338623048,25806.630859375
2019-03-06,414.51849365234375,3903.942626953125,1.1307101249694824,1284.9000244140625,105.20159912109376,25673.4609375
2019-03-07,412.6629638671875,3911.484375,1.1314009428024292,1283.800048828125,103.92129516601562,25473.23046875
2019-03-08,412.6434631347656,3901.131591796875,1.1198333501815796,1297.0,104.03425598144533,25450.240234375
2019-03-09,,3963.313720703125,,,,
2019-03-10,,3951.599853515625,,,,
2019-03-11,390.6411437988281,3905.227294921875,1.1232421398162842,1288.800048828125,106.21833038330078,25650.880859375
2019-03-12,366.6173095703125,3909.15625,1.1259232759475708,1296.300048828125,106.96202087402344,25554.66015625
2019-03-13,368.3067932128906,3906.71728515625,1.1287446022033691,1307.5,107.79044342041016,25702.890625
2019-03-14,364.5567321777344,3924.369140625,1.133105993270874,1293.4000244140625,107.87517547607422,25709.939453125
2019-03-15,370.1134643554688,3960.9111328125,1.1308379173278809,1301.800048828125,109.11784362792967,25848.869140625
2019-03-16,,4048.725830078125,,,,
2019-03-17,,4025.22900390625,,,,
2019-03-18,363.56060791015625,4032.50732421875,1.1319772005081177,1300.300048828125,110.6805419921875,25914.099609375
2019-03-19,364.68365478515625,4071.190185546875,1.133619785308838,1305.0,110.75587463378906,25887.380859375
2019-03-20,367.3497314453125,4087.476318359375,1.135486125946045,1300.5,110.63347625732422,25745.669921875
2019-03-21,363.97076416015625,4029.326904296875,1.1427918672561646,1306.0999755859375,113.17526245117188,25962.509765625
2019-03-22,353.6874084472656,4023.96826171875,1.1375011205673218,1311.5999755859375,110.19103240966795,25502.3203125
2019-03-23,,4035.826416015625,,,,
2019-03-24,,4022.168212890625,,,,
2019-03-25,361.7832336425781,3963.070556640625,1.129586100578308,1321.9000244140625,110.76529693603516,25516.830078125
2019-03-26,361.7051086425781,3985.080810546875,1.131580114364624,1314.300048828125,111.00064086914062,25657.73046875
2019-03-27,365.4454345703125,4087.066162109375,1.127484679222107,1309.9000244140625,109.92743682861328,25625.58984375
2019-03-28,365.6700134277344,4069.107177734375,1.1251758337020874,1289.800048828125,110.07805633544922,25717.4609375
2019-03-29,372.4865417480469,4098.37451171875,1.1230024099349976,1293.0,111.02889251708984,25928.6796875
2019-03-30,,4106.66015625,,,,
2019-03-31,,4105.404296875,,,,
2019-04-01,382.3695068359375,4158.18310546875,1.1223849058151243,1288.4000244140625,112.04559326171876,26258.419921875
2019-04-02,381.5980529785156,4879.8779296875,1.1205737590789795,1290.0,112.20562744140624,26179.130859375
2019-04-03,375.728759765625,4973.02197265625,1.1203854084014893,1289.9000244140625,112.93991088867188,26218.130859375
2019-04-04,386.58831787109375,4922.798828125,1.1246949434280396,1289.0,112.36566162109376,26384.630859375
2019-04-05,382.7503967285156,5036.68115234375,1.1225864887237549,1290.4000244140625,112.8646011352539,26424.990234375
2019-04-06,,5059.8173828125,,,,
2019-04-07,,5198.89697265625,,,,
2019-04-08,365.7481384277344,5289.77099609375,1.121956706047058,1297.0999755859375,112.90225982666016,26341.01953125
2019-04-09,360.3965148925781,5204.95849609375,1.1256444454193115,1303.5,112.29035186767578,26150.580078125
2019-04-10,356.3925170898437,5324.5517578125,1.126697063446045,1309.0999755859375,113.14702606201172,26157.16015625
2019-04-11,361.49029541015625,5064.48779296875,1.127650022506714,1288.5999755859375,113.2788314819336,26143.05078125
2019-04-12,370.7482604980469,5089.5390625,1.1260753870010376,1290.5999755859375,113.86248016357422,26412.30078125
2019-04-13,,5096.58642578125,,,,
2019-04-14,,5167.72216796875,,,,
2019-04-15,366.6661682128906,5067.1083984375,1.1305055618286133,1286.800048828125,113.95661926269533,26384.76953125
2019-04-16,372.779541015625,5235.5595703125,1.1304928064346311,1272.5999755859375,113.69303894042967,26452.66015625
2019-04-17,368.6778869628906,5251.93798828125,1.128502607345581,1272.199951171875,114.63445281982422,26449.5390625
2019-04-18,371.1681823730469,5298.3857421875,1.129713773727417,1271.9000244140625,116.14068603515624,26559.5390625
2019-04-19,,5303.8125,1.1235954761505127,,,
2019-04-20,,5337.88623046875,,,,
2019-04-21,,5314.53125,,,,
2019-04-22,366.3829345703125,5399.365234375,1.1244546175003052,1273.5,116.5078353881836,26511.05078125
2019-04-23,365.2598571777344,5572.3623046875,1.1258978843688965,1269.300048828125,118.0894012451172,26656.390625
2019-04-24,366.6661682128906,5464.86669921875,1.122435212135315,1275.5,117.68457794189452,26597.05078125
2019-04-25,373.8341979980469,5210.515625,1.1153494119644165,1275.800048828125,121.5819854736328,26462.080078125
2019-04-26,371.8713073730469,5279.34814453125,1.113684892654419,1284.9000244140625,122.27863311767578,26543.330078125
2019-04-27,,5268.291015625,,,,
2019-04-28,,5285.13916015625,,,,
2019-04-29,370.1720275878906,5247.3525390625,1.1150261163711548,1278.5999755859375,122.16565704345705,26554.390625
2019-04-30,368.8438720703125,5350.7265625,1.1185182332992554,1282.800048828125,122.94702911376952,26592.91015625
2019-05-01,367.9747314453125,5402.697265625,1.121604323387146,1281.4000244140625,120.38639831542967,26430.140625
2019-05-02,366.9981689453125,5505.28369140625,1.1200841665267944,1269.699951171875,118.81427764892578,26307.7890625
2019-05-03,367.6427001953125,5768.28955078125,1.1173559427261353,1279.199951171875,121.34661102294922,26504.94921875
2019-05-04,,5831.16748046875,,,,
2019-05-05,,5795.70849609375,,,,
2019-05-06,362.89654541015625,5746.80712890625,1.1185808181762695,1281.699951171875,120.64057159423828,26438.48046875
2019-05-07,348.8631286621094,5829.50146484375,1.1201846599578855,1283.5,118.16468811035156,25965.08984375
2019-05-08,351.3240966796875,5982.45751953125,1.1191065311431885,1279.4000244140625,118.15530395507812,25967.330078125
2019-05-09,347.8226013183594,6174.52880859375,1.1198333501815796,1283.5,118.14585876464844,25828.359375
2019-05-10,348.3529663085937,6378.84912109375,1.1222084760665894,1285.699951171875,119.68035888671876,25942.369140625
2019-05-11,,7204.771484375,,,,
2019-05-12,,6972.37158203125,,,,
2019-05-13,331.361083984375,7814.9150390625,1.1236460208892822,1300.0999755859375,116.1218490600586,25324.990234375
2019-05-14,336.9301147460937,7994.416015625,1.1232547760009766,1294.699951171875,117.42096710205078,25532.05078125
2019-05-15,339.4837951660156,8205.16796875,1.1204482316970823,1296.300048828125,119.07454681396484,25648.01953125
2019-05-16,347.5082702636719,7884.9091796875,1.1207244396209717,1285.0,121.82415008544922,25862.6796875
2019-05-17,348.6966857910156,7343.8955078125,1.1173559427261353,1274.5,121.01156616210938,25764.0
2019-05-18,,7271.2080078125,,,,
2019-05-19,,8197.689453125,,,,
2019-05-20,346.5064392089844,7978.30908203125,1.1165324449539185,1276.0999755859375,119.26351928710938,25679.900390625
2019-05-21,352.3602905273437,7963.32763671875,1.1168566942214966,1272.0,119.90603637695312,25877.330078125
2019-05-22,346.4966125488281,7680.06640625,,1273.5999755859375,120.63360595703124,25776.609375
2019-05-23,344.3063049316406,7881.8466796875,1.1155484914779663,1284.800048828125,119.22573852539062,25490.470703125
2019-05-24,348.578857421875,7987.37158203125,1.1184556484222412,1283.0,119.28238677978516,25585.689453125
2019-05-25,,8052.5439453125,,,,
2019-05-26,,8673.2158203125,,,,
2019-05-27,,8805.7783203125,1.1209630966186523,,,
2019-05-28,348.5592346191406,8719.9619140625,1.11938214302063,1276.5,119.20682525634766,25347.76953125
2019-05-29,342.5874938964844,8659.4873046875,1.1170687675476074,1280.5999755859375,118.05406188964844,25126.41015625
2019-05-30,343.6384582519531,8319.47265625,1.1137346029281616,1287.0999755859375,118.80052185058594,25169.880859375
2019-05-31,335.5255432128906,8574.501953125,1.1131147146224976,1305.800048828125,116.86351776123048,24815.0390625
2019-06-01,,8564.0166015625,,,,
2019-06-02,,8742.9580078125,,,,
2019-06-03,332.8540344238281,8208.9951171875,1.1174057722091677,1322.699951171875,113.23513793945312,24819.779296875
2019-06-04,338.48193359375,7707.77099609375,1.124631643295288,1323.4000244140625,116.3721923828125,25332.1796875
2019-06-05,342.53839111328125,7824.2314453125,1.1254037618637085,1328.300048828125,118.89501190185548,25539.5703125
2019-06-06,344.3947448730469,7822.0234375,1.1229015588760376,1337.5999755859375,120.7753448486328,25720.66015625
2019-06-07,347.4002380371094,8043.951171875,1.127650022506714,1341.199951171875,124.15802001953124,25983.939453125
2019-06-08,,7954.1279296875,,,,
2019-06-09,,7688.0771484375,,,,
2019-06-10,347.4984436035156,8000.32958984375,1.1320157051086426,1324.699951171875,125.29187774658205,26062.6796875
2019-06-11,343.1080627441406,7927.71435546875,1.1318106651306152,1326.4000244140625,124.81946563720705,26048.509765625
2019-06-12,340.8490295410156,8145.857421875,1.1329518556594849,1331.9000244140625,124.2430648803711,26004.830078125
2019-06-13,342.6464233398437,8230.923828125,1.1295605897903442,1339.199951171875,125.02730560302734,26106.76953125
2019-06-14,340.9767150878906,8693.8330078125,1.128044366836548,1340.0999755859375,125.15018463134766,26089.609375
2019-06-15,,8838.375,,,,
2019-06-16,,8994.48828125,,,,
2019-06-17,348.578857421875,9320.3525390625,1.1217050552368164,1338.699951171875,125.52814483642578,26112.529296875
2019-06-18,367.2993469238281,9081.7626953125,1.1224603652954102,1346.5999755859375,127.71078491210938,26465.5390625
2019-06-19,361.99554443359375,9273.521484375,1.1198208332061768,1344.5999755859375,128.21156311035156,26504.0
2019-06-20,368.2029724121094,9527.16015625,1.1238480806350708,1392.9000244140625,129.4021759033203,26753.169921875
2019-06-21,365.2171020507813,10144.556640625,1.1295605897903442,1396.199951171875,129.4210662841797,26719.130859375
2019-06-22,,10701.69140625,,,,
2019-06-23,,10855.37109375,,,,
2019-06-24,367.3288269042969,11011.1025390625,1.1384724378585815,1414.300048828125,130.18638610839844,26727.5390625
2019-06-25,362.7420349121094,11790.9169921875,1.140029788017273,1414.9000244140625,126.0761489868164,26548.220703125
2019-06-26,368.2619323730469,13016.2314453125,1.1369967460632324,1411.5999755859375,126.548583984375,26536.8203125
2019-06-27,357.5364074707031,11182.806640625,1.1374752521514893,1408.4000244140625,126.75643157958984,26526.580078125
2019-06-28,357.526611328125,12407.33203125,1.1372941732406616,1409.699951171875,126.57695770263672,26599.9609375
2019-06-29,,11959.37109375,,,,
2019-06-30,,10817.1552734375,,,,
2019-07-01,350.1110534667969,10583.134765625,1.1364928483963013,1385.5999755859375,128.20211791992188,26717.4296875
2019-07-02,347.85205078125,10801.677734375,1.1287446022033691,1404.5999755859375,129.05255126953125,26786.6796875
2019-07-03,348.1565246582031,11961.26953125,1.1293054819107056,1417.699951171875,129.88404846191406,26966.0
2019-07-04,,11215.4375,1.128795504570007,,,
2019-07-05,349.521728515625,10978.4599609375,1.128579020500183,1396.699951171875,129.50604248046875,26922.119140625
2019-07-06,,11208.55078125,,,,
2019-07-07,,11450.8466796875,,,,
2019-07-08,344.8661804199219,12285.9580078125,1.1227376461029053,1397.0,129.41163635253906,26806.140625
2019-07-09,346.80108642578125,12573.8125,1.121604323387146,1397.5,128.93919372558594,26783.490234375
2019-07-10,346.025146484375,12156.5126953125,1.120824933052063,1410.0999755859375,130.25254821777344,26860.19921875
2019-07-11,352.6058044433594,11358.662109375,1.125885248184204,1404.300048828125,130.77223205566406,27088.080078125
2019-07-12,358.82305908203125,11815.986328125,1.1252391338348389,1409.9000244140625,131.24465942382812,27332.029296875
2019-07-13,,11392.37890625,,,,
2019-07-14,,10256.05859375,,,,
2019-07-15,355.1693115234375,10895.08984375,1.1272051334381104,1411.4000244140625,131.24465942382812,27359.16015625
2019-07-16,356.2890319824219,9477.6416015625,1.126176834106445,1409.199951171875,129.5249481201172,27335.630859375
2019-07-17,362.9384765625,9693.802734375,1.121227145195007,1421.300048828125,128.75962829589844,27219.849609375
2019-07-18,354.6782531738281,10666.482421875,1.12296462059021,1426.0999755859375,128.9013671875,27222.970703125
2019-07-19,370.6388244628906,10530.732421875,1.1261515617370603,1425.0999755859375,129.09030151367188,27154.19921875
2019-07-20,,10767.1396484375,,,,
2019-07-21,,10599.10546875,,,,
2019-07-22,366.7690124511719,10343.1064453125,1.1218308210372925,1425.300048828125,130.80055236816406,27171.900390625
2019-07-23,366.42523193359375,9900.767578125,1.1206114292144775,1420.0999755859375,131.61314392089844,27349.189453125
2019-07-24,354.9925537109375,9811.92578125,1.11512553691864,1422.800048828125,132.96438598632812,27269.970703125
2019-07-25,341.89013671875,9911.841796875,1.1142433881759644,1413.9000244140625,132.46356201171875,27140.98046875
2019-07-26,338.8551940917969,9870.3037109375,1.1146159172058103,1418.5,133.5501708984375,27192.44921875
2019-07-27,,9477.677734375,,,,
2019-07-28,,9552.8603515625,,,,
2019-07-29,334.1505126953125,9519.1455078125,1.1132138967514038,1419.5999755859375,133.2572479248047,27221.349609375
2019-07-30,341.2713623046875,9607.423828125,1.1143054962158203,1429.699951171875,132.6147918701172,27198.01953125
2019-07-31,335.1031799316406,10085.6279296875,1.1157974004745483,1426.0999755859375,128.75962829589844,26864.26953125
2019-08-01,328.3359680175781,10399.6689453125,1.107174515724182,1420.9000244140625,130.45095825195312,26583.419921875
2019-08-02,333.5120849609375,10518.1748046875,1.1078859567642212,1445.5999755859375,129.35488891601562,26485.009765625
2019-08-03,,10821.7265625,,,,
2019-08-04,,10970.1845703125,,,,
2019-08-05,325.1634521484375,11805.6533203125,1.1108025312423706,1464.5999755859375,124.9233856201172,25717.740234375
2019-08-06,326.5287170410156,11478.1689453125,1.1243788003921509,1472.4000244140625,127.2667236328125,26029.51953125
2019-08-07,325.477783203125,11941.96875,1.1206992864608765,1507.300048828125,127.8241729736328,26007.0703125
2019-08-08,332.4206848144531,11966.4072265625,1.12043559551239,1497.699951171875,131.2352294921875,26378.189453125
2019-08-09,333.6066589355469,11862.9365234375,1.1187183856964111,1496.5999755859375,130.12025451660156,26287.439453125
2019-08-10,,11354.0244140625,,,,
2019-08-11,,11523.5791015625,,,,
2019-08-12,329.050537109375,11382.6162109375,1.1208499670028689,1505.300048828125,128.30606079101562,25896.439453125
2019-08-13,328.9714660644531,10895.830078125,1.1218308210372925,1502.199951171875,130.9612274169922,26279.91015625
2019-08-14,316.67681884765625,10051.7041015625,1.1177055835723877,1515.9000244140625,127.01741027832033,25479.419921875
2019-08-15,324.1682434082031,10311.5458984375,1.1143302917480469,1519.5999755859375,126.73297882080078,25579.390625
2019-08-16,326.5896301269531,10374.3388671875,1.1113580465316772,1512.5,129.05563354492188,25886.009765625
2019-08-17,,10231.744140625,,,,
2019-08-18,,10345.810546875,,,,
2019-08-19,329.8807373046875,10916.0537109375,1.109385371208191,1500.4000244140625,131.21717834472656,26135.7890625
2019-08-20,327.8744506835937,10763.232421875,1.1083157062530518,1504.5999755859375,130.12692260742188,25962.439453125
2019-08-21,336.0181579589844,10138.0498046875,1.1097793579101562,1504.5999755859375,131.57740783691406,26202.73046875
2019-08-22,350.2697448730469,10131.0556640625,1.10907781124115,1497.300048828125,130.61993408203125,26252.240234375
2019-08-23,351.8510437011719,10407.96484375,1.108401656150818,1526.5999755859375,126.45804595947266,25628.900390625
2019-08-24,,10159.9609375,,,,
2019-08-25,,10138.517578125,,,,
2019-08-26,354.8456420898437,10370.8203125,1.1143054962158203,1526.300048828125,128.41102600097656,25898.830078125
2019-08-27,350.58599853515625,10185.5,1.1103708744049072,1541.0,128.68594360351562,25777.900390625
2019-08-28,355.7647705078125,9754.4228515625,1.109004020690918,1537.800048828125,128.51527404785156,26036.099609375
2019-08-29,358.5023803710937,9510.2001953125,1.1085859537124634,1526.5,130.94224548339844,26362.25
2019-08-30,359.8366394042969,9598.173828125,1.1061947345733645,1519.0999755859375,130.6957550048828,26403.279296875
2019-08-31,,9630.6640625,,,,
2019-09-01,,9757.970703125,,,,
2019-09-02,,10346.7607421875,1.099178910255432,,,
2019-09-03,350.2796325683594,10623.5400390625,1.0968520641326904,1545.9000244140625,128.9703369140625,26118.01953125
2019-09-04,352.3649597167969,10594.4931640625,1.0974539518356323,1550.300048828125,130.4777069091797,26355.470703125
2019-09-05,356.0909118652344,10575.533203125,1.10349702835083,1515.4000244140625,132.77195739746094,26728.150390625
2019-09-06,358.7593688964844,10353.302734375,1.1036310195922852,1506.199951171875,131.87136840820312,26797.4609375
2019-09-07,,10517.2548828125,,,,
2019-09-08,,10441.2763671875,,,,
2019-09-09,354.5886535644531,10334.974609375,1.1020619869232178,1502.199951171875,130.3734130859375,26835.509765625
2019-09-10,365.1735534667969,10115.9755859375,1.1048381328582764,1490.300048828125,129.0082550048828,26909.4296875
2019-09-11,378.4664306640625,10178.3720703125,1.1050333976745603,1494.4000244140625,129.04617309570312,27137.0390625
2019-09-12,371.2418518066406,10410.126953125,1.101345777511597,1498.699951171875,130.3734130859375,27182.44921875
2019-09-13,375.3235778808594,10360.546875,1.1058276891708374,1490.9000244140625,130.18382263183594,27219.51953125
2019-09-14,,10358.048828125,,,,
2019-09-15,,10347.712890625,,,,
2019-09-16,374.4241943359375,10276.7939453125,1.1083402633666992,1503.0999755859375,129.2452392578125,27076.8203125
2019-09-17,379.7117309570313,10241.2724609375,1.100594401359558,1505.0999755859375,130.25018310546875,27110.80078125
2019-09-18,381.8959045410156,10198.248046875,1.1074687242507937,1507.5,131.32147216796875,27147.080078125
2019-09-19,379.9489135742188,10266.4150390625,1.1031439304351809,1498.4000244140625,133.7389678955078,27094.7890625
2019-09-20,374.9579162597656,10181.6416015625,1.1048502922058103,1507.300048828125,132.19366455078125,26935.0703125
2019-09-21,,10019.716796875,,,,
2019-09-22,,10070.392578125,,,,
2019-09-23,372.6254577636719,9729.32421875,1.1019041538238523,1523.699951171875,131.9092254638672,26949.990234375
2019-09-24,377.1914978027344,8620.56640625,1.0993722677230835,1532.0999755859375,130.24073791503906,26807.76953125
2019-09-25,381.6883544921875,8486.9931640625,1.1016855239868164,1504.5999755859375,132.11781311035156,26970.7109375
2019-09-26,382.3703002929688,8118.9677734375,1.0952903032302856,1507.5,132.28843688964844,26891.119140625
2019-09-27,378.3873596191406,8251.845703125,1.0922753810882568,1499.0999755859375,130.57254028320312,26820.25
2019-09-28,,8245.9150390625,,,,
2019-09-29,,8104.185546875,,,,
2019-09-30,376.0252685546875,8293.8681640625,1.0942714214324951,1465.699951171875,131.8050079345703,26916.830078125
2019-10-01,370.5599060058594,8343.2763671875,1.0899657011032104,1482.0,129.94683837890625,26573.0390625
2019-10-02,363.06842041015625,8393.0419921875,1.0934937000274658,1501.0,127.6525650024414,26078.619140625
2019-10-03,367.7234191894531,8259.9921875,1.0963709354400637,1507.0999755859375,129.1978759765625,26201.0390625
2019-10-04,371.3110046386719,8205.939453125,1.0975382328033447,1506.199951171875,130.94224548339844,26573.720703125
2019-10-05,,8151.50048828125,,,,
2019-10-06,,7988.15576171875,,,,
2019-10-07,372.1412048339844,8245.623046875,1.098659634590149,1497.699951171875,129.99417114257812,26478.01953125
2019-10-08,369.7297058105469,8228.783203125,1.0972130298614502,1497.199951171875,128.6195526123047,26164.0390625
2019-10-09,370.5796508789063,8595.740234375,1.0960105657577517,1506.0999755859375,131.05601501464844,26346.009765625
2019-10-10,366.6659240722656,8586.4736328125,1.098780393600464,1494.800048828125,131.87136840820312,26496.669921875
2019-10-11,370.5401611328125,8321.7568359375,1.1011033058166504,1482.699951171875,132.42120361328125,26816.58984375
2019-10-12,,8336.5556640625,,,,
2019-10-13,,8321.005859375,,,,
2019-10-14,368.8204345703125,8374.6865234375,1.1030004024505615,1491.699951171875,132.2979278564453,26787.359375
2019-10-15,366.6263732910156,8205.369140625,1.1029006242752075,1477.5999755859375,134.2129364013672,27024.80078125
2019-10-16,368.0791931152344,8047.52685546875,1.1034727096557615,1488.0,133.1132049560547,27001.98046875
2019-10-17,364.7485961914063,8103.9111328125,1.107493281364441,1492.300048828125,132.4306640625,27025.880859375
2019-10-18,339.9813232421875,7973.20751953125,1.1127183437347412,1488.199951171875,130.26913452148438,26770.19921875
2019-10-19,,7988.560546875,,,,
2019-10-20,,8222.078125,,,,
2019-10-21,327.1925048828125,8243.720703125,1.1155734062194824,1482.4000244140625,131.23611450195312,26827.640625
2019-10-22,333.0631103515625,8078.203125,1.1151753664016724,1481.699951171875,129.28318786621094,26788.099609375
2019-10-23,336.522216796875,7514.671875,1.112928867340088,1489.9000244140625,130.10797119140625,26833.94921875
2019-10-24,340.5248718261719,7493.48876953125,1.1132385730743408,1498.9000244140625,132.66766357421875,26805.529296875
2019-10-25,335.86004638671875,8660.7001953125,1.1103955507278442,1499.5,133.4166259765625,26958.060546875
2019-10-26,,9244.97265625,,,,
2019-10-27,,9551.71484375,,,,
2019-10-28,336.89776611328125,9256.1484375,1.108426213264465,1490.0,136.69679260253906,27090.720703125
2019-10-29,344.8537292480469,9427.6875,1.1099148988723757,1487.0,135.407470703125,27071.4609375
2019-10-30,342.0172424316406,9205.7265625,1.1114816665649414,1493.199951171875,137.094970703125,27186.689453125
2019-10-31,335.9391174316406,9199.5849609375,1.1154489517211914,1511.4000244140625,135.91941833496094,27046.23046875
2019-11-01,341.1574401855469,9261.1044921875,1.1157102584838867,1508.0,136.25120544433594,27347.359375
2019-11-02,,9324.7177734375,,,,
2019-11-03,,9235.3544921875,,,,
2019-11-04,346.9884948730469,9412.6123046875,1.1166571378707886,1508.0,137.03810119628906,27462.109375
2019-11-05,354.1044006347656,9342.52734375,1.1128545999526978,1480.800048828125,136.9527587890625,27492.630859375
2019-11-06,350.05230712890625,9360.8798828125,1.107419729232788,1490.199951171875,136.57354736328125,27492.560546875
2019-11-07,355.1966857910156,9267.5615234375,1.1070396900177002,1464.199951171875,136.7631378173828,27674.80078125
2019-11-08,348.92401123046875,8804.880859375,1.1019697189331057,1461.300048828125,138.3748321533203,27681.240234375
2019-11-09,,8813.58203125,,,,
2019-11-10,,9055.5263671875,,,,
2019-11-11,364.7896118164063,8757.7880859375,1.102244257926941,1455.5,138.51702880859375,27691.490234375
2019-11-12,360.7337341308594,8815.662109375,1.1035456657409668,1452.0999755859375,139.42715454101562,27691.490234375
2019-11-13,360.3559875488281,8808.2626953125,1.1012367010116575,1461.699951171875,139.65467834472656,27783.58984375
2019-11-14,365.2667846679688,8708.0947265625,1.101321578025818,1471.800048828125,140.36572265625,27781.9609375
2019-11-15,369.481689453125,8491.9921875,1.1020498275756836,1467.300048828125,142.1764373779297,28004.890625
2019-11-16,,8550.7607421875,,,,
2019-11-17,,8577.9755859375,,,,
2019-11-18,367.2748107910156,8309.2861328125,1.105509877204895,1470.9000244140625,142.5271759033203,28036.220703125
2019-11-19,364.8293762207031,8206.1455078125,1.1072357892990112,1473.300048828125,142.57461547851562,27934.01953125
2019-11-20,368.71624755859375,8027.26806640625,1.1080001592636108,1473.300048828125,142.32725524902344,27821.08984375
2019-11-21,364.2726745605469,7642.75,1.1078859567642212,1463.0999755859375,142.19410705566406,27766.2890625
2019-11-22,369.1437072753906,7296.57763671875,1.1065863370895386,1463.0999755859375,142.2987518310547,27875.619140625
2019-11-23,,7397.796875,,,,
2019-11-24,,7047.9169921875,,,,
2019-11-25,370.9231262207031,7146.1337890625,1.1022562980651855,1456.5999755859375,143.85877990722656,28066.470703125
2019-11-26,371.3008728027344,7218.37109375,1.1014429330825806,1459.800048828125,144.61984252929688,28121.6796875
2019-11-27,365.8234558105469,7531.66357421875,1.1022562980651855,1453.4000244140625,144.89566040039062,28164.0
2019-11-28,,7463.10595703125,1.1004853248596191,,,
2019-11-29,364.0142211914063,7761.24365234375,1.101176142692566,1465.5999755859375,144.0015411376953,28051.41015625
2019-11-30,,7569.6298828125,,,,
2019-12-01,,7424.29248046875,,,,
2019-12-02,353.07928466796875,7321.98828125,1.1019041538238523,1462.300048828125,142.2606658935547,27783.0390625
2019-12-03,349.99761962890625,7320.1455078125,1.1079105138778689,1478.199951171875,142.0323944091797,27502.810546875
2019-12-04,346.7767639160156,7252.03466796875,1.1085245609283447,1474.0,142.54608154296875,27649.779296875
2019-12-05,343.6354675292969,7448.3076171875,1.108303427696228,1476.9000244140625,142.62217712402344,27677.7890625
2019-12-06,351.9957275390625,7546.99658203125,1.1105434894561768,1459.0999755859375,144.35345458984375,28015.060546875
2019-12-07,,7556.23779296875,,,,
2019-12-08,,7564.34521484375,,,,
2019-12-09,349.1327514648437,7400.8994140625,1.105888843536377,1459.300048828125,143.98248291015625,27909.599609375
2019-12-10,345.84234619140625,7278.11962890625,1.106499433517456,1462.5999755859375,143.763671875,27881.720703125
2019-12-11,347.929931640625,7217.42724609375,1.1092746257781982,1469.4000244140625,144.305908203125,27911.30078125
2019-12-12,344.24188232421875,7243.13427734375,1.1135857105255127,1466.699951171875,145.77084350585938,28132.05078125
2019-12-13,339.6492004394531,7269.6845703125,1.1186057329177856,1475.5999755859375,146.99790954589844,28135.380859375
2019-12-14,,7124.673828125,,,,
2019-12-15,,7152.3017578125,,,,
2019-12-16,325.0659484863281,6932.48046875,1.1124460697174072,1475.0,147.94923400878906,28235.890625
2019-12-17,325.0659484863281,6640.51513671875,1.1136974096298218,1474.5999755859375,147.15016174316406,28267.16015625
2019-12-18,328.72418212890625,7276.802734375,1.115138053894043,1472.5999755859375,146.8457794189453,28239.279296875
2019-12-19,331.5274963378906,7202.84423828125,1.1115927696228027,1478.199951171875,148.12046813964844,28376.9609375
2019-12-20,326.0600280761719,7218.81640625,1.1125946044921875,1474.699951171875,149.737548828125,28455.08984375
2019-12-21,,7191.15869140625,,,,
2019-12-22,,7511.5888671875,,,,
2019-12-23,335.5535583496094,7355.62841796875,1.1079840660095217,1482.5,149.737548828125,28551.529296875
2019-12-24,331.03045654296875,7322.5322265625,1.109385371208191,1499.0999755859375,149.7090606689453,28515.44921875
2019-12-25,,7275.15576171875,1.1090162992477417,,,
2019-12-26,327.9686889648437,7238.966796875,1.1095454692840576,1509.300048828125,150.93614196777344,28621.390625
2019-12-27,328.1874084472656,7290.08837890625,1.110111951828003,1513.800048828125,151.2120361328125,28645.259765625
2019-12-28,,7317.990234375,,,,
2019-12-29,,7422.65283203125,,,,
2019-12-30,324.4695129394531,7292.9951171875,1.1182304620742798,1514.5,149.90879821777344,28462.140625
2019-12-31,323.83331298828125,7193.59912109375,1.120229721069336,1519.5,150.01351928710938,28538.439453125
2020-01-01,,7200.17431640625,1.1220825910568235,,,
2020-01-02,331.3485717773437,6985.47021484375,1.1220825910568235,1524.5,152.79112243652344,28868.80078125
2020-01-03,330.7919006347656,7344.88427734375,1.1171437501907349,1549.199951171875,150.88865661621094,28634.880859375
2020-01-04,,7410.65673828125,,,,
2020-01-05,,7411.3173828125,,,,
2020-01-06,331.7660827636719,7769.21923828125,1.1161960363388062,1566.199951171875,151.27867126464844,28703.380859375
2020-01-07,335.28515625,8163.6923828125,1.1197994947433472,1571.800048828125,149.89930725097656,28583.6796875
2020-01-08,329.4100952148437,8079.86279296875,1.1154738664627075,1557.4000244140625,152.28695678710938,28745.08984375
2020-01-09,334.3507080078125,7879.0712890625,1.1113210916519165,1551.699951171875,154.18948364257812,28956.900390625
2020-01-10,327.9686889648437,8166.55419921875,1.1111111640930176,1557.5,153.47601318359375,28823.76953125
2020-01-11,,8037.53759765625,,,,
2020-01-12,,8192.494140625,,,,
2020-01-13,328.26690673828125,8144.1943359375,1.111666917800903,1548.4000244140625,155.32150268554688,28907.05078125
2020-01-14,330.3843078613281,8827.7646484375,1.1135733127593994,1542.4000244140625,154.22752380371094,28939.669921875
2020-01-15,327.8493957519531,8807.0107421875,1.113089919090271,1552.0999755859375,155.22630310058594,29030.220703125
2020-01-16,330.036376953125,8723.7861328125,1.1154004335403442,1549.0,158.0706024169922,29297.640625
2020-01-17,322.2328186035156,8929.0380859375,1.1139578819274902,1558.800048828125,158.95529174804688,29348.099609375
2020-01-18,,8942.80859375,,,,
2020-01-19,,8706.2451171875,,,,
2020-01-20,,8657.642578125,1.1094592809677124,,,
2020-01-21,311.5165710449219,8745.89453125,1.109693169593811,1556.4000244140625,158.38453674316406,29196.0390625
2020-01-22,307.17242431640625,8680.8759765625,1.108561396598816,1555.300048828125,157.6234588623047,29186.26953125
2020-01-23,315.9104309082031,8406.515625,1.1096439361572266,1564.5999755859375,158.59381103515625,29160.08984375
2020-01-24,321.1393127441406,8445.4345703125,1.1055220365524292,1571.0999755859375,156.9956817626953,28989.73046875
2020-01-25,,8367.84765625,,,,
2020-01-26,,8596.830078125,,,,
2020-01-27,314.7274780273437,8909.8193359375,1.102535843849182,1576.800048828125,154.3701934814453,28535.80078125
2020-01-28,314.6877136230469,9358.58984375,1.101976990699768,1569.199951171875,157.3952178955078,28722.849609375
2020-01-29,320.1153869628906,9316.6298828125,1.1022562980651855,1569.800048828125,159.84947204589844,28734.44921875
2020-01-30,321.3878173828125,9508.9931640625,1.1016855239868164,1583.5,164.35842895507812,28859.439453125
2020-01-31,316.3875732421875,9350.529296875,1.1029127836227417,1582.9000244140625,161.9326934814453,28256.029296875
2020-02-01,,9392.875,,,,
2020-02-02,,9344.365234375,,,,
2020-02-03,314.1310119628906,9293.521484375,1.1089794635772705,1577.199951171875,165.8804168701172,28399.810546875
2020-02-04,316.0595397949219,9180.962890625,1.1062926054000854,1550.4000244140625,171.3406219482422,28807.630859375
2020-02-05,327.6008605957031,9613.423828125,1.1047282218933103,1557.800048828125,171.13140869140625,29290.849609375
2020-02-06,339.4106140136719,9729.8017578125,1.100231051445007,1565.0999755859375,174.6796112060547,29379.76953125
2020-02-07,334.75830078125,9795.943359375,1.0982975959777832,1568.5999755859375,174.92691040039062,29102.509765625
2020-02-08,,9865.119140625,,,,
2020-02-09,,10116.673828125,,,,
2020-02-10,342.6314697265625,9856.611328125,1.0949305295944214,1574.699951171875,179.5024871826172,29276.8203125
2020-02-11,342.3829345703125,10208.236328125,1.0913456678390503,1565.5999755859375,175.4500732421875,29276.33984375
2020-02-12,345.39501953125,10326.0546875,1.091941475868225,1567.4000244140625,175.70692443847656,29551.419921875
2020-02-13,342.82000732421875,10214.3798828125,1.0875948667526243,1575.0999755859375,174.75567626953125,29423.310546875
2020-02-14,340.489990234375,10312.1162109375,1.0845986604690552,1582.699951171875,176.3157958984375,29398.080078125
2020-02-15,,9889.4248046875,,,,
2020-02-16,,9934.43359375,,,,
2020-02-17,,9690.142578125,1.0841753482818604,,,
2020-02-18,338.8800048828125,10141.99609375,1.0840108394622805,1600.0,178.10414123535156,29232.189453125
2020-02-19,338.29998779296875,9633.38671875,1.079540491104126,1607.5,178.6382598876953,29348.029296875
2020-02-20,336.2799987792969,9608.4755859375,1.081009864807129,1616.5999755859375,175.9102783203125,29219.98046875
2020-02-21,330.3800048828125,9686.44140625,1.078799843788147,1644.5999755859375,170.3492431640625,28992.41015625
2020-02-22,,9663.181640625,,,,
2020-02-23,,9924.515625,,,,
2020-02-24,317.8999938964844,9650.1748046875,1.0839051008224487,1672.4000244140625,163.0045623779297,27960.80078125
2020-02-25,304.1400146484375,9341.705078125,1.0849199295043943,1646.9000244140625,160.31468200683594,27081.359375
2020-02-26,305.5899963378906,8820.5224609375,1.0881996154785156,1640.0,162.31777954101562,26957.58984375
2020-02-27,287.760009765625,8784.494140625,1.088589429855347,1640.0,150.88107299804688,25766.640625
2020-02-28,275.1099853515625,8672.455078125,1.0997228622436523,1564.0999755859375,154.53431701660156,25409.359375
2020-02-29,,8599.5087890625,,,,
2020-03-01,,8562.4541015625,,,,
2020-03-02,289.2699890136719,8869.669921875,1.1051311492919922,1592.300048828125,164.81690979003906,26703.3203125
2020-03-03,280.6199951171875,8787.7861328125,1.114404797554016,1642.0999755859375,156.9189453125,25917.41015625
2020-03-04,283.1199951171875,8755.24609375,1.118067979812622,1641.0999755859375,162.6802520751953,27090.859375
2020-03-05,260.3699951171875,9078.7626953125,1.113908290863037,1666.4000244140625,158.59774780273438,26121.279296875
2020-03-06,262.3299865722656,9122.5458984375,1.1223849058151243,1670.800048828125,154.11459350585938,25864.779296875
2020-03-07,,8909.9541015625,,,,
2020-03-08,,8108.1162109375,,,,
2020-03-09,227.1699981689453,7923.64453125,1.1386020183563232,1674.5,143.66986083984375,23851.01953125
2020-03-10,231.00999450683597,7909.7294921875,1.139796018600464,1659.0999755859375,153.49459838867188,25018.16015625
2020-03-11,189.0800018310547,7911.43017578125,1.1316505670547483,1641.4000244140625,146.541015625,23553.220703125
2020-03-12,154.83999633789062,4970.7880859375,1.1261515617370603,1589.300048828125,132.64329528808594,21200.619140625
2020-03-13,170.1999969482422,5563.70703125,1.1184931993484497,1515.699951171875,151.50111389160156,23185.619140625
2020-03-14,,5200.3662109375,,,,
2020-03-15,,5392.31494140625,,,,
2020-03-16,129.61000061035156,5014.47998046875,1.115536093711853,1485.9000244140625,129.17123413085938,20188.51953125
2020-03-17,124.13999938964844,5225.62939453125,1.1163206100463867,1524.9000244140625,139.80679321289062,21237.380859375
2020-03-18,101.88999938964844,5238.4384765625,1.101552128791809,1477.300048828125,133.9214630126953,19898.919921875
2020-03-19,97.70999908447266,6191.19287109375,1.0961546897888184,1478.5999755859375,136.12489318847656,20087.189453125
2020-03-20,95.01000213623048,6198.7783203125,1.0657345056533811,1484.0,131.01222229003906,19173.98046875
2020-03-21,,6185.06640625,,,,
2020-03-22,,5830.2548828125,,,,
2020-03-23,105.62000274658205,6416.31494140625,1.0694386959075928,1567.0,129.7053985595703,18591.9296875
2020-03-24,127.68000030517578,6734.8037109375,1.0764610767364502,1660.199951171875,141.4950714111328,20704.91015625
2020-03-25,158.72999572753906,6681.06298828125,1.080263614654541,1632.300048828125,140.140625,21200.55078125
2020-03-26,180.5500030517578,6716.4404296875,1.0889569520950315,1650.0999755859375,148.9065704345703,22552.169921875
2020-03-27,162.0,6469.79833984375,1.1048258543014526,1623.9000244140625,142.79234313964844,21636.779296875
2020-03-28,,6242.19384765625,,,,
2020-03-29,,5922.04296875,,,,
2020-03-30,152.27999877929688,6429.841796875,1.113908290863037,1622.0,152.83644104003906,22327.48046875
2020-03-31,149.13999938964844,6438.64453125,1.1030466556549072,1583.4000244140625,150.43272399902344,21917.16015625
2020-04-01,130.6999969482422,6606.7763671875,1.102657437324524,1578.199951171875,145.09112548828125,20943.509765625
2020-04-02,123.2699966430664,6793.62451171875,1.0953621864318848,1625.699951171875,148.0957794189453,21413.439453125
2020-04-03,124.5199966430664,6733.38720703125,1.0847399234771729,1633.699951171875,146.73178100585938,21052.529296875
2020-04-04,,6867.52734375,,,,
2020-04-05,,6791.12939453125,,,,
2020-04-06,148.77000427246094,7271.78125,1.0806955099105835,1677.0,157.6439208984375,22679.990234375
2020-04-07,141.5800018310547,7176.41455078125,1.0803803205490112,1664.800048828125,155.94601440429688,22653.859375
2020-04-08,146.8699951171875,7334.0986328125,1.0895144939422607,1665.4000244140625,157.5103759765625,23433.5703125
2020-04-09,151.83999633789062,7302.08935546875,1.0863661766052246,1736.199951171875,157.51991271972656,23719.369140625
2020-04-10,,6865.4931640625,1.0927408933639526,,,
2020-04-11,,6859.0830078125,,,,
2020-04-12,,6971.091796875,,,,
2020-04-13,147.3300018310547,6845.03759765625,1.0932666063308716,1744.800048828125,157.87283325195312,23390.76953125
2020-04-14,141.0,6842.427734375,1.0922993421554563,1756.699951171875,165.68487548828125,23949.759765625
2020-04-15,145.97999572753906,6642.10986328125,1.098538875579834,1727.199951171875,163.9488525390625,23504.349609375
2020-04-16,134.24000549316406,7116.80419921875,1.0905101299285889,1720.4000244140625,168.87075805664062,23537.6796875
2020-04-17,154.0,7096.1845703125,1.0858471393585205,1689.199951171875,170.3587646484375,24242.490234375
2020-04-18,,7257.6650390625,,,,
2020-04-19,,7189.4248046875,,,,
2020-04-20,143.61000061035156,6881.95849609375,1.0866966247558594,1701.5999755859375,166.98216247558594,23650.439453125
2020-04-21,136.3300018310547,6880.3232421875,1.0864840745925903,1678.199951171875,160.07620239257812,23018.880859375
2020-04-22,134.97000122070312,7117.20751953125,1.0856467485427856,1728.699951171875,165.51318359375,23475.8203125
2020-04-23,137.74000549316406,7429.724609375,1.080964207649231,1733.300048828125,163.51011657714844,23515.259765625
2020-04-24,128.97999572753906,7550.90087890625,1.077702283859253,1723.5,166.4956512451172,23775.26953125
2020-04-25,,7569.93603515625,,,,
2020-04-26,,7679.8671875,,,,
2020-04-27,128.67999267578125,7795.60107421875,1.08236825466156,1711.9000244140625,166.01876831054688,24133.779296875
2020-04-28,131.3000030517578,7807.05859375,1.0824854373931885,1710.5,161.974365234375,24101.55078125
2020-04-29,139.0,8801.0380859375,1.0836584568023682,1703.4000244140625,169.2427520751953,24633.859375
2020-04-30,141.02000427246094,8658.5537109375,1.087725043296814,1684.199951171875,170.94065856933594,24345.720703125
2020-05-01,133.3699951171875,8864.7666015625,1.094546914100647,1694.5,166.51480102539062,23723.689453125
2020-05-02,,8988.5966796875,,,,
2020-05-03,,8897.46875,,,,
2020-05-04,131.4600067138672,8912.654296875,1.0959625244140625,1706.9000244140625,170.5876922607422,23749.759765625
2020-05-05,125.4000015258789,9003.0703125,1.0904293060302734,1704.4000244140625,172.41912841796875,23883.08984375
2020-05-06,121.86000061035156,9268.76171875,1.0838581323623655,1684.199951171875,174.1169891357422,23664.640625
2020-05-07,128.64999389648438,9951.5185546875,1.0798553228378296,1721.800048828125,175.12811279296875,23875.890625
2020-05-08,133.44000244140625,9842.666015625,1.0837171077728271,1709.9000244140625,176.15821838378906,24331.3203125
2020-05-09,,9593.896484375,,,,
2020-05-10,,8756.4306640625,,,,
2020-05-11,128.91000366210938,8601.7958984375,1.0839520692825315,1695.300048828125,178.12319946289062,24221.990234375
2020-05-12,125.22000122070312,8804.4775390625,1.080940842628479,1704.4000244140625,174.08837890625,23764.779296875
2020-05-13,121.5,9269.9873046875,1.0846810340881348,1713.9000244140625,171.45574951171875,23247.970703125
2020-05-14,122.5199966430664,9733.7216796875,1.08236825466156,1738.0999755859375,172.19972229003906,23625.33984375
2020-05-15,120.0,9328.197265625,1.0806955099105835,1753.4000244140625,174.70838928222656,23685.419921875
2020-05-16,,9377.013671875,,,,
2020-05-17,,9670.7392578125,,,,
2020-05-18,135.44000244140625,9726.5751953125,1.0821340084075928,1731.800048828125,176.37765502929688,24597.369140625
2020-05-19,130.44000244140625,9729.0380859375,1.0915124416351318,1744.199951171875,175.15672302246094,24206.859375
2020-05-20,133.32000732421875,9522.9814453125,1.0927767753601074,1750.5999755859375,177.58621215820312,24575.900390625
2020-05-21,139.0,9081.76171875,1.0982975959777832,1720.5,175.45321655273438,24474.119140625
2020-05-22,137.52999877929688,9182.5771484375,1.0952903032302856,1734.5999755859375,175.5297393798828,24465.16015625
2020-05-23,,9209.287109375,,,,
2020-05-24,,8790.3681640625,,,,
2020-05-25,,8906.9345703125,1.0907801389694214,,,
2020-05-26,144.72999572753906,8835.052734375,1.0902997255325315,1704.800048828125,173.6741180419922,24995.109375
2020-05-27,149.52000427246094,9181.017578125,1.0981770753860474,1710.300048828125,173.9036865234375,25548.26953125
2020-05-28,149.82000732421875,9525.7509765625,1.1016855239868164,1713.300048828125,173.5115203857422,25400.640625
2020-05-29,145.85000610351562,9439.1240234375,1.1079105138778689,1736.9000244140625,175.2810516357422,25383.109375
2020-05-30,,9700.4140625,,,,
2020-05-31,,9461.05859375,,,,
2020-06-01,151.38999938964844,10167.2685546875,1.1118524074554443,1737.800048828125,174.87930297851562,25475.01953125
2020-06-02,153.30999755859375,9529.8037109375,1.1125946044921875,1725.199951171875,176.86888122558594,25742.650390625
2020-06-03,173.16000366210938,9656.7177734375,1.118943691253662,1697.800048828125,177.2992706298828,26269.890625
2020-06-04,184.3000030517578,9800.63671875,1.1235954761505127,1718.9000244140625,174.96539306640625,26281.8203125
2020-06-05,205.42999267578125,9665.533203125,1.1337867975234983,1676.199951171875,179.05921936035156,27110.98046875
2020-06-06,,9653.6796875,,,,
2020-06-07,,9758.8525390625,,,,
2020-06-08,230.5,9771.4892578125,1.1319515705108645,1698.300048828125,180.1688232421875,27572.439453125
2020-06-09,216.7400054931641,9795.7001953125,1.1305567026138306,1714.699951171875,181.5461883544922,27272.30078125
2020-06-10,203.41000366210935,9870.0947265625,1.1332215070724487,1713.300048828125,188.2800445556641,26989.990234375
2020-06-11,170.0,9321.78125,1.1365444660186768,1732.0,178.1697540283203,25128.169921875
2020-06-12,189.50999450683597,9480.84375,1.1288082599639893,1729.300048828125,179.57577514648438,25605.5390625
2020-06-13,,9475.27734375,,,,
2020-06-14,,9386.7880859375,,,,
2020-06-15,190.94000244140625,9450.7021484375,1.1252011060714722,1720.300048828125,180.72360229492188,25763.16015625
2020-06-16,197.7700042724609,9538.0244140625,1.1337740421295166,1729.5999755859375,185.15228271484372,26289.98046875
2020-06-17,192.5399932861328,9480.2548828125,1.1265701055526731,1729.199951171875,185.79315185546875,26119.609375
2020-06-18,192.2899932861328,9411.8408203125,1.1242902278900146,1724.800048828125,187.78265380859372,26080.099609375
2020-06-19,187.0200042724609,9288.0185546875,1.1211000680923462,1745.9000244140625,186.6635589599609,25871.4609375
2020-06-20,,9332.3408203125,,,,
2020-06-21,,9303.6298828125,,,,
2020-06-22,188.5200042724609,9648.7177734375,1.1177555322647097,1756.699951171875,191.8478546142578,26024.9609375
2020-06-23,187.8800048828125,9629.658203125,1.1279679536819458,1772.0999755859375,193.1295928955078,26156.099609375
2020-06-24,176.69000244140625,9313.6103515625,1.1312345266342163,1765.800048828125,189.23655700683597,25445.939453125
2020-06-25,174.8800048828125,9264.8134765625,1.1250872611999512,1762.0999755859375,191.62782287597656,25745.599609375
2020-06-26,170.00999450683594,9162.91796875,1.1222084760665894,1772.5,187.79226684570312,25015.55078125
2020-06-27,,9045.390625,,,,
2020-06-28,,9143.58203125,,,,
2020-06-29,194.4900054931641,9190.8544921875,1.1225864887237549,1774.800048828125,189.8104553222656,25595.80078125
2020-06-30,183.3000030517578,9137.9931640625,1.1247202157974243,1793.0,194.6600341796875,25812.880859375
2020-07-01,180.32000732421875,9228.3251953125,1.1235954761505127,1773.199951171875,195.7982482910156,25734.970703125
2020-07-02,180.80999755859372,9123.41015625,1.1251378059387207,1784.0,197.2903594970703,25827.359375
2020-07-03,,9087.3037109375,1.1237848997116089,,,
2020-07-04,,9132.48828125,,,,
2020-07-05,,9073.9423828125,,,,
2020-07-06,187.91000366210935,9375.474609375,1.1247202157974243,1788.5,201.537353515625,26287.029296875
2020-07-07,178.8800048828125,9252.27734375,1.1312856674194336,1804.199951171875,199.19386291503903,25890.1796875
2020-07-08,180.0800018310547,9428.3330078125,1.1275228261947632,1815.5,203.5746917724609,26067.279296875
2020-07-09,173.27999877929688,9277.9677734375,1.1339154243469238,1799.199951171875,204.99989318847656,25706.08984375
2020-07-10,178.44000244140625,9278.8076171875,1.128795504570007,1798.199951171875,204.37814331054688,26075.30078125
2020-07-11,,9240.3466796875,,,,
2020-07-12,,9276.5,,,,
2020-07-13,175.64999389648438,9243.6142578125,1.1310042142868042,1811.0,198.06521606445312,26085.80078125
2020-07-14,179.9600067138672,9243.2138671875,1.134549617767334,1810.5999755859373,199.28956604003903,26642.58984375
2020-07-15,187.94000244140625,9192.8369140625,1.1410704851150513,1811.4000244140625,198.9929962158203,26870.099609375
2020-07-16,178.6999969482422,9132.2275390625,1.1417193412780762,1798.699951171875,195.0522003173828,26734.7109375
2020-07-17,175.66000366210938,9151.392578125,1.139211654663086,1808.300048828125,194.05740356445312,26671.94921875
2020-07-18,,9159.0400390625,,,,
2020-07-19,,9185.8173828125,,,,
2020-07-20,174.4199981689453,9164.2314453125,1.1442956924438477,1815.9000244140625,202.398193359375,26680.869140625
2020-07-21,178.6300048828125,9374.8876953125,1.1458691358566284,1842.4000244140625,199.672119140625,26840.400390625
2020-07-22,179.7899932861328,9525.36328125,1.15340256690979,1864.0999755859373,202.54165649414065,27005.83984375
2020-07-23,176.4499969482422,9581.072265625,1.1568717956542969,1889.0999755859373,193.7321319580078,26652.330078125
2020-07-24,173.75999450683594,9536.892578125,1.1596084833145142,1897.300048828125,192.5460662841797,26469.890625
2020-07-25,,9677.11328125,,,,
2020-07-26,,9905.1669921875,,,,
2020-07-27,170.2100067138672,10990.873046875,1.1652567386627195,1931.0,194.98521423339844,26584.76953125
2020-07-28,170.83999633789062,10912.8232421875,1.1769275665283203,1944.699951171875,193.23483276367188,26379.279296875
2020-07-29,166.00999450683594,11100.4677734375,1.171879529953003,1953.5,195.18609619140625,26539.5703125
2020-07-30,161.9499969482422,11111.2138671875,1.1782865524291992,1942.300048828125,195.0330047607422,26313.650390625
2020-07-31,158.0,11323.466796875,1.1872254610061646,1962.800048828125,196.0948028564453,26428.3203125
2020-08-01,,11759.5927734375,,,,
2020-08-02,,11053.6142578125,,,,
2020-08-03,162.27000427246094,11246.3486328125,1.1782310009002686,1966.0,207.1233367919922,26664.400390625
2020-08-04,165.07000732421875,11205.892578125,1.1763322353363037,2001.199951171875,204.01470947265625,26828.470703125
2020-08-05,174.27999877929688,11747.0224609375,1.181544303894043,2031.0999755859373,203.67991638183597,27201.51953125
2020-08-06,172.1999969482422,11779.7734375,1.187281847000122,2051.5,206.94161987304688,27386.98046875
2020-08-07,170.02000427246094,11601.47265625,1.1876484155654907,2010.0999755859373,203.23992919921875,27433.48046875
2020-08-08,,11754.0458984375,,,,
2020-08-09,,11675.7392578125,,,,
2020-08-10,179.41000366210938,11878.111328125,1.178272724151611,2024.4000244140625,199.19386291503903,27791.439453125
2020-08-11,180.1300048828125,11410.525390625,1.1737778186798096,1932.5999755859373,194.53565979003903,27686.91015625
2020-08-12,175.44000244140625,11584.9345703125,1.1736538410186768,1934.9000244140625,200.09298706054688,27976.83984375
2020-08-13,174.72999572753906,11784.1376953125,1.179380178451538,1956.699951171875,199.62432861328125,27896.720703125
2020-08-14,178.0800018310547,11768.87109375,1.1816558837890625,1937.0,199.81561279296875,27931.01953125
2020-08-15,,11865.6982421875,,,,
2020-08-16,,11892.8037109375,,,,
2020-08-17,172.00999450683594,12254.40234375,1.1852554082870483,1985.0,201.13555908203125,27844.91015625
2020-08-18,170.22999572753906,11991.2333984375,1.1876484155654907,1999.4000244140625,202.29299926757807,27778.0703125
2020-08-19,169.27000427246094,11758.283203125,1.1947859525680542,1958.699951171875,201.065673828125,27692.880859375
2020-08-20,169.5800018310547,11878.3720703125,1.1843500137329102,1933.800048828125,205.7447662353516,27739.73046875
2020-08-21,167.5,11592.4892578125,1.1873664855957031,1934.5999755859373,204.2490081787109,27930.330078125
2020-08-22,,11681.8251953125,,,,
2020-08-23,,11664.84765625,,,,
2020-08-24,178.27000427246094,11774.595703125,1.1798018217086792,1927.699951171875,204.89138793945312,28308.4609375
2020-08-25,174.72999572753906,11366.134765625,1.1794538497924805,1911.800048828125,207.5569610595703,28248.439453125
2020-08-26,171.89999389648438,11488.36328125,1.183501958847046,1940.699951171875,212.0442352294922,28331.919921875
2020-08-27,174.1999969482422,11323.3974609375,1.1842728853225708,1921.5999755859373,217.2506561279297,28492.26953125
2020-08-28,175.8000030517578,11542.5,1.1819632053375244,1964.5999755859373,219.48471069335935,28653.869140625
2020-08-29,,11506.865234375,,,,
2020-08-30,,11711.505859375,,,,
2020-08-31,171.82000732421875,11680.8203125,1.1918240785598757,1967.5999755859373,216.243896484375,28430.05078125
2020-09-01,172.10000610351562,11970.478515625,1.193901538848877,1968.199951171875,217.9122772216797,28645.66015625
2020-09-02,174.77999877929688,11414.0341796875,1.1923214197158811,1934.4000244140625,222.11187744140625,29100.5
2020-09-03,168.77000427246094,10245.296875,1.184735894203186,1927.5999755859373,208.35276794433597,28292.73046875
2020-09-04,171.0500030517578,10511.8134765625,1.1839784383773804,1923.9000244140625,205.4282989501953,28133.310546875
2020-09-05,,10169.5673828125,,,,
2020-09-06,,10280.3515625,,,,
2020-09-07,,10369.5634765625,1.183445930480957,,,
2020-09-08,161.0800018310547,10131.5166015625,1.182172775268555,1933.0,194.3155975341797,27500.890625
2020-09-09,160.77999877929688,10242.34765625,1.177024483680725,1944.699951171875,202.5902099609375,27940.470703125
2020-09-10,157.69000244140625,10363.138671875,1.1806375980377195,1954.199951171875,196.91400146484372,27534.580078125
2020-09-11,160.22999572753906,10400.9150390625,1.1824384927749634,1937.800048828125,195.62913513183597,27665.640625
2020-09-12,,10442.1708984375,,,,
2020-09-13,,10323.755859375,,,,
2020-09-14,165.35000610351562,10680.837890625,1.1842728853225708,1953.0999755859373,196.95233154296875,27993.330078125
2020-09-15,163.49000549316406,10796.951171875,1.187000036239624,1956.300048828125,200.18356323242188,27995.599609375
2020-09-16,167.4600067138672,10974.9052734375,1.1844412088394165,1960.199951171875,196.60711669921875,28032.380859375
2020-09-17,167.52999877929688,10948.990234375,1.1803449392318726,1940.0,194.55523681640625,27901.98046875
2020-09-18,161.13999938964844,10944.5859375,1.1848200559616089,1952.0999755859373,192.1389923095703,27657.419921875
2020-09-19,,11094.3466796875,,,,
2020-09-20,,10938.271484375,,,,
2020-09-21,156.35000610351562,10462.259765625,1.1845533847808838,1901.199951171875,194.20050048828125,27147.69921875
2020-09-22,156.8000030517578,10538.4599609375,1.176800012588501,1898.5999755859373,198.87957763671875,27288.1796875
2020-09-23,151.17999267578125,10246.1865234375,1.1708368062973022,1859.9000244140625,192.33079528808597,26763.130859375
2020-09-24,146.0500030517578,10760.06640625,1.1658544540405271,1868.300048828125,194.82373046875,26815.439453125
2020-09-25,156.02999877929688,10692.716796875,1.1673243045806885,1857.699951171875,199.2631378173828,27173.9609375
2020-09-26,,10750.7236328125,,,,
2020-09-27,,10775.26953125,,,,
2020-09-28,166.0800018310547,10709.65234375,1.1635348796844482,1872.800048828125,200.81640625,27584.060546875
2020-09-29,163.60000610351562,10844.640625,1.167883276939392,1894.300048828125,198.7261505126953,27452.66015625
2020-09-30,165.25999450683594,10784.4912109375,1.1742050647735596,1887.5,201.66976928710935,27781.69921875
2020-10-01,167.86000061035156,10619.4521484375,1.1726078987121582,1908.4000244140625,203.7120819091797,27816.900390625
2020-10-02,168.0800018310547,10575.974609375,1.1744946241378784,1900.199951171875,197.7002716064453,27682.810546875
2020-10-03,,10549.3291015625,,,,
2020-10-04,,10669.5830078125,,,,
2020-10-05,171.1999969482422,10793.33984375,1.1720443964004517,1912.5,201.7176971435547,28148.640625
2020-10-06,159.5399932861328,10604.40625,1.1792453527450562,1901.0999755859373,197.43174743652344,27772.759765625
2020-10-07,164.61000061035156,10668.96875,1.1737639904022217,1883.5999755859373,201.1903381347656,28303.4609375
2020-10-08,168.0,10915.685546875,1.176747441291809,1888.5999755859373,201.90945434570312,28425.509765625
2020-10-09,167.3300018310547,11064.4580078125,1.1767003536224363,1919.5,206.924072265625,28586.900390625
2020-10-10,,11296.361328125,,,,
2020-10-11,,11384.181640625,,,,
2020-10-12,167.35000610351562,11555.36328125,1.181683897972107,1922.5,212.28396606445312,28837.51953125
2020-10-13,162.13999938964844,11425.8994140625,1.1816140413284302,1888.5,213.683837890625,28679.810546875
2020-10-14,163.24000549316406,11429.5068359375,1.1742188930511477,1901.300048828125,211.7661895751953,28514.0
2020-10-15,164.24000549316406,11495.349609375,1.1743981838226318,1903.199951171875,210.61558532714844,28494.19921875
2020-10-16,167.35000610351562,11322.123046875,1.1707134246826172,1900.800048828125,210.61558532714844,28606.310546875
2020-10-17,,11358.1015625,,,,
2020-10-18,,11483.359375,,,,
2020-10-19,167.11000061035156,11742.037109375,1.171550154685974,1906.4000244140625,205.3995819091797,28195.419921875
2020-10-20,167.24000549316406,11916.3349609375,1.176885962486267,1910.4000244140625,205.81187438964844,28308.7890625
2020-10-21,163.86000061035156,12823.689453125,1.1829839944839478,1924.5999755859373,205.9557037353516,28210.8203125
2020-10-22,169.07000732421875,12965.8916015625,1.1853959560394287,1901.0999755859373,206.0419921875,28363.66015625
2020-10-23,167.36000061035156,12931.5390625,1.1815024614334106,1902.0,207.3268280029297,28335.5703125
2020-10-24,,13108.0625,,,,
2020-10-25,,13031.173828125,,,,
2020-10-26,160.8300018310547,13075.248046875,1.184848070144653,1902.699951171875,201.4300537109375,27685.380859375
2020-10-27,155.24000549316406,13654.21875,1.180944323539734,1908.800048828125,204.46951293945312,27463.189453125
2020-10-28,148.13999938964844,13271.28515625,1.1784114837646484,1876.199951171875,194.334716796875,26519.94921875
2020-10-29,148.2899932861328,13437.8828125,1.1748672723770142,1865.5999755859373,196.290771484375,26659.109375
2020-10-30,144.38999938964844,13546.5224609375,1.1678695678710938,1877.4000244140625,194.1333923339844,26501.599609375
2020-10-31,,13780.9951171875,,,,
2020-11-01,,13737.109375,,,,
2020-11-02,148.60000610351562,13550.4892578125,1.1642121076583862,1890.4000244140625,193.99917602539065,26925.05078125
2020-11-03,153.64999389648438,13950.30078125,1.1642799377441406,1908.5,197.93032836914065,27480.029296875
2020-11-04,151.6300048828125,14133.70703125,1.176221489906311,1894.5999755859373,207.48020935058597,27847.66015625
2020-11-05,157.08999633789062,15579.8486328125,1.17326819896698,1945.300048828125,214.09613037109372,28390.1796875
2020-11-06,157.74000549316406,15565.880859375,1.1817537546157837,1950.300048828125,214.5083923339844,28323.400390625
2020-11-07,,14833.75390625,,,,
2020-11-08,,15479.5673828125,,,,
2020-11-09,179.36000061035156,15332.3154296875,1.1893010139465332,1853.199951171875,209.3978729248047,29157.970703125
2020-11-10,188.69000244140625,15290.90234375,1.182732105255127,1875.4000244140625,202.32171630859372,29420.919921875
2020-11-11,182.1499938964844,15701.33984375,1.1818794012069702,1860.699951171875,207.63365173339844,29397.630859375
2020-11-12,176.72000122070312,16276.34375,1.1780297756195068,1872.5999755859373,206.56935119628903,29080.169921875
2020-11-13,187.1100006103516,16317.80859375,1.1803393363952637,1885.699951171875,207.59527587890625,29479.810546875
2020-11-14,,16068.138671875,,,,
2020-11-15,,15955.587890625,,,,
2020-11-16,202.3999938964844,16716.111328125,1.1845253705978394,1887.300048828125,208.28561401367188,29950.439453125
2020-11-17,210.0500030517578,17645.40625,1.1859441995620728,1884.5,205.62973022460935,29783.349609375
2020-11-18,203.3000030517578,17804.005859375,1.186366319656372,1873.5,202.91876220703125,29438.419921875
2020-11-19,205.6699981689453,17817.08984375,1.1847639083862305,1861.0999755859373,204.20689392089844,29483.23046875
2020-11-20,199.6199951171875,18621.314453125,1.1866477727890017,1872.5999755859373,202.2554168701172,29263.48046875
2020-11-21,,18642.232421875,,,,
2020-11-22,,18370.001953125,,,,
2020-11-23,211.52999877929688,18364.12109375,1.1866477727890017,1837.800048828125,201.9862060546875,29591.26953125
2020-11-24,218.4900054931641,19107.46484375,1.1842728853225708,1804.800048828125,205.5912628173828,30046.240234375
2020-11-25,217.6100006103516,18732.12109375,1.1900511980056765,1805.699951171875,205.600830078125,29872.470703125
2020-11-26,,17150.623046875,1.1920002698898315,,,
2020-11-27,216.5,17108.40234375,1.191599726676941,1781.9000244140625,206.90826416015625,29910.369140625
2020-11-28,,17717.4140625,,,,
2020-11-29,,18177.484375,,,,
2020-11-30,210.7100067138672,19625.8359375,1.1971460580825806,1775.699951171875,205.79315185546875,29638.640625
2020-12-01,213.00999450683597,18802.998046875,1.193816065788269,1814.0999755859373,207.85040283203125,29823.919921875
2020-12-02,223.8500061035156,19201.091796875,1.2074378728866575,1825.699951171875,207.04286193847656,29883.7890625
2020-12-03,237.1999969482422,19445.3984375,1.2114603519439695,1836.800048828125,205.95655822753903,29969.51953125
2020-12-04,232.7100067138672,18699.765625,1.2145650386810305,1835.9000244140625,206.0718994140625,30218.259765625
2020-12-05,,19154.23046875,,,,
2020-12-06,,19345.12109375,,,,
2020-12-07,238.1699981689453,19191.630859375,1.212135910987854,1861.800048828125,206.004638671875,30069.7890625
2020-12-08,236.57000732421875,18321.14453125,1.2113136053085327,1870.800048828125,207.65809631347656,30173.880859375
2020-12-09,232.05999755859372,18553.916015625,1.2110936641693115,1834.5999755859373,203.6109161376953,30068.810546875
2020-12-10,234.42999267578125,18264.9921875,1.207875370979309,1833.5999755859373,202.38038635253903,29999.259765625
2020-12-11,230.3300018310547,18058.904296875,1.2144293785095217,1839.800048828125,205.01443481445312,30046.369140625
2020-12-12,,18803.65625,,,,
2020-12-13,,19142.3828125,,,,
2020-12-14,228.6199951171875,19246.64453125,1.213340401649475,1828.699951171875,205.9180908203125,29861.55078125
2020-12-15,229.5,19417.076171875,1.214889645576477,1852.300048828125,205.85081481933597,30199.310546875
2020-12-16,225.8699951171875,21310.59765625,1.2154301404953003,1856.0999755859373,210.80165100097656,30154.5390625
2020-12-17,221.2400054931641,22805.162109375,1.2199585437774658,1887.199951171875,210.93624877929688,30303.369140625
2020-12-18,219.75,23137.9609375,1.226271629333496,1885.699951171875,210.1383209228516,30179.05078125
2020-12-19,,23869.83203125,,,,
2020-12-20,,23477.294921875,,,,
2020-12-21,219.30999755859372,22803.08203125,1.221612811088562,1879.199951171875,213.98370361328125,30216.44921875
2020-12-22,218.77999877929688,23783.029296875,1.223690629005432,1866.5999755859373,215.2815399169922,30015.509765625
2020-12-23,219.69000244140625,23241.345703125,1.2186651229858398,1874.699951171875,212.4744415283203,30129.830078125
2020-12-24,217.1499938964844,23735.94921875,1.2191405296325684,1879.9000244140625,214.1374969482422,30199.869140625
2020-12-25,,24664.791015625,1.2184720039367676,,,
2020-12-26,,26437.037109375,,,,
2020-12-27,,26272.294921875,,,,
2020-12-28,216.08999633789065,27084.80859375,1.2205095291137695,1877.199951171875,216.2620849609375,30403.970703125
2020-12-29,216.25,27362.4375,1.2223445177078247,1879.699951171875,215.48341369628903,30335.669921875
2020-12-30,216.6699981689453,28840.953125,1.225295066833496,1891.0,213.10888671875,30409.560546875
2020-12-31,214.05999755859372,29001.720703125,1.2299896478652954,1893.0999755859373,213.8202667236328,30606.48046875
2021-01-01,,29374.15234375,1.218026876449585,,,
2021-01-02,,32127.267578125,,,,
2021-01-03,,32782.0234375,,,,
2021-01-04,202.72000122070312,31971.9140625,1.2250697612762451,1944.699951171875,209.27313232421875,30223.890625
2021-01-05,211.6300048828125,33992.4296875,1.2251598834991455,1952.699951171875,209.4750518798828,30391.599609375
2021-01-06,211.02999877929688,36824.36328125,1.230027437210083,1906.9000244140625,204.04348754882807,30829.400390625
2021-01-07,212.7100067138672,39371.04296875,1.2341108322143557,1912.300048828125,209.84994506835935,31041.130859375
2021-01-08,209.8999938964844,40797.609375,1.227144479751587,1834.0999755859373,211.12852478027344,31097.970703125
2021-01-09,,40254.546875,,,,
2021-01-10,,38356.44140625,,,,
2021-01-11,206.7899932861328,35566.65625,1.218620538711548,1849.5999755859373,209.08090209960935,31008.689453125
2021-01-12,208.41000366210935,33922.9609375,1.2160701751708984,1842.9000244140625,206.61985778808597,31068.689453125
2021-01-13,207.2100067138672,37316.359375,1.220889449119568,1853.5999755859373,207.97537231445312,31060.470703125
2021-01-14,209.91000366210935,39187.328125,1.2162491083145142,1850.300048828125,204.7837371826172,30991.51953125
2021-01-15,204.32000732421875,36825.3671875,1.2151259183883667,1829.300048828125,204.4279937744141,30814.259765625
2021-01-16,,36178.140625,,,,
2021-01-17,,35791.27734375,,,,
2021-01-18,,36630.07421875,1.2068113088607788,,,
2021-01-19,210.7100067138672,36069.8046875,1.207729458808899,1839.5,208.07151794433597,30930.51953125
2021-01-20,211.4499969482422,35547.75,1.213886857032776,1865.9000244140625,215.66603088378903,31188.380859375
2021-01-21,207.41000366210935,30825.69921875,1.2115631103515625,1865.300048828125,216.27169799804688,31176.009765625
2021-01-22,205.83999633789065,33005.76171875,1.2166293859481812,1855.699951171875,217.2138214111328,30996.98046875
2021-01-23,,32067.642578125,,,,
2021-01-24,,32289.37890625,,,,
2021-01-25,203.3600006103516,32366.392578125,1.216944694519043,1854.9000244140625,220.65538024902344,30960.0
2021-01-26,202.05999755859372,32569.849609375,1.214624047279358,1850.699951171875,223.34710693359372,30937.0390625
2021-01-27,194.02999877929688,30432.546875,1.216299295425415,1844.9000244140625,223.89508056640625,30303.169921875
2021-01-28,197.22999572753903,33466.09765625,1.2105072736740112,1837.9000244140625,229.69190979003903,30603.359375
2021-01-29,194.19000244140625,34316.38671875,1.2120037078857422,1847.300048828125,222.99142456054688,29982.619140625
2021-01-30,,34269.5234375,,,,
2021-01-31,,33114.359375,,,,
2021-02-01,195.83999633789065,33537.17578125,1.2123857736587524,1860.800048828125,230.38406372070312,30211.91015625
2021-02-02,200.94000244140625,35510.2890625,1.2068694829940796,1830.5,230.24948120117188,30687.48046875
2021-02-03,207.38999938964844,37472.08984375,1.203905463218689,1832.199951171875,233.6045837402344,30723.599609375
2021-02-04,210.63999938964844,36926.06640625,1.2042388916015625,1788.9000244140625,232.65284729003903,31055.859375
2021-02-05,207.92999267578125,38144.30859375,1.1966731548309326,1810.9000244140625,232.83551025390625,31148.240234375
2021-02-06,,39266.01171875,,,,
2021-02-07,,38903.44140625,,,,
2021-02-08,211.9499969482422,46196.46484375,1.2048773765563965,1831.9000244140625,233.09503173828125,31385.759765625
2021-02-09,215.1199951171875,46481.10546875,1.2053595781326294,1835.300048828125,234.34483337402344,31375.830078125
2021-02-10,211.9199981689453,44918.18359375,1.2119992971420288,1840.5999755859373,233.4315643310547,31437.80078125
2021-02-11,210.66000366210935,47909.33203125,1.2121212482452393,1824.9000244140625,235.03697204589844,31430.69921875
2021-02-12,210.97999572753903,47504.8515625,1.2131506204605105,1821.5999755859373,235.5176239013672,31458.400390625
2021-02-13,,47105.515625,,,,
2021-02-14,,48717.2890625,,,,
2021-02-15,,47945.05859375,1.2122093439102173,,,
2021-02-16,217.17999267578125,49199.87109375,1.2132196426391602,1797.199951171875,234.2774810791016,31522.75
2021-02-17,215.5200042724609,52149.0078125,1.2092483043670654,1771.0999755859375,235.29884338378903,31613.01953125
2021-02-18,208.47999572753903,51679.796875,1.2048004865646362,1773.4000244140625,234.90374755859372,31493.33984375
2021-02-19,217.47000122070312,55888.1328125,1.209189772605896,1775.800048828125,232.18658447265625,31494.3203125
2021-02-20,,56099.51953125,,,,
2021-02-21,,57539.9453125,,,,
2021-02-22,212.8800048828125,54207.3203125,1.2126356363296509,1806.699951171875,225.9620513916016,31521.689453125
2021-02-23,212.1199951171875,48824.42578125,1.2166796922683716,1804.4000244140625,224.7672576904297,31537.349609375
2021-02-24,229.33999633789065,49705.33203125,1.215214490890503,1796.4000244140625,226.0006103515625,31961.859375
2021-02-25,216.4499969482422,47093.8515625,1.2171372175216677,1774.4000244140625,220.6432647705078,31402.009765625
2021-02-26,212.00999450683597,46339.76171875,1.2160420417785645,1728.0999755859375,223.90969848632807,30932.369140625
2021-02-27,,46188.453125,,,,
2021-02-28,,45137.76953125,,,,
2021-03-01,224.38999938964844,49631.2421875,1.208956003189087,1722.5,228.30345153808597,31535.509765625
2021-03-02,223.13999938964844,48378.98828125,1.2051095962524414,1733.0999755859375,225.34539794921875,31391.51953125
2021-03-03,228.55999755859372,50538.2421875,1.208546757698059,1715.300048828125,219.265380859375,31270.08984375
2021-03-04,224.7100067138672,48561.16796875,1.2050660848617554,1700.199951171875,218.4656219482422,30924.140625
2021-03-05,223.22000122070312,48927.3046875,1.1967735290527344,1698.0,223.15814208984372,31496.30078125
2021-03-06,,48912.3828125,,,,
2021-03-07,,51206.69140625,,,,
2021-03-08,224.02999877929688,52246.5234375,1.1925631761550903,1677.699951171875,219.1015625,31802.439453125
2021-03-09,230.6100006103516,54824.1171875,1.185171127319336,1716.5999755859375,225.25868225097656,31832.740234375
2021-03-10,245.33999633789065,56008.55078125,1.1897906064987185,1721.5,223.94821166992188,32297.01953125
2021-03-11,252.0,57805.12109375,1.1926058530807495,1722.300048828125,228.486572265625,32485.58984375
2021-03-12,269.19000244140625,57332.08984375,1.1986095905303955,1719.5,227.1568603515625,32778.640625
2021-03-13,,61243.0859375,,,,
2021-03-14,,59302.31640625,,,,
2021-03-15,265.6300048828125,55907.19921875,1.1950000524520874,1728.9000244140625,226.2511138916016,32953.4609375
2021-03-16,255.2100067138672,56804.90234375,1.1925773620605469,1730.5999755859375,229.04542541503903,32825.94921875
2021-03-17,263.5899963378906,58870.89453125,1.190164566040039,1726.800048828125,228.3998565673828,33015.37109375
2021-03-18,256.0599975585937,57858.921875,1.1982792615890503,1732.199951171875,222.31021118164065,32862.30078125
2021-03-19,255.82000732421875,58346.65234375,1.1918240785598757,1741.4000244140625,221.9536895751953,32627.970703125
2021-03-20,,58313.64453125,,,,
2021-03-21,,57523.421875,,,,
2021-03-22,251.22999572753903,54529.14453125,1.1883116960525513,1737.800048828125,227.3881072998047,32731.19921875
2021-03-23,241.25,54738.9453125,1.193303108215332,1724.699951171875,228.92015075683597,32423.150390625
2021-03-24,239.2400054931641,52774.265625,1.1840205192565918,1732.9000244140625,226.87744140625,32420.060546875
2021-03-25,247.19000244140625,51704.16015625,1.1813069581985474,1724.9000244140625,223.8711700439453,32619.48046875
2021-03-26,244.8699951171875,55137.3125,1.1776621341705322,1732.199951171875,227.8602294921875,33072.87890625
2021-03-27,,55973.51171875,,,,
2021-03-28,,55950.74609375,,,,
2021-03-29,250.5200042724609,57750.19921875,1.1788004636764526,1712.0999755859375,226.6654510498047,33171.37109375
2021-03-30,252.00999450683597,58917.69140625,1.177100658416748,1683.9000244140625,223.3990020751953,33066.9609375
2021-03-31,254.72000122070312,58918.83203125,1.1723604202270508,1713.800048828125,227.17611694335935,32981.55078125
2021-04-01,252.9600067138672,59095.80859375,1.1728830337524414,1726.5,233.5162811279297,33153.2109375
2021-04-02,,59384.3125,1.177994966506958,,,
2021-04-03,,57603.890625,,,,
2021-04-04,,58758.5546875,,,,
2021-04-05,259.3599853515625,59057.87890625,1.176816701889038,1727.0,239.9913482666016,33527.19140625
2021-04-06,255.1699981689453,58192.359375,1.1818934679031372,1741.5,238.8254852294922,33430.23828125
2021-04-07,252.5800018310547,56048.9375,1.1874228715896606,1740.0999755859375,240.7911071777344,33446.26171875
2021-04-08,254.9499969482422,58323.953125,1.1873664855957031,1756.800048828125,244.01898193359372,33503.5703125
2021-04-09,252.3600006103516,58245.00390625,1.1915684938430786,1743.300048828125,246.52423095703125,33800.6015625
2021-04-10,,59793.234375,,,,
2021-04-11,,60204.96484375,,,,
2021-04-12,249.5200042724609,59893.453125,1.1900511980056765,1731.199951171875,246.58203125,33745.3984375
2021-04-13,253.2700042724609,63503.45703125,1.1914690732955933,1746.199951171875,249.0679626464844,33677.26953125
2021-04-14,252.42999267578125,63109.6953125,1.1954143047332764,1734.9000244140625,246.27371215820312,33730.890625
2021-04-15,251.1100006103516,63314.01171875,1.1986095905303955,1765.4000244140625,250.0411834716797,34035.98828125
2021-04-16,248.17999267578125,61572.7890625,1.1971746683120728,1779.0,251.2359161376953,34200.671875
2021-04-17,,60683.8203125,,,,
2021-04-18,,56216.18359375,,,,
2021-04-19,244.1499938964844,55724.265625,1.1969454288482666,1769.4000244140625,249.30886840820312,34077.62890625
2021-04-20,234.05999755859372,56473.03125,1.204529047012329,1777.300048828125,248.8463897705078,33821.30078125
2021-04-21,235.9199981689453,53906.08984375,1.2032392024993896,1792.300048828125,251.08175659179688,34137.30859375
2021-04-22,234.3300018310547,51762.2734375,1.2037750482559204,1781.199951171875,247.79608154296875,33815.8984375
2021-04-23,238.3800048828125,51093.65234375,1.2014753818511963,1777.0,251.63101196289065,34043.48828125
2021-04-24,,50050.8671875,,,,
2021-04-25,,49004.25390625,,,,
2021-04-26,241.44000244140625,54021.75390625,1.2089852094650269,1779.199951171875,252.01641845703125,33981.5703125
2021-04-27,242.47000122070312,55033.1171875,1.2081671953201294,1778.0,252.42108154296875,33984.9296875
2021-04-28,235.4600067138672,54824.703125,1.2090305089950562,1773.199951171875,245.28121948242188,33820.37890625
2021-04-29,235.94000244140625,53555.109375,1.213592290878296,1768.0999755859375,243.3059539794922,34060.359375
2021-04-30,234.30999755859372,57750.17578125,1.2127091884613037,1767.300048828125,242.9879608154297,33874.8515625
2021-05-01,,57828.05078125,,,,
2021-05-02,,56631.078125,,,,
2021-05-03,235.19000244140625,57200.29296875,1.2027760744094849,1791.4000244140625,242.6796722412109,34113.23046875
2021-05-04,233.6300048828125,53333.5390625,1.2061271667480469,1775.800048828125,238.7580108642578,34133.03125
2021-05-05,228.17999267578125,57424.0078125,1.2015043497085571,1784.0999755859375,237.48606872558597,34230.33984375
2021-05-06,229.80999755859372,56396.515625,1.2007973194122314,1815.5,240.6272430419922,34548.53125
2021-05-07,235.47000122070312,57356.40234375,1.2068549394607544,1831.0999755859373,243.2577667236328,34777.76171875
2021-05-08,,58803.77734375,,,,
2021-05-09,,58232.31640625,,,,
2021-05-10,232.92999267578125,55859.796875,1.2171076536178589,1837.5,238.1702423095703,34742.8203125
2021-05-11,228.8800048828125,56704.57421875,1.2140932083129885,1835.9000244140625,237.25485229492188,34269.16015625
2021-05-12,220.77999877929688,49150.53515625,1.2144500017166138,1822.5999755859373,230.28839111328125,33587.66015625
2021-05-13,222.63999938964844,49716.19140625,1.2078505754470823,1823.800048828125,234.1715087890625,34021.44921875
2021-05-14,228.47000122070312,49880.53515625,1.207729458808899,1837.9000244140625,239.1048889160156,34382.12890625
2021-05-15,,46760.1875,,,,
2021-05-16,,46456.05859375,,,,
2021-05-17,227.97999572753903,43537.51171875,1.2150373458862305,1867.5,236.2431182861328,34327.7890625
2021-05-18,227.5500030517578,42909.40234375,1.215687274932861,1867.800048828125,234.21969604492188,34060.66015625
2021-05-19,224.4199981689453,37002.44140625,1.2223997116088867,1881.300048828125,234.7991180419922,33896.0390625
2021-05-20,227.6499938964844,40782.73828125,1.217285394668579,1881.800048828125,238.04415893554688,34084.1484375
2021-05-21,234.82000732421875,37304.69140625,1.222538709640503,1876.699951171875,236.77896118164065,34207.83984375
2021-05-22,,37536.6328125,,,,
2021-05-23,,34770.58203125,,,,
2021-05-24,237.44000244140625,38705.98046875,1.2183235883712769,1884.5999755859373,242.19699096679688,34393.98046875
2021-05-25,240.7400054931641,38402.22265625,1.2214635610580444,1898.0999755859373,243.1048126220703,34312.4609375
2021-05-26,241.3699951171875,39294.19921875,1.2249093055725098,1901.300048828125,242.88270568847656,34323.05078125
2021-05-27,250.6999969482422,38436.96875,1.21925950050354,1895.699951171875,240.77728271484372,34464.640625
2021-05-28,247.0200042724609,35697.60546875,1.2193188667297363,1902.5,241.13461303710935,34529.44921875
2021-05-29,,34616.06640625,,,,
2021-05-30,,35678.12890625,,,,
