Price,Close,Close,Close,Close,Close,Close,High,High,High,High,High,High,Low,Low,Low,Low,Low,Low,Open,Open,Open,Open,Open,Open,Volume,Volume,Volume,Volume,Volume,Volume
Ticker,BA,BTC-USD,EURUSD=X,GC=F,MSFT,^DJI,BA,BTC-USD,EURUSD=X,GC=F,MSFT,^DJI,BA,BTC-USD,EURUSD=X,GC=F,MSFT,^DJI,BA,BTC-USD,EURUSD=X,GC=F,MSFT,^DJI,BA,BTC-USD,EURUSD=X,GC=F,MSFT,^DJI
Date,,,,,,,,,,,,,,,,,,,,,,,,,,,,,,
2014-10-01,108.40667724609375,383.614990234375,1.262833595275879,1214.5999755859375,38.95292282104492,16804.7109375,110.75446363503868,391.3789978027344,1.2639987468719482,1217.800048828125,39.48756843268013,17041.16015625,108.09363906090108,380.7799987792969,1.2585740089416504,1205.5,38.9104878547881,16776.130859375,110.75446363503868,387.427001953125,1.2629133462905884,1207.699951171875,39.26692149987831,17040.4609375,5265200.0,26229400,0.0,178.0,38088400.0,104240000.0
2014-10-02,107.97189331054688,375.0719909667969,1.2624191045761108,1214.199951171875,38.83412170410156,16801.05078125,109.17187512718775,385.49700927734375,1.2690500020980835,1219.5,39.122662084112854,16857.25,107.68494056012126,372.9460144042969,1.2616099119186401,1210.300048828125,38.73228487507829,16674.0390625,108.17189249136439,383.9880065917969,1.2624987363815308,1215.300048828125,38.8935300281441,16808.26953125,3204500.0,21777700,0.0,176.0,25119400.0,75490000.0
2014-10-03,109.8761978149414,359.5119934082031,1.2670577764511108,1192.199951171875,39.11417007446289,17009.689453125,110.31966960455702,377.69500732421875,1.266993522644043,1212.4000244140625,39.292385302893166,17027.83984375,108.39796736173142,357.8590087890625,1.2501593828201294,1191.0,38.706819593479175,16802.19921875,108.39796736173142,375.1809997558594,1.266993522644043,1212.4000244140625,39.02081831557069,16802.19921875,3075900.0,30901200,0.0,499.0,32453200.0,87940000.0
2014-10-04,,328.8659973144531,,,,,,364.48699951171875,,,,,,325.885986328125,,,,,,359.8919982910156,,,,,,47236500,,,,
2014-10-05,,320.510009765625,,,,,,341.8009948730469,,,,,,289.2959899902344,,,,,,328.9159851074219,,,,,,83308096,,,,
2014-10-06,109.78923797607422,330.0790100097656,1.2513607740402222,1206.699951171875,39.11417007446289,16991.91015625,110.59791865954672,345.1340026855469,1.2593204975128174,1208.0,39.292385302893166,17099.390625,109.02403075395677,302.55999755859375,1.2515017986297607,1182.800048828125,38.969898291447535,16930.380859375,110.51095846857436,320.3890075683594,1.2515017986297607,1187.699951171875,39.13962846785754,17010.33984375,2681000.0,79011800,0.0,415.0,20604000.0,655450000.0
2014-10-07,107.23279571533203,336.18701171875,1.264606237411499,1211.699951171875,38.6389274597168,16719.390625,109.14580109896009,339.24700927734375,1.266430377960205,1211.699951171875,38.97838782335816,16988.25,107.2067103035577,320.48199462890625,1.258469581604004,1205.300048828125,38.54557569784872,16715.7890625,109.14580109896009,330.5840148925781,1.2643983364105225,1209.0999755859375,38.91898274532102,16988.25,3554900.0,49199900,0.0,272.0,25723700.0,79420000.0
2014-10-08,108.67621612548828,352.94000244140625,1.266800880432129,1205.300048828125,39.69974136352539,16994.220703125,108.77186039376882,354.364013671875,1.2690999507904053,1217.9000244140625,39.79309313553783,17006.91015625,106.21539133459052,327.18798828125,1.2624493837356567,1205.300048828125,38.47768974881952,16663.259765625,107.36319552939923,336.1159973144531,1.266800880432129,1210.199951171875,38.59649991780469,16718.650390625,3610300.0,54736300,0.0,9.0,33031000.0,106930000.0
2014-10-09,106.74581146240234,365.0260009765625,1.2743074893951416,1224.5999755859375,38.910484313964844,16659.25,108.47621169928726,382.72601318359375,1.2793008089065552,1229.0,39.716700039478425,16989.369140625,106.35451052589438,347.68701171875,1.2677806615829468,1223.9000244140625,38.81713581376132,16649.0390625,108.45012629701289,352.74798583984375,1.2738852500915527,1223.9000244140625,39.46210645177232,16989.369140625,4874700.0,83641104,0.0,19.0,34422800.0,93210000.0
2014-10-10,105.65017700195312,361.56201171875,1.2689067125320435,1221.0,37.36595916748047,16544.099609375,107.26753826703447,375.0669860839844,1.2716013193130493,1223.5,39.1396330836003,16757.599609375,105.65017700195312,352.9630126953125,1.2610498666763306,1217.0,37.298069031310476,16543.91015625,106.84146122145563,364.68701171875,1.2689067125320435,1223.5,38.69833586782557,16654.880859375,4214200.0,43665700,0.0,186.0,51978100.0,136370000.0
2014-10-11,,362.29901123046875,,,,,,367.1910095214844,,,,,,355.95098876953125,,,,,,361.36199951171875,,,,,,13345200,,,,
2014-10-12,,378.54901123046875,,,,,,379.4330139160156,,,,,,356.1440124511719,,,,,,362.6059875488281,,,,,,17552800,,,,
2014-10-13,104.73716735839844,390.41400146484375,1.263982892036438,1229.300048828125,37.04348373413086,16321.0703125,107.11973623487397,397.22601318359375,1.269999384880066,1234.0,37.815753227081196,16602.41015625,104.57195757070994,368.8970031738281,1.2635036706924438,1227.0,36.90770019374404,16310.4697265625,106.12845097221525,377.9209899902344,1.2640947103500366,1229.800048828125,37.18775232945781,16535.4296875,3878600.0,35221400,0.0,103.0,37100200.0,107830000.0
2014-10-14,106.33715057373047,400.8699951171875,1.272394061088562,1233.5999755859375,37.111351013183594,16315.1904296875,107.27626510859825,411.697998046875,1.2732040882110596,1235.9000244140625,37.66297312703014,16463.669921875,104.97195887613161,391.3240051269531,1.264080286026001,1233.5999755859375,36.96708250677223,16273.6396484375,105.94584953380262,391.6919860839844,1.272248387336731,1235.9000244140625,37.23016113313012,16321.900390625,3768200.0,38491500,0.0,73.0,38115700.0,110410000.0
2014-10-15,104.51107025146484,394.77301025390625,1.2639029026031494,1244.0999755859375,36.67855453491211,16141.740234375,105.31975088424454,402.22698974609375,1.2840431928634644,1247.0,36.82282308961796,16313.2998046875,101.145914076195,388.7659912109375,1.2626103162765503,1243.699951171875,35.72806678249432,15855.1201171875,105.26757344610569,400.9549865722656,1.2644143104553223,1243.699951171875,36.491851005448964,16313.2998046875,7819000.0,25267100,0.0,250.0,60218700.0,160380000.0
2014-10-16,104.59803009033203,382.5559997558594,1.2821663618087769,1240.5,36.271202087402344,16117.240234375,105.47627627066852,398.8070068359375,1.284438967704773,1243.0,36.55974241870692,16211.1201171875,102.94588597807851,373.07000732421875,1.2710679769515991,1236.699951171875,35.82990491968158,15935.2197265625,103.39805508709836,394.51800537109375,1.2820513248443604,1242.0999755859375,36.092983620027546,16137.1396484375,4492500.0,26990000,0.0,6.0,49040400.0,131670000.0
2014-10-17,107.1632080078125,383.75799560546875,1.280442476272583,1238.300048828125,37.02650451660156,16380.41015625,107.71102807818774,385.4779968261719,1.283489465713501,1238.300048828125,37.28958326339067,16427.380859375,105.89366736928126,375.3890075683594,1.2746502161026,1232.5999755859375,36.31364023325707,16118.3896484375,106.12844929490831,382.7560119628906,1.2807542085647583,1237.4000244140625,36.66158570266721,16118.3896484375,4872400.0,13600700,0.0,356.0,40683300.0,137910000.0
2014-10-18,,391.4419860839844,,,,,,395.1579895019531,,,,,,378.97100830078125,,,,,,383.97601318359375,,,,,,11416800,,,,
2014-10-19,,389.5459899902344,,,,,,393.9389953613281,,,,,,386.4570007324219,,,,,,391.2539978027344,,,,,,5914570,,,,
2014-10-20,108.09364318847656,382.8450012207031,1.274957299232483,1244.0,37.408390045166016,16399.669921875,108.45016149294463,390.0840148925781,1.2788541316986084,1244.0,37.4593068323802,16401.630859375,106.95453602527625,378.25201416015625,1.2732398509979248,1235.4000244140625,36.330607138902785,16260.5400390625,107.29365963316235,389.2309875488281,1.2748922109603882,1237.300048828125,36.542769051852225,16373.150390625,3676300.0,16419000,0.0,105.0,34527900.0,94320000.0
2014-10-21,110.53707122802734,386.4750061035156,1.2795250415802002,1251.0,38.08729553222656,16614.810546875,110.64141286214462,392.64599609375,1.2839277982711792,1251.0,38.17215897576439,16620.779296875,108.63275679579858,380.8340148925781,1.271709680557251,1251.0,37.501726764883806,16405.76953125,108.87622945424872,382.4209899902344,1.2795250415802002,1251.0,37.64599850369755,16406.029296875,5204500.0,14188900,0.0,48.0,36433800.0,105110000.0
2014-10-22,105.6067123413086,383.1579895019531,1.2714719772338867,1244.800048828125,37.66299819946289,16461.3203125,111.3022603487447,388.57598876953125,1.2739096879959106,1244.800048828125,38.248564139298864,16653.890625,105.51106143059086,382.2489929199219,1.2651101350784302,1244.800048828125,37.53569970772958,16459.849609375,111.29356300209808,386.1180114746094,1.2714234590530396,1244.800048828125,38.18915903977935,16615.259765625,13844400.0,11641300,0.0,2.0,33570900.0,92050000.0
2014-10-23,106.1110610961914,358.4169921875,1.2641425132751465,1228.5,38.20613098144531,16677.900390625,106.8501764032583,385.0480041503906,1.2675796747207642,1228.5,38.57104985782382,16767.51953125,105.26759752311078,356.4469909667969,1.261702299118042,1227.9000244140625,37.790292062780836,16468.0703125,105.45020201303562,382.9620056152344,1.2645422220230103,1228.0,37.866670507542274,16468.0703125,7799700.0,26456900,0.0,2.0,45451900.0,99420000.0
2014-10-24,106.29366302490234,358.3450012207031,1.2654062509536743,1231.199951171875,39.14810562133789,16805.41015625,106.81539107413512,364.3450012207031,1.2695107460021973,1232.699951171875,39.801564510369786,16811.7109375,105.44150875911963,353.30499267578125,1.2635835409164429,1229.4000244140625,38.3418899407228,16649.720703125,106.25888027040256,358.59100341796875,1.2650701999664307,1229.4000244140625,39.74215945112442,16677.0390625,4013300.0,15585700,0.0,71.0,61076700.0,90400000.0
2014-10-25,,347.27099609375,,,,,,359.8609924316406,,,,,,342.87701416015625,,,,,,358.6109924316406,,,,,,18127500,,,,
2014-10-26,,354.7040100097656,,,,,,359.22100830078125,,,,,,343.9309997558594,,,,,,347.48699951171875,,,,,,11272500,,,,
2014-10-27,106.18932342529297,352.989013671875,1.2676681280136108,1229.0999755859375,38.961421966552734,16817.939453125,106.28497434346271,358.6319885253906,1.2721998691558838,1230.199951171875,39.12266388972585,16836.98046875,105.44151077458348,349.8089904785156,1.2667094469070435,1227.300048828125,38.79169175212417,16729.830078125,106.19801413848498,354.7770080566406,1.2676842212677002,1230.199951171875,38.79169175212417,16796.099609375,2940300.0,13033000,0.0,282.0,30371300.0,72580000.0
2014-10-28,107.48494720458984,357.6180114746094,1.270147681236267,1229.199951171875,39.453636169433594,17005.75,107.64146628235942,359.9840087890625,1.2762998342514038,1231.0,39.462121222688786,17006.44921875,106.05019009739074,352.6789855957031,1.2686975002288818,1224.699951171875,38.84260874036111,16825.189453125,106.51974733069947,353.2149963378906,1.2702445983886719,1224.9000244140625,38.918987168995166,16825.189453125,4159000.0,7845880,0.0,46.0,29049800.0,83870000.0
2014-10-29,107.0240707397461,335.59100341796875,1.273836612701416,1224.300048828125,39.56394577026367,16974.310546875,108.24144041891694,357.8330078125,1.2769794464111328,1224.300048828125,39.63183912457271,17065.5,106.571901636619,335.3429870605469,1.2725075483322144,1224.300048828125,39.32632550484867,16895.380859375,108.24144041891694,357.0889892578125,1.2738043069839478,1224.300048828125,39.41118896040165,17005.0703125,3241700.0,18192700,0.0,631.0,30276100.0,76450000.0
2014-10-30,107.66756439208984,345.30499267578125,1.2632802724838257,1198.0999755859375,39.08021926879883,17195.419921875,107.9284317638599,350.9129943847656,1.2634079456329346,1214.699951171875,39.309354497178774,17223.9609375,106.09368271570696,335.0719909667969,1.2558696269989014,1195.800048828125,38.84259898929377,16920.759765625,106.53714795993007,335.7090148925781,1.2632323503494263,1213.699951171875,39.309354497178774,16968.140625,2569900.0,30177900,0.0,521.0,30073900.0,80180000.0
2014-10-31,108.61536407470703,338.3210144042969,1.2613362073898315,1171.0999755859375,39.84402084350586,17390.51953125,109.46751834272105,348.0450134277344,1.2610021829605103,1199.699951171875,39.86099419053601,17395.5390625,108.45884499611417,337.1419982910156,1.249125599861145,1161.4000244140625,39.44515528163454,17208.779296875,108.71970570434755,345.0090026855469,1.2610021829605103,1199.5999755859375,39.83553255132332,17208.779296875,4665300.0,12545400,0.0,260.0,35849700.0,121610000.0
2014-11-01,,325.7489929199219,,,,,,340.52899169921875,,,,,,321.05499267578125,,,,,,338.6499938964844,,,,,,16677200,,,,
2014-11-02,,325.8919982910156,,,,,,329.04998779296875,,,,,,320.6260070800781,,,,,,326.07501220703125,,,,,,8603620,,,,
2014-11-03,109.5892562866211,327.5539855957031,1.2503125667572021,1169.4000244140625,40.25985336303711,17366.240234375,109.78055812263257,334.00201416015625,1.2511416673660278,1172.300048828125,40.27682670873838,17410.650390625,108.59797098559086,325.4809875488281,1.2442917823791504,1163.0999755859375,39.65731415864796,17339.849609375,108.99796271810024,325.5690002441406,1.2503281831741333,1166.4000244140625,39.79309768692347,17390.900390625,3902700.0,12948500,0.0,60.0,23130400.0,80030000.0
2014-11-04,109.4240493774414,330.49200439453125,1.2495938539505005,1167.4000244140625,40.370174407958984,17383.83984375,110.18055943998849,331.7669982910156,1.2568103075027466,1171.0,40.5059579224999,17397.23046875,108.91971596987612,325.0769958496094,1.2492660284042358,1165.0,40.09860737887715,17278.359375,109.5110095898349,327.1610107421875,1.2492660284042358,1166.9000244140625,40.141039120170994,17368.810546875,3684600.0,15655500,0.0,40.0,21530800.0,81390000.0
2014-11-05,108.6456298828125,339.4859924316406,1.2552564144134521,1145.4000244140625,40.61628723144531,17484.529296875,110.4211128474777,343.3689880371094,1.2567076683044434,1168.699951171875,40.65023392291752,17486.58984375,108.6281336925009,330.6830139160156,1.245969295501709,1137.800048828125,40.10709657136621,17385.759765625,110.21120527362861,330.6830139160156,1.2553982734680176,1168.0999755859375,40.565367194237,17385.759765625,3334000.0,19817200,0.0,157.0,22449600.0,76030000.0
2014-11-06,108.96048736572266,349.2900085449219,1.2480031251907349,1142.300048828125,41.32914733886719,17554.470703125,109.1529054093616,352.96600341796875,1.2533605098724365,1147.5,41.464930853534476,17560.310546875,107.90219479854953,338.42401123046875,1.2402100563049316,1137.9000244140625,40.55687799219682,17440.349609375,108.87302643847978,339.4580078125,1.2477695941925049,1141.0999755859375,40.61628307753036,17491.66015625,2341900.0,18797000,0.0,137.0,33037800.0,70670000.0
2014-11-07,108.84677124023438,342.4150085449219,1.238006830215454,1169.5999755859375,41.31216812133789,17573.9296875,109.27534108457972,352.73199462890625,1.2442995309829712,1169.699951171875,41.51584174571448,17575.330078125,108.60187799937438,341.7760009765625,1.236390471458435,1133.0,40.98119605372551,17493.369140625,109.26659299088034,349.8179931640625,1.238175392150879,1139.9000244140625,41.51584174571448,17558.580078125,2366700.0,16834200,0.0,97.0,28000600.0,82860000.0
2014-11-08,,345.4880065917969,,,,,,347.0320129394531,,,,,,342.15399169921875,,,,,,342.15399169921875,,,,,,8535470,,,,
2014-11-09,,363.2640075683594,,,,,,363.6260070800781,,,,,,344.2550048828125,,,,,,345.3760070800781,,,,,,24205600,,,,
2014-11-10,109.01296997070312,366.92401123046875,1.246137022972107,1159.5999755859375,41.49038314819336,17613.740234375,109.31908657320629,374.8160095214844,1.2508692741394043,1171.0,41.711033350407,17621.869140625,108.27829012469556,357.5610046386719,1.2430498600006104,1150.699951171875,41.20184281729897,17547.509765625,109.21413612254318,362.2650146484375,1.2461835145950317,1171.0,41.28670952481724,17568.98046875,2622700.0,30450100,0.0,40.0,36370100.0,71430000.0
2014-11-11,109.6427001953125,367.69500732421875,1.242992639541626,1162.800048828125,41.47340393066406,17614.900390625,109.96631299060141,371.30999755859375,1.2441989183425903,1170.5,41.54129728705943,17638.2109375,108.84679034994308,363.7349853515625,1.2396397590637207,1151.5999755859375,41.28670367524362,17584.939453125,108.96049556947673,365.85699462890625,1.242714524269104,1155.0,41.456430591565216,17615.640625,3053500.0,15838900,0.0,22.0,23445200.0,52880000.0
2014-11-12,110.08875274658203,423.5610046386719,1.2475829124450684,1158.9000244140625,41.397037506103516,17612.19921875,110.36863172103007,429.7179870605469,1.25,1168.0999755859375,41.51584767685259,17626.7109375,108.86427973105644,367.9849853515625,1.2431780099868774,1157.5,41.17639050861728,17536.169921875,108.89926543696758,367.9849853515625,1.2478007078170776,1162.5,41.21033719664112,17604.75,3075000.0,45783200,0.0,17.0,22722100.0,75980000.0
2014-11-13,112.4152603149414,420.7349853515625,1.242992639541626,1161.0999755859375,42.101409912109375,17652.7890625,112.79135503493916,457.0929870605469,1.2490195035934448,1164.5,42.13535659464832,17705.48046875,109.97506205635051,401.12298583984375,1.243193507194519,1155.0,41.33762574165231,17583.880859375,109.97506205635051,427.27301025390625,1.243193507194519,1163.699951171875,41.42249244799967,17618.689453125,5813900.0,58945000,0.0,1047.0,26210400.0,80540000.0
2014-11-14,112.7038803100586,397.8179931640625,1.2475982904434204,1185.0,42.07595443725586,17634.740234375,113.50853158296846,419.25201416015625,1.2493003606796265,1191.0,42.474816654085075,17664.150390625,111.82050952521104,384.78900146484375,1.2399563789367676,1148.0,41.91470930267885,17613.19921875,112.41525322102302,418.4169921875,1.2475050687789917,1155.199951171875,42.211737939495734,17653.109375,6235600.0,29589200,0.0,486.0,29081700.0,72850000.0
2014-11-15,,376.13299560546875,,,,,,405.52801513671875,,,,,,371.00799560546875,,,,,,399.6499938964844,,,,,,15727500,,,,
2014-11-16,,387.8819885253906,,,,,,390.79901123046875,,,,,,374.60198974609375,,,,,,374.7300109863281,,,,,,11905600,,,,
2014-11-17,112.31905364990234,387.4079895019531,1.251846432685852,1183.0,41.974124908447266,17647.75,112.9750207223096,410.1990051269531,1.2575926780700684,1186.9000244140625,42.186286886234406,17675.0703125,111.5581361165289,377.50201416015625,1.2448292970657349,1180.5999755859375,41.702557835866514,17606.810546875,112.5639469559463,388.3489990234375,1.2521443367004395,1183.0999755859375,41.93169316035681,17631.849609375,3752900.0,41518800,0.0,17.0,30318600.0,70330000.0
2014-11-18,114.27819061279297,375.197998046875,1.2448959350585938,1196.699951171875,41.62397766113281,17687.8203125,114.86418614558782,392.4020080566406,1.2535696029663086,1197.0999755859375,42.12783798788026,17735.7109375,111.9866703559313,371.11700439453125,1.2451130151748657,1193.9000244140625,41.58981686595437,17642.029296875,112.43273641728854,387.7850036621094,1.2451130151748657,1197.0999755859375,41.95703726974079,17643.08984375,5701200.0,32222500,0.0,2.0,23995500.0,87420000.0
2014-11-19,115.10907745361328,380.55499267578125,1.253337025642395,1193.5999755859375,41.17990493774414,17685.73046875,116.09740523247049,386.4809875488281,1.2570995092391968,1198.300048828125,41.63252415790283,17712.259765625,113.91959021960436,373.89599609375,1.251392126083374,1190.5999755859375,40.932244012174785,17624.5,114.21695869168626,373.89599609375,1.2533998489379883,1196.5,41.555663982993494,17685.509765625,5037600.0,18931800,0.0,23.0,26177500.0,73780000.0
2014-11-20,115.18780517578125,357.8399963378906,1.2540757656097412,1190.699951171875,41.589820861816406,17719.0,115.80003838736933,382.0249938964844,1.2575294971466064,1191.9000244140625,41.589820861816406,17720.439453125,114.32193725713636,356.781005859375,1.2506800889968872,1190.699951171875,40.880998953648934,17603.890625,114.5230967382975,380.3070068359375,1.2542959451675415,1191.800048828125,40.99201991976916,17677.3203125,4052800.0,25233200,0.0,3.0,21510600.0,77740000.0
2014-11-21,116.13238525390625,350.8479919433594,1.2545005083084106,1197.5,40.97493362426758,17810.060546875,116.63966795243958,357.8789978027344,1.2567235231399536,1202.4000244140625,41.88871367619972,17894.830078125,115.89623342021213,344.11199951171875,1.2406902313232422,1189.0,40.62479363481463,17721.01953125,116.07991003434789,357.8789978027344,1.2543588876724243,1191.0,41.8630947099174,17721.01953125,4227100.0,29850100,0.0,20.0,42884800.0,140940000.0
2014-11-22,,352.9200134277344,,,,,,364.84100341796875,,,,,,350.87799072265625,,,,,,351.60400390625,,,,,,15273000,,,,
2014-11-23,,367.572998046875,,,,,,370.8450012207031,,,,,,353.17498779296875,,,,,,353.17498779296875,,,,,,15151600,,,,
2014-11-24,117.73294830322266,376.9010009765625,1.2375012636184692,1195.5,40.64188003540039,17817.900390625,117.84665351143848,387.2090148925781,1.2440301179885864,1197.9000244140625,40.9920200765777,17855.26953125,116.70964146632551,366.66900634765625,1.237424612045288,1195.5,40.47107930019737,17793.189453125,116.71838288784913,366.947998046875,1.237424612045288,1197.699951171875,40.983481505806424,17812.630859375,4161500.0,30930100,0.0,17.0,35434200.0,85510000.0
2014-11-25,117.9078598022461,375.3479919433594,1.2433171272277832,1197.0999755859375,40.53939437866211,17814.939453125,118.59881906672305,394.70098876953125,1.247889518737793,1197.0999755859375,40.96639451913168,17854.73046875,117.84664316559149,374.78399658203125,1.2406023740768433,1197.0999755859375,40.522313982113026,17790.890625,117.84664316559149,376.885986328125,1.2435954809188843,1197.0999755859375,40.70165325924964,17819.05078125,4301600.0,25442200,0.0,210753.0,28008000.0,88190000.0
2014-11-26,117.88162994384766,368.3699951171875,1.24806547164917,1196.5999755859375,40.77851104736328,17827.75,118.33643742100038,377.697998046875,1.2524595260620117,1201.0,40.983472536300326,17833.759765625,117.54052767240346,365.8160095214844,1.2444404363632202,1193.699951171875,40.37712989614408,17791.16015625,118.03031418056112,376.0190124511719,1.2478941679000854,1200.5,40.556472420621134,17812.25,2660100.0,18601700,0.0,75297.0,27163600.0,67450000.0
2014-11-27,,369.6700134277344,1.2505940198898315,,,,,373.99200439453125,1.252097249031067,,,,,368.2820129394531,1.246618628501892,,,,,370.50201416015625,1.2505470514297485,,,,,8748030,0.0,,,
2014-11-28,117.51429748535156,376.4469909667969,1.246199131011963,1175.199951171875,40.82976150512695,17828.240234375,118.75626002253568,382.8380126953125,1.248953938484192,1198.199951171875,41.1628211497432,17893.419921875,117.23441183690778,358.4549865722656,1.2431100606918335,1163.800048828125,40.658960768521595,17807.779296875,118.52010817487154,369.3739929199219,1.2458264827728271,1197.0,40.94932104342478,17830.55078125,2090000.0,22946500,0.0,11175.0,21534400.0,80470000.0
2014-11-29,,375.4909973144531,,,,,,387.60101318359375,,,,,,372.1449890136719,,,,,,376.1520080566406,,,,,,15375600,,,,
2014-11-30,,378.0469970703125,,,,,,382.5270080566406,,,,,,373.3089904785156,,,,,,375.510009765625,,,,,,9194440,,,,
2014-12-01,115.79129791259766,379.2449951171875,1.2438275814056396,1218.0,41.5214958190918,17776.80078125,117.54928472290595,383.6619873046875,1.250589370727539,1220.4000244140625,41.65813574384137,17827.26953125,115.6251174654459,376.66900634765625,1.2422822713851929,1141.699951171875,40.744355636249935,17726.55078125,117.47057188341823,378.2489929199219,1.2437965869903564,1160.0,40.889537388782294,17827.26953125,3473700.0,11763000,0.0,5524.0,31191600.0,86390000.0
2014-12-02,115.69510650634766,381.31500244140625,1.247007131576538,1199.199951171875,41.384857177734375,17879.55078125,116.28985696855878,384.0379943847656,1.2478007078170776,1212.300048828125,41.88871752670237,17897.05078125,115.23155747561859,377.8630065917969,1.2395721673965454,1191.300048828125,41.16281851478793,17778.849609375,115.88752459597315,379.25,1.247007131576538,1212.300048828125,41.70937823073568,17778.849609375,2904900.0,12364100,0.0,1236.0,25773500.0,81970000.0
2014-12-03,115.4239501953125,375.010009765625,1.2388503551483154,1208.5,41.060340881347656,17912.619140625,116.56970371172139,383.0260009765625,1.2392956018447876,1213.699951171875,41.4190194863742,17924.150390625,114.9516464988848,374.34600830078125,1.2302998304367065,1196.0999755859375,40.829760381936445,17855.58984375,116.0186871811165,381.72198486328125,1.2388043403625488,1198.0999755859375,41.36777828947626,17880.900390625,4627500.0,13340100,0.0,440.0,23534800.0,99400000.0
2014-12-04,114.85546112060547,369.60400390625,1.231663703918457,1207.5,41.70937728881836,17900.099609375,115.90500570746643,378.6549987792969,1.2431780099868774,1213.0,41.897258408589835,17937.9609375,114.50560402786282,367.7590026855469,1.229770302772522,1201.5999755859375,41.16281758521349,17814.810546875,115.42396054599746,375.7179870605469,1.2312238216400146,1208.199951171875,41.32507647917343,17910.01953125,2785500.0,14529600,0.0,358.0,30320400.0,76270000.0
2014-12-05,115.63389587402344,376.85400390625,1.2386661767959595,1190.0999755859375,41.3506965637207,17958.7890625,115.99248110911613,379.1919860839844,1.2392494678497314,1206.0,41.82039937583159,17991.189453125,115.03914538081916,365.7560119628906,1.2275059223175049,1186.699951171875,41.316539024637734,17903.05078125,115.20532586194516,369.4419860839844,1.2385741472244263,1203.0999755859375,41.69229801657355,17903.05078125,2580200.0,15181800,0.0,560.0,27313400.0,79110000.0
2014-12-06,,374.7850036621094,,,,,,378.447998046875,,,,,,370.94500732421875,,,,,,376.7569885253906,,,,,,7009320,,,,
2014-12-07,,375.0950012207031,,,,,,376.2919921875,,,,,,373.2749938964844,,,,,,374.83599853515625,,,,,,6491650,,,,
2014-12-08,113.94584655761719,361.90899658203125,1.2294074296951294,1194.699951171875,40.73581314086914,17852.48046875,115.51142869537895,376.02899169921875,1.2303906679153442,1207.0,41.29091135640754,17960.560546875,113.58724804051158,361.885986328125,1.2247997522354126,1187.199951171875,40.522313075411496,17804.279296875,115.46769489037132,374.9649963378906,1.2296946048736572,1190.5999755859375,41.21405120253269,17954.939453125,2862400.0,18898700,0.0,183.0,26663100.0,88680000.0
2014-12-09,113.4035873413086,352.218994140625,1.2315119504928589,1231.5,40.64188003540039,17801.19921875,113.45606257024644,363.0669860839844,1.2447998523712158,1238.0,40.92369847939527,17847.369140625,111.72430661403618,344.95098876953125,1.2293771505355835,1202.0,40.18071902767816,17629.5703125,112.44149699183515,361.8949890136719,1.2314057350158691,1202.0,40.231960225564976,17847.369140625,3084600.0,32915500,0.0,314.0,24330500.0,100400000.0
2014-12-10,109.01296997070312,346.364990234375,1.2394952774047852,1228.9000244140625,40.05261993408203,17533.150390625,112.80882918742522,352.3840026855469,1.2435954809188843,1234.5999755859375,40.701658802580006,17797.990234375,108.92550903753673,346.364990234375,1.2362926006317139,1226.5999755859375,39.881819203081626,17508.099609375,112.66014493375818,352.2049865722656,1.238712191581726,1231.199951171875,40.633340464831626,17797.990234375,6651700.0,16427700,0.0,306.0,30431800.0,115100000.0
2014-12-11,107.90219116210938,350.5060119628906,1.2473959922790527,1225.0999755859375,40.2831916809082,17596.33984375,109.8963295965424,361.35699462890625,1.2495938539505005,1231.199951171875,40.769974838088,17758.509765625,107.57857840209178,338.76300048828125,1.2374200820922852,1216.199951171875,39.86473336766496,17534.30078125,109.52024161651576,344.3399963378906,1.2480031251907349,1226.5999755859375,40.20633478307998,17534.30078125,6702100.0,32431300,0.0,264.0,29060400.0,90100000.0
2014-12-12,105.62816619873047,352.5419921875,1.2394952774047852,1222.0,40.09531784057617,17280.830078125,106.9401000705709,352.9830017089844,1.2477073669433594,1227.800048828125,40.761437083663736,17590.05078125,105.46199244582904,349.2909851074219,1.2386692762374878,1216.199951171875,39.85619552279247,17280.830078125,106.91386246078862,350.8330078125,1.2391266822814941,1227.800048828125,39.9501360843054,17590.05078125,6661100.0,16989800,0.0,203.0,34248400.0,121950000.0
2014-12-13,,347.3760070800781,,,,,,352.3810119628906,,,,,,346.5880126953125,,,,,,352.3810119628906,,,,,,11675900,,,,
2014-12-14,,351.6319885253906,,,,,,353.3160095214844,,,,,,345.4179992675781,,,,,,346.72698974609375,,,,,,12415200,,,,
2014-12-15,106.7739486694336,345.3450012207031,1.2463544607162476,1207.199951171875,39.856197357177734,17180.83984375,107.47364287718278,351.81500244140625,1.248000144958496,1223.0999755859375,40.710197762596614,17403.5390625,105.47950404219229,344.9339904785156,1.2417100667953491,1198.4000244140625,39.75371822069831,17115.279296875,106.17920492278361,351.3609924316406,1.2464786767959595,1223.0999755859375,40.30881978732179,17285.740234375,6238800.0,17264200,0.0,77.0,29247800.0,114050000.0
2014-12-16,108.67188262939453,327.06201171875,1.2443537712097168,1193.9000244140625,38.566650390625,17068.869140625,109.8001468393261,345.8590087890625,1.2565702199935913,1222.0,39.574370926150046,17427.439453125,108.37451408109936,327.06201171875,1.2436264753341675,1192.699951171875,38.541031426116646,17067.58984375,109.36283544041507,345.6730041503906,1.2443537712097168,1197.199951171875,39.198611996433996,17173.0703125,7919900.0,30864900,0.0,223.0,47801400.0,116640000.0
2014-12-17,109.38033294677734,319.7760009765625,1.2512043714523315,1194.300048828125,39.06199264526367,17356.869140625,109.66021199560222,333.9540100097656,1.2515957355499268,1199.5999755859375,39.24133200670153,17389.30078125,107.94595198744452,315.1520080566406,1.239009976387024,1184.0,38.34463194175815,17069.16015625,108.6981281823194,326.8550109863281,1.2513765096664429,1198.199951171875,38.472730089462026,17069.16015625,6726500.0,37567900,0.0,94.0,34970900.0,118220000.0
2014-12-18,109.913818359375,311.39599609375,1.2338976860046387,1194.699951171875,40.582096099853516,17778.150390625,111.38318456513035,323.7090148925781,1.2351473569869995,1207.300048828125,40.582096099853516,17778.400390625,109.12665670042736,304.23199462890625,1.226670265197754,1189.699951171875,39.574375449154815,17367.849609375,111.19076652929418,319.7850036621094,1.2338062524795532,1189.699951171875,39.779336961904015,17367.849609375,6485900.0,39173000,0.0,197.0,40105600.0,123940000.0
2014-12-19,110.40362548828125,317.8429870605469,1.229044795036316,1195.9000244140625,40.70164108276367,17804.80078125,111.44442195555888,318.5329895019531,1.23099946975708,1200.800048828125,41.07739992117228,17874.029296875,109.76514798625512,306.7690124511719,1.2254902124404907,1195.9000244140625,40.28317963688119,17746.55078125,109.87884653413744,311.1789855957031,1.2291052341461182,1198.0,40.676022124480596,17778.01953125,7680800.0,23823100,0.0,96.0,64551200.0,343690000.0
2014-12-20,,329.95599365234375,,,,,,330.32501220703125,,,,,,316.04400634765625,,,,,,317.6189880371094,,,,,,20856700,,,,
2014-12-21,,320.8429870605469,,,,,,329.6289978027344,,,,,,318.90301513671875,,,,,,329.5429992675781,,,,,,15207600,,,,
2014-12-22,112.14411926269531,331.885986328125,1.2225985527038574,1179.699951171875,40.97493362426758,17959.439453125,112.42399157596175,334.11700439453125,1.2280004024505615,1198.0,41.094493143921866,17962.779296875,110.84093335920967,320.42498779296875,1.2223594188690186,1172.699951171875,40.74435315446892,17812.25,110.84093335920967,321.0679931640625,1.2224938869476318,1198.0,40.80413291429606,17812.25,3189300.0,22315100,0.0,223.0,26566000.0,98460000.0
2014-12-23,113.72718048095703,334.5719909667969,1.2223743200302124,1177.9000244140625,41.37631607055664,18024.169921875,114.2694422455624,336.2869873046875,1.2249993085861206,1180.300048828125,41.67521487884158,18069.220703125,112.52019697064719,329.60198974609375,1.216570258140564,1175.0,41.10303622933822,17970.16015625,112.86129926542837,332.0169982910156,1.2224639654159546,1179.300048828125,41.307994481375694,17971.509765625,4028900.0,16574200,0.0,232.0,23648100.0,82890000.0
2014-12-24,114.78546905517578,322.53399658203125,1.217492938041687,1173.5,41.11157989501953,18030.2109375,115.73880443826305,334.7409973144531,1.2221053838729858,1179.300048828125,41.53858010707042,18086.240234375,113.84961651431834,321.35699462890625,1.2170928716659546,1173.5,41.060341954535396,18027.779296875,113.96332171721757,334.385009765625,1.2175966501235962,1177.0,41.53858010707042,18035.73046875,2116900.0,15092300,0.0,23.0,11437800.0,42870000.0
2014-12-25,,319.00799560546875,1.2198543548583984,,,,,322.6700134277344,1.2255953550338745,,,,,316.9580078125,1.2191553115844727,,,,,322.2860107421875,1.2198543548583984,,,,,9883640,0.0,,,
2014-12-26,115.12659454345703,327.92401123046875,1.2210012674331665,1195.300048828125,40.8895378112793,18053.7109375,115.388970686646,331.42401123046875,1.222299575805664,1195.300048828125,41.342156955860375,18103.44921875,113.90211471061203,316.62701416015625,1.2169995307922363,1177.199951171875,40.83829661731146,18038.30078125,114.8292126717032,319.1520080566406,1.2211055755615234,1177.199951171875,41.342156955860375,18038.30078125,2242900.0,16410500,0.0,124.0,13197800.0,52570000.0
2014-12-27,,315.8630065917969,,,,,,328.9110107421875,,,,,,312.6300048828125,,,,,,327.5830078125,,,,,,15185200,,,,
2014-12-28,,317.239013671875,,,,,,320.02801513671875,,,,,,311.0780029296875,,,,,,316.1600036621094,,,,,,11676600,,,,
2014-12-29,115.70381927490234,312.6700134277344,1.216944694519043,1181.699951171875,40.5223274230957,18038.23046875,116.08865535884462,320.2669982910156,1.2219994068145752,1186.5,40.804145915251596,18073.0390625,114.72424622172706,312.3070068359375,1.2169595956802368,1181.300048828125,40.36006523093437,18021.5703125,115.2052913266549,317.70098876953125,1.2169595956802368,1186.5,40.735827564147044,18046.580078125,2718400.0,12302500,0.0,180.0,14439500.0,53870000.0
2014-12-30,115.30152130126953,310.73699951171875,1.215347409248352,1200.199951171875,40.15510177612305,17983.0703125,115.69509887839607,314.8089904785156,1.2189993858337402,1210.300048828125,40.6675007459081,18035.01953125,115.03039037804201,309.37298583984375,1.2124900817871094,1181.4000244140625,40.00138143363689,17959.69921875,115.45020557059803,312.718994140625,1.2154951095581055,1181.4000244140625,40.51378040342195,18035.01953125,2447700.0,12528300,0.0,191.0,16384700.0,47490000.0
2014-12-31,113.68345642089844,320.1929931640625,1.2162047624588013,1183.9000244140625,39.668312072753906,17823.0703125,115.7125875195934,320.1929931640625,1.2169743776321411,1199.199951171875,40.513770491835416,18043.220703125,113.57850596602921,310.21099853515625,1.21053946018219,1182.699951171875,39.668312072753906,17820.880859375,115.66885371483673,310.91400146484375,1.2162047624588013,1199.199951171875,39.907431099120004,17987.66015625,2712400.0,13942900,0.0,92.0,21552500.0,82840000.0
2015-01-01,,314.2489929199219,1.2098628282546997,,,,,320.43499755859375,1.2098628282546997,,,,,314.00299072265625,1.2098628282546997,,,,,320.43499755859375,1.2098628282546997,,,,,8036550,0.0,,,
2015-01-02,113.65721130371094,315.0320129394531,1.2089413404464722,1186.0,39.93305587768555,17832.990234375,115.31024758718785,315.8389892578125,1.208956003189087,1194.5,40.49669599171512,17951.779296875,112.90503528687749,313.56500244140625,1.2010799646377563,1169.5,39.74517801151094,17731.30078125,114.63679775199242,314.0790100097656,1.2088682651519775,1184.0,39.84765714376553,17823.0703125,4294200.0,7860650,0.0,138.0,27913900.0,76270000.0
2015-01-03,,281.0820007324219,,,,,,315.1499938964844,,,,,,281.0820007324219,,,,,,314.84600830078125,,,,,,33054400,,,,
2015-01-04,,264.19500732421875,,,,,,287.2300109863281,,,,,,257.61199951171875,,,,,,281.14599609375,,,,,,55629100,,,,
2015-01-05,112.87005615234375,274.4739990234375,1.194643259048462,1203.9000244140625,39.56583786010742,17501.650390625,113.63097359060087,278.34100341796875,1.1975904703140259,1206.9000244140625,39.90743604615408,17821.30078125,112.48522004932735,265.0840148925781,1.1889094114303589,1180.0999755859375,39.49751626824641,17475.9296875,113.40357650503782,265.0840148925781,1.195500135421753,1180.300048828125,39.599995398285124,17821.30078125,5024800.0,43962800,0.0,470.0,39673900.0,116160000.0
2015-01-06,111.54064178466797,286.1889953613281,1.193901538848877,1219.300048828125,38.985103607177734,17371.640625,113.36860018729732,287.5530090332031,1.1969999074935913,1220.0,39.924502359597,17581.05078125,110.35990236921182,272.6960144042969,1.1886931657791138,1203.5,38.891163080385475,17262.369140625,112.87007214370952,274.6109924316406,1.1938302516937256,1203.5,39.60852325309258,17504.1796875,4992800.0,23245700,0.0,97.0,36447900.0,101870000.0
2015-01-07,113.27236938476562,294.3370056152344,1.1875356435775757,1210.5999755859375,39.480438232421875,17584.51953125,113.6747016573524,298.7539978027344,1.1900001764297485,1219.199951171875,39.676857934145005,17597.080078125,112.58142339516019,283.0790100097656,1.1804006099700928,1210.5999755859375,38.848479758661014,17374.779296875,112.5989195841462,286.0769958496094,1.1874792575836182,1219.199951171875,39.266938131711555,17374.779296875,3573200.0,24866800,0.0,29.0,29114100.0,91030000.0
2015-01-08,115.27528381347656,283.3489990234375,1.1836000680923462,1208.4000244140625,40.64188003540039,17907.869140625,115.44146427517016,294.135009765625,1.184805989265442,1215.699951171875,40.77851997201219,17916.0390625,114.05080392744625,282.17498779296875,1.1756006479263306,1206.300048828125,39.89890058368327,17591.970703125,114.22573915808228,294.135009765625,1.1838942766189575,1207.0,39.92451955375016,17591.970703125,4503400.0,19982500,0.0,92.0,29645200.0,114890000.0
2015-01-09,115.04785919189453,290.4079895019531,1.1796069145202637,1216.0,40.30027389526367,17737.369140625,115.67758857676122,291.114013671875,1.1838297843933105,1220.199951171875,40.838295008597264,17915.3203125,114.51433883376254,280.5329895019531,1.176830530166626,1210.300048828125,40.05261627855695,17686.08984375,115.0915929941708,282.38299560546875,1.1794260740280151,1211.0999755859375,40.65895572340363,17911.01953125,3056400.0,18718600,0.0,43.0,23944200.0,93390000.0
2015-01-10,,274.7959899902344,,,,,,288.12701416015625,,,,,,273.96600341796875,,,,,,287.3030090332031,,,,,,15264300,,,,
2015-01-11,,265.6600036621094,,,,,,279.63800048828125,,,,,,265.03900146484375,,,,,,274.6080017089844,,,,,,18200800,,,,
2015-01-12,114.46186828613281,267.7959899902344,1.187070369720459,1232.699951171875,39.796409606933594,17640.83984375,115.67759330326356,272.2030029296875,1.1872000694274902,1234.4000244140625,40.59917191196876,17793.880859375,113.65721700496628,265.20001220703125,1.1788004636764526,1219.0999755859375,39.591451375085896,17571.580078125,115.66011045818489,266.14599609375,1.1870139837265015,1224.199951171875,40.49668953829256,17742.05078125,3552700.0,18880300,0.0,100.0,23651900.0,92500000.0
2015-01-13,114.7242660522461,225.86099243164062,1.1831519603729248,1234.300048828125,39.591453552246094,17613.6796875,117.12073722378257,268.2770080566406,1.1859019994735718,1239.300048828125,40.91515333637416,17923.009765625,113.84964329053436,219.906005859375,1.1756504774093628,1230.300048828125,39.33525411947171,17498.23046875,115.45020454594894,267.3940124511719,1.1832358837127686,1239.199951171875,40.1123942449471,17645.01953125,3441700.0,72843904,0.0,20.0,35270600.0,99360000.0
2015-01-14,114.0333023071289,178.10299682617188,1.1778285503387451,1234.4000244140625,39.24985122680664,17427.08984375,114.82919875447968,223.8939971923828,1.184356927871704,1243.800048828125,39.488973515238165,17609.060546875,112.78258501155112,171.50999450683594,1.173060417175293,1225.5999755859375,38.95949100765958,17264.900390625,112.85255642314895,223.8939971923828,1.1776759624481201,1229.5999755859375,39.24985122680664,17609.060546875,3559500.0,97638704,0.0,21.0,29719600.0,109180000.0
2015-01-15,113.82337188720703,209.843994140625,1.1785920858383179,1264.699951171875,38.839942932128906,17320.7109375,115.30148605103552,229.06700134277344,1.1788560152053833,1265.0,39.608544696768384,17517.41015625,113.43853585098182,176.89700317382812,1.1592293977737427,1227.300048828125,38.78016315685177,17298.0390625,113.91958089626333,176.89700317382812,1.178383708000183,1231.5,39.4719047450273,17436.30078125,3902000.0,81773504,0.0,130.0,32750800.0,94520000.0
2015-01-16,114.38314819335938,208.0970001220703,1.1637378931045532,1276.9000244140625,39.48897171020508,17511.5703125,114.59306243214243,221.59100341796875,1.1650002002716064,1279.699951171875,39.52312924320328,17528.369140625,112.92252998091028,199.77099609375,1.1464300155639648,1256.0999755859375,38.575188475266515,17243.55078125,113.48228793864935,209.07000732421875,1.1639004945755005,1256.0999755859375,38.69475124289332,17320.0,4425600.0,38421000,0.0,44.0,35695300.0,140480000.0
2015-01-17,,199.25999450683594,,,,,,211.7310028076172,,,,,,194.875,,,,,,207.83399963378906,,,,,,23469700,,,,
2015-01-18,,210.33900451660156,,,,,,218.69500732421875,,,,,,194.50599670410156,,,,,,200.0500030517578,,,,,,30085100,,,,
2015-01-19,,214.86099243164062,1.1566041707992554,,,,,216.72799682617188,1.1638705730438232,,,,,207.3179931640625,1.155401587486267,,,,,211.4709930419922,1.156376838684082,,,,,18658300,0.0,,,
2015-01-20,114.76797485351562,211.31500244140625,1.1597968339920044,1294.199951171875,39.617069244384766,17515.23046875,115.45017939135549,215.24099731445312,1.1615993976593018,1297.300048828125,39.839111123459006,17588.69921875,113.21988916579532,205.1529998779297,1.1569199562072754,1273.800048828125,38.91678933238558,17346.73046875,114.96913430808858,212.90699768066406,1.1597026586532593,1278.9000244140625,39.540209095128645,17516.9609375,3143700.0,24051100,0.0,157.0,36161900.0,119600000.0
2015-01-21,115.80878448486328,226.89700317382812,1.1546944379806519,1293.699951171875,39.21570587158203,17554.279296875,116.21110341706391,227.78799438476562,1.1663997173309326,1303.5,39.403587045504146,17599.580078125,114.19948206469658,211.21200561523438,1.1543744802474976,1286.699951171875,38.83994678149155,17396.0390625,114.46185817453087,211.3780059814453,1.1546677350997925,1295.199951171875,39.23278627446165,17509.9609375,2898000.0,29924600,0.0,78.0,39081100.0,95530000.0
2015-01-22,118.63383483886719,233.406005859375,1.1615345478057861,1300.699951171875,40.24903869628906,17813.98046875,119.13237623567196,237.0189971923828,1.1642893552780151,1302.0999755859375,40.257577266651204,17840.890625,116.36856501311374,226.4340057373047,1.1414000988006592,1283.5,39.35233895163077,17482.5390625,116.65719213562944,227.32200622558594,1.1616965532302856,1293.199951171875,39.60853841328272,17557.2890625,4971300.0,33544600,0.0,131.0,35898000.0,111980000.0
2015-01-23,117.74170684814453,232.87899780273438,1.1346745491027832,1292.5999755859375,40.2917366027832,17672.599609375,118.75627241106824,234.84500122070312,1.1373976469039917,1299.800048828125,40.47107589366213,17812.5,117.7242240025547,225.1959991455078,1.1121799945831299,1292.5999755859375,39.96721555898839,17667.529296875,118.57260911258943,233.51699829101562,1.1346487998962402,1299.800048828125,40.44545692575166,17812.5,3828300.0,24621700,0.0,23.0,26211600.0,97110000.0
2015-01-24,,247.8470001220703,,,,,,248.2100067138672,,,,,,230.02200317382812,,,,,,232.6999969482422,,,,,,24782500,,,,
2015-01-25,,253.71800231933594,,,,,,255.07400512695312,,,,,,243.88999938964844,,,,,,247.3520050048828,,,,,,33582700,,,,
2015-01-26,117.26066589355469,273.4729919433594,1.1125450134277344,1279.4000244140625,40.146549224853516,17678.69921875,118.29271422168685,309.3840026855469,1.1283994913101196,1290.5999755859375,40.249031597641995,17696.359375,116.78836218574166,254.07899475097656,1.1140819787979126,1279.4000244140625,39.48897191709859,17567.599609375,118.07405855769113,254.07899475097656,1.1140819787979126,1289.5,40.138010655997306,17668.109375,3900500.0,106794000,0.0,26.0,42525500.0,87220000.0
2015-01-27,115.87001037597656,263.4750061035156,1.1247708797454834,1291.699951171875,36.43165588378906,17387.2109375,116.31607648965877,275.4800109863281,1.14199960231781,1291.699951171875,36.89281686835987,17638.529296875,114.34817543475442,250.6529998779297,1.1226003170013428,1277.199951171875,35.96195632887563,17288.310546875,115.8000389592091,273.1669921875,1.1250998973846436,1277.199951171875,36.6793167745126,17638.529296875,5243900.0,44399000,0.0,20.0,169164000.0,135940000.0
2015-01-28,122.13229370117188,233.9149932861328,1.1367381811141968,1285.9000244140625,35.17627716064453,17191.369140625,124.10019446047257,266.5350036621094,1.138200283050537,1286.800048828125,36.542679827447365,17484.41015625,118.87869671147358,227.04600524902344,1.1307804584503174,1285.9000244140625,35.15065818977271,17189.0,119.21105755477345,263.35101318359375,1.1366994380950928,1285.9000244140625,36.49998045674328,17402.91015625,14355100.0,44352200,0.0,180387.0,84507100.0,115980000.0
2015-01-29,129.25172424316406,233.51300048828125,1.1281461715698242,1254.5999755859375,35.87654495239258,17416.849609375,129.66279792481293,238.70599365234375,1.1368002891540527,1285.4000244140625,35.970485490353646,17433.130859375,122.12355553025809,220.71200561523438,1.126405119895935,1251.0,34.83466698221574,17136.30078125,122.17603074992704,233.34800720214844,1.1284770965576172,1283.300048828125,34.95422648225635,17195.2890625,15161700.0,32213400,0.0,67983.0,63585300.0,111690000.0
2015-01-30,127.14388275146484,226.4250030517578,1.13355553150177,1278.5,34.50160598754883,17164.94921875,128.43833380489502,242.8509979248047,1.1363998651504517,1284.300048828125,35.50932638499197,17419.900390625,126.26926015380313,225.83900451660156,1.1285994052886963,1257.0,34.45890337554972,17156.8203125,127.88731729774999,232.77200317382812,1.1337354183197021,1258.0,35.48370416624212,17416.849609375,11271100.0,26605200,0.0,8626.0,78004900.0,168560000.0
2015-01-31,,217.46400451660156,,,,,,233.50399780273438,,,,,,216.3090057373047,,,,,,226.4409942626953,,,,,,23348200,,,,
2015-02-01,,226.9720001220703,,,,,,231.57400512695312,,,,,,212.01499938964844,,,,,,216.86700439453125,,,,,,29128500,,,,
2015-02-02,127.92232513427734,238.22900390625,1.1309019327163696,1276.199951171875,35.253135681152344,17361.0390625,128.2109522579787,242.1750030517578,1.1359995603561401,1284.0999755859375,35.329995847923875,17367.6796875,125.11479343718321,222.65899658203125,1.1292927265167236,1266.0,34.356435907319835,17037.759765625,125.70078910808546,226.49099731445312,1.130467176437378,1284.0999755859375,34.663876574405954,17169.990234375,6790900.0,30612100,0.0,1654.0,50352500.0,108090000.0
2015-02-03,128.86685180664062,227.26800537109375,1.1341726779937744,1259.699951171875,35.526424407958984,17666.400390625,129.44410575146793,245.95700073242188,1.1450005769729614,1284.699951171875,35.80824617563875,17670.759765625,127.85228669373403,224.48300170898438,1.1317901611328125,1255.300048828125,35.05672471957986,17369.970703125,128.01846707291259,237.45399475097656,1.1336969137191772,1273.5,35.55204664177322,17369.970703125,5978200.0,40783700,0.0,2380.0,52082400.0,112860000.0
2015-02-04,128.76194763183594,226.85299682617188,1.145737886428833,1263.800048828125,35.73136901855469,17673.01953125,129.78525453110186,230.05799865722656,1.1484194993972778,1271.5999755859375,36.047348184984685,17782.220703125,127.6336769394805,221.11300659179688,1.1404199600219727,1256.800048828125,35.32144930751657,17603.2109375,127.66866931907118,227.51100158691406,1.1456853151321411,1262.0,35.816767736697194,17664.990234375,4766200.0,26594300,0.0,668.0,41614800.0,102560000.0
2015-02-05,129.9689483642578,217.11099243164062,1.131874680519104,1262.0,36.25232696533203,17884.880859375,130.2050869021822,239.40499877929688,1.1460003852844238,1272.5999755859375,36.4145859103173,17889.580078125,128.09725617886846,214.72500610351562,1.1316953897476196,1257.800048828125,35.748466469294414,17677.259765625,128.79694371511232,227.6649932861328,1.131721019744873,1271.800048828125,36.055907213690766,17677.259765625,4252600.0,22516400,0.0,133.0,36548200.0,79890000.0
2015-02-06,129.4441680908203,222.26600646972656,1.147196888923645,1233.9000244140625,36.21815872192383,17824.2890625,130.2225818110526,230.50999450683594,1.147599697113037,1267.5999755859375,36.54267980301358,17951.08984375,129.18177859447235,216.23199462890625,1.132002830505371,1228.0,35.996120039759155,17764.400390625,129.98642992977102,216.92300415039062,1.1470915079116821,1265.0,36.4487392328755,17881.5390625,4398800.0,24435300,0.0,432.0,34616600.0,93610000.0
2015-02-07,,227.75399780273438,,,,,,230.2989959716797,,,,,,222.60699462890625,,,,,,222.63299560546875,,,,,,21604200,,,,
2015-02-08,,223.41200256347656,,,,,,229.43800354003906,,,,,,221.07699584960938,,,,,,227.6929931640625,,,,,,17145200,,,,
2015-02-09,129.07684326171875,220.11000061035156,1.1314393281936646,1240.800048828125,36.17544937133789,17729.2109375,129.58412612192808,223.9770050048828,1.1359995603561401,1242.300048828125,36.499970362900335,17821.490234375,127.37133135410117,217.0189971923828,1.1271694898605347,1235.4000244140625,36.047348036898114,17685.3203125,127.83488040217965,223.38900756835938,1.1314777135849,1237.5,36.07297025843742,17821.490234375,4202900.0,27791300,0.0,319.0,31381100.0,81590000.0
2015-02-10,129.4791259765625,219.83900451660156,1.1326953172683716,1231.5999755859375,36.38041305541992,17868.759765625,130.06513487246897,221.8070068359375,1.1350003480911255,1245.0,36.52559480675061,17890.33984375,129.00683563683958,215.33200073242188,1.127559781074524,1231.199951171875,36.021734477578356,17729.240234375,129.6190687978441,220.28199768066406,1.1326054334640503,1237.5,36.49997583911986,17736.150390625,4034900.0,21115100,0.0,231.0,29670700.0,89930000.0
2015-02-11,130.1743621826172,219.18499755859375,1.1321951150894165,1219.0,36.19253921508789,17862.140625,130.57918290543108,223.406005859375,1.1331958770751953,1237.4000244140625,36.42311972262486,17897.2109375,129.4439338409095,218.07400512695312,1.128860592842102,1219.0,36.0473574476373,17759.650390625,129.81354575570873,219.73199462890625,1.1319515705108643,1233.300048828125,36.42311972262486,17867.859375,3272700.0,17201900,0.0,102.0,38262500.0,89890000.0
2015-02-12,130.32391357421875,221.76400756835938,1.131196141242981,1220.0999755859375,36.79887771606445,17972.380859375,130.74633853096037,222.19900512695312,1.1398193836212158,1229.800048828125,36.79887771606445,17975.650390625,129.9630972925846,217.61399841308594,1.1306205987930298,1217.9000244140625,36.30355591563524,17862.140625,130.4735173774821,219.20799255371094,1.130825161933899,1217.9000244140625,36.431657279953974,17862.140625,2998900.0,15206200,0.0,99.0,33268800.0,117160000.0
2015-02-13,131.76722717285156,235.427001953125,1.140393853187561,1226.5,37.46500778198242,18019.349609375,131.86403125905298,240.25900268554688,1.1450005769729614,1232.800048828125,37.46500778198242,18037.41015625,129.9279629632513,221.26199340820312,1.138200283050537,1222.199951171875,36.85012952632303,17961.759765625,130.2271707103369,221.968994140625,1.1404849290847778,1222.199951171875,37.046549285829194,17968.650390625,3418600.0,42744400,0.0,65.0,40264900.0,85230000.0
2015-02-14,,257.3210144042969,,,,,,259.8080139160156,,,,,,235.5279998779297,,,,,,235.5279998779297,,,,,,49732500,,,,
2015-02-15,,234.8249969482422,,,,,,265.6109924316406,,,,,,227.6840057373047,,,,,,257.5069885253906,,,,,,56552400,,,,
2015-02-16,,233.84300231933594,1.1400039196014404,,,,,239.52099609375,1.1435000896453857,,,,,229.02200317382812,1.1397050619125366,,,,,234.8249969482422,1.1397050619125366,,,,,28153700,0.0,,,
2015-02-17,131.9344482421875,243.61000061035156,1.1334012746810913,1208.0999755859375,37.48218536376953,18047.580078125,131.96965705597958,245.77499389648438,1.1442302465438843,1234.0,37.84341640001134,18052.009765625,130.70240832402428,232.31399536132812,1.1325156688690186,1203.0,37.14675232605605,17951.41015625,130.87841210830075,233.4219970703125,1.1333627700805664,1227.699951171875,37.81761512054717,18019.80078125,3622400.0,27363100,0.0,204.0,33695700.0,98760000.0
2015-02-18,133.03445434570312,236.3260040283203,1.1404719352722168,1199.699951171875,37.43918991088867,18029.849609375,133.43046611517954,244.25100708007812,1.1415003538131714,1210.199951171875,37.58540485987345,18048.69921875,131.4503938395729,232.33999633789062,1.1347800493240356,1197.800048828125,37.318779529922864,17982.19921875,131.74080605138218,243.77999877929688,1.1404979228973389,1207.0999755859375,37.525199669390545,18045.720703125,3722100.0,25200800,0.0,147.0,27111700.0,75090000.0
2015-02-19,135.30496215820312,240.2830047607422,1.1400039196014404,1207.0999755859375,37.41337966918945,17985.76953125,135.73618280672264,242.6719970703125,1.1450005769729614,1220.0,37.43918095009626,18028.669921875,132.88487340415395,235.5919952392578,1.135620355606079,1205.0,37.026344050907184,17924.599609375,132.9288777035093,236.41000366210938,1.1400818824768066,1216.5,37.13815506973007,18028.669921875,4384000.0,18270500,0.0,65.0,27603400.0,79130000.0
2015-02-20,139.31790161132812,243.7790069580078,1.1366735696792603,1204.4000244140625,37.723018646240234,18140.439453125,139.77552213552383,247.1009979248047,1.1375994682312012,1213.0999755859375,37.74022059860351,18144.2890625,135.34896104749265,239.2989959716797,1.1282098293304443,1199.0999755859375,37.232774487166274,17878.369140625,135.34896104749265,240.25100708007812,1.1366735696792603,1206.5,37.421989401288386,17985.76953125,9366000.0,23876700,0.0,51.0,29721100.0,111390000.0
2015-02-21,,244.53399658203125,,,,,,255.32000732421875,,,,,,243.1840057373047,,,,,,243.7519989013672,,,,,,12284200,,,,
2015-02-22,,235.9770050048828,,,,,,246.39199829101562,,,,,,233.8509979248047,,,,,,244.54400634765625,,,,,,19527000,,,,
2015-02-23,136.1761932373047,238.89199829101562,1.1381484270095825,1200.300048828125,37.97243881225586,18116.83984375,137.21462483179556,240.10899353027344,1.1393024921417236,1203.300048828125,38.00683943312668,18141.2109375,134.96174445276847,232.42100524902344,1.1296601295471191,1191.5999755859375,37.54239988247238,18054.83984375,136.40499678484684,235.9949951171875,1.1379412412643433,1201.300048828125,37.5854031192634,18140.759765625,8653700.0,16400000,0.0,268.0,32518800.0,83670000.0
2015-02-24,135.85935974121094,238.73500061035156,1.1332985162734985,1196.9000244140625,37.920841217041016,18209.189453125,136.2113672095227,239.9010009765625,1.1347401142120361,1203.5,38.101456819455436,18231.08984375,134.8297237967636,236.40199279785156,1.1290695667266846,1193.800048828125,37.77462624298836,18098.73046875,135.084927197056,238.9980010986328,1.1334141492843628,1203.4000244140625,37.972447080989724,18112.5703125,4391700.0,14200400,0.0,151.0,25271700.0,79310000.0
2015-02-25,134.6537322998047,237.47000122070312,1.1339025497436523,1201.0,37.83483123779297,18224.5703125,136.17619778958903,239.33999633789062,1.1388003826141357,1204.5999755859375,37.920837722176906,18244.380859375,133.888108524773,235.52999877929688,1.1337804794311523,1201.0,37.67141432415159,18182.759765625,135.7977769322127,238.88999938964844,1.1340696811676025,1204.300048828125,37.800427331664565,18208.669921875,4800500.0,11496200,0.0,570.0,29759800.0,80480000.0
2015-02-26,133.52725219726562,236.42599487304688,1.1363636255264282,1209.5999755859375,37.89503860473633,18214.419921875,134.0992810567575,237.7100067138672,1.1378804445266724,1219.0,38.04125029275553,18239.4296875,132.7176243650315,234.2570037841797,1.1202698945999146,1204.800048828125,37.74882363577987,18157.0703125,134.03767237093507,237.33700561523438,1.1362732648849487,1204.800048828125,37.83483340602992,18224.41015625,5149300.0,13619400,0.0,560.0,28957300.0,81500000.0
2015-02-27,132.75286865234375,253.8280029296875,1.1205360889434814,1212.5999755859375,37.71440887451172,18132.69921875,133.66809627267654,256.65301513671875,1.1249998807907104,1217.800048828125,38.0154380623531,18213.259765625,132.400847699734,236.43600463867188,1.117680549621582,1204.5,37.55099527946844,18132.380859375,132.88486811693096,236.43600463867188,1.120360255241394,1207.699951171875,37.95523288097208,18213.259765625,4330700.0,44013900,0.0,195.0,33807700.0,101110000.0
2015-02-28,,254.26300048828125,,,,,,254.69200134277344,,,,,,249.47900390625,,,,,,253.52000427246094,,,,,,13949300,,,,
2015-03-01,,260.2019958496094,,,,,,261.6600036621094,,,,,,245.93299865722656,,,,,,254.2830047607422,,,,,,25213700,,,,
2015-03-02,135.3489532470703,275.6700134277344,1.1161960363388062,1207.699951171875,37.74021530151367,18288.630859375,135.65695645604202,276.3009948730469,1.1240400075912476,1222.699951171875,38.00683732337987,18288.630859375,132.66485238709265,258.31298828125,1.1163954734802246,1204.9000244140625,37.456388048762136,18122.58984375,132.75286097721343,260.35699462890625,1.117093801498413,1214.300048828125,37.55959646751884,18134.05078125,4622800.0,40465700,0.0,124.0,31924000.0,89790000.0
2015-03-03,136.90658569335938,281.7019958496094,1.1179054975509644,1204.0,37.224178314208984,18203.369140625,138.0858253592667,285.7959899902344,1.1214005947113037,1212.0,37.697223883743185,18281.94921875,135.67453282735624,268.1610107421875,1.115599513053894,1195.0,37.06076465987558,18136.880859375,136.14975763065922,275.0459899902344,1.1176680326461792,1201.5,37.46500240804571,18281.94921875,8656600.0,50461300,0.0,51.0,31748600.0,83830000.0
2015-03-04,135.8329620361328,273.0920104980469,1.118217945098877,1200.5999755859375,37.03494644165039,18096.900390625,136.5985856775423,284.2250061035156,1.118806004524231,1206.9000244140625,37.16395612634185,18203.369140625,135.52494542524025,268.1260070800781,1.1062803268432617,1198.0,36.880132195271834,18029.5,136.070561038362,281.989990234375,1.1184055805206299,1204.800048828125,36.9919399324839,18203.369140625,4476200.0,41383000,0.0,27.0,25748700.0,80900000.0
2015-03-05,135.93858337402344,276.1780090332031,1.1082050800323486,1195.9000244140625,37.077972412109375,18135.720703125,137.26742724364027,281.6669921875,1.1108901500701904,1205.4000244140625,37.189783498838146,18160.349609375,135.79777499058383,264.7690124511719,1.1010500192642212,1195.9000244140625,36.8285489420752,18087.650390625,136.28179541601594,272.739013671875,1.1079963445663452,1201.699951171875,37.04356849604852,18096.900390625,3327200.0,41302400,0.0,29.0,23193500.0,75840000.0
2015-03-06,134.75051879882812,272.7229919433594,1.1032048463821411,1164.0999755859375,36.43289566040039,17856.779296875,136.43138343169286,277.6080017089844,1.103399634361267,1195.699951171875,37.07795400203372,18135.720703125,134.47771098026132,270.0150146484375,1.0852224826812744,1163.699951171875,36.25228011216779,17825.150390625,135.4545472059771,275.6000061035156,1.103399634361267,1195.0,36.98334492031101,18135.720703125,3556200.0,28918900,0.0,168.0,36248800.0,113350000.0
2015-03-07,,276.260986328125,,,,,,277.85400390625,,,,,,270.13299560546875,,,,,,272.29400634765625,,,,,,17825900,,,,
2015-03-08,,274.35400390625,,,,,,277.8580017089844,,,,,,272.56500244140625,,,,,,276.4330139160156,,,,,,22067900,,,,
2015-03-09,136.18496704101562,289.60699462890625,1.0845986604690552,1166.4000244140625,36.85433578491211,17995.720703125,136.94179518173277,292.70098876953125,1.0910003185272217,1174.199951171875,37.095159821952365,18031.0390625,134.77691031421304,273.89300537109375,1.0837758779525757,1166.300048828125,36.286684516284716,17856.560546875,134.90892318572685,274.81201171875,1.0845634937286377,1169.4000244140625,36.286684516284716,17856.560546875,3433000.0,59178200,0.0,45.0,32108000.0,85820000.0
2015-03-10,134.13450622558594,291.760009765625,1.0833414793014526,1160.0999755859375,36.14907455444336,17662.939453125,135.63936719502888,300.04400634765625,1.0837054252624512,1168.4000244140625,36.733927812658344,17989.560546875,134.13450622558594,289.7430114746094,1.0705904960632324,1156.5,36.14907455444336,17662.939453125,134.9089388581157,289.86199951171875,1.0835762023925781,1166.4000244140625,36.42429923114018,17989.560546875,3839600.0,67770800,0.0,94.0,39159700.0,120450000.0
2015-03-11,133.03445434570312,296.3789978027344,1.0708701610565186,1150.699951171875,36.1060791015625,17635.390625,134.37210693179358,297.3909912109375,1.0714553594589233,1162.0,36.44150904357668,17731.779296875,133.03445434570312,290.50799560546875,1.0561401844024658,1147.699951171875,35.98566868965358,17627.0,134.2136941670683,291.5249938964844,1.070939064025879,1162.0,36.389906456151515,17662.939453125,3395400.0,33963900,0.0,74.0,32215300.0,102120000.0
2015-03-12,133.80007934570312,294.35400390625,1.0548745393753052,1152.0999755859375,35.280399322509766,17895.220703125,134.57451191834426,297.0880126953125,1.0681501626968384,1160.5,35.82224937147792,17900.099609375,133.13125976001967,292.4129943847656,1.0501554012298584,1149.699951171875,35.14278697620928,17620.490234375,133.13125976001967,296.12701416015625,1.0549412965774536,1155.4000244140625,35.54702467887696,17626.83984375,2965100.0,32585200,0.0,63.0,59992500.0,111550000.0
2015-03-13,133.38650512695312,285.3370056152344,1.0626314878463745,1152.5999755859375,35.59001541137695,17749.310546875,134.1081246463448,294.49798583984375,1.0629997253417969,1159.199951171875,35.66742253401952,17889.05078125,131.82003524410013,285.3370056152344,1.0486302375793457,1152.5999755859375,34.92775520230962,17629.890625,133.66810848654603,294.1180114746094,1.062597632408142,1158.199951171875,35.00516232495219,17889.05078125,3569600.0,31421500,0.0,44.0,58007700.0,113620000.0
2015-03-14,,281.885009765625,,,,,,286.3420104980469,,,,,,280.97601318359375,,,,,,284.4419860839844,,,,,,22612300,,,,
2015-03-15,,286.39300537109375,,,,,,286.52899169921875,,,,,,280.9960021972656,,,,,,281.42498779296875,,,,,,11970100,,,,
2015-03-16,135.23452758789062,290.5929870605469,1.0481630563735962,1153.300048828125,35.74483871459961,17977.419921875,135.6921480275852,294.11199951171875,1.0613998174667358,1162.300048828125,35.81364324053068,17988.5,134.00248805204805,285.68499755859375,1.0484488010406494,1150.0999755859375,35.50401467149882,17751.240234375,134.1080876041992,285.68499755859375,1.0484488010406494,1159.699951171875,35.66743157234164,17751.240234375,2742900.0,21516100,0.0,56.0,35273500.0,101760000.0
2015-03-17,135.97378540039062,285.5050048828125,1.0572947263717651,1148.300048828125,35.865230560302734,17849.080078125,136.40500606016195,292.364990234375,1.064900279045105,1158.199951171875,35.97704154821001,17972.220703125,134.40732898569985,284.3739929199219,1.055297613143921,1144.300048828125,35.392188615835956,17785.7890625,134.5393418872105,290.5950012207031,1.057283639907837,1153.5999755859375,35.581403425061595,17972.220703125,2927200.0,21497200,0.0,71.0,31673400.0,82560000.0
2015-03-18,137.04739379882812,256.29901123046875,1.0598047971725464,1151.4000244140625,36.553321838378906,18076.189453125,137.27621073659708,285.33599853515625,1.064599871635437,1174.300048828125,36.837149206327055,18097.119140625,133.8616819258052,249.8699951171875,1.0580499172210693,1147.0,35.547031964972504,17697.51953125,135.560137416226,285.0669860839844,1.0595914125442505,1148.699951171875,35.63303846868769,17846.80078125,4053600.0,57008000,0.0,112.0,44194800.0,130950000.0
2015-03-19,135.62171936035156,260.9280090332031,1.0849988460540771,1169.0999755859375,36.37269592285156,17959.029296875,136.69535937409623,264.2439880371094,1.0914051532745361,1171.5999755859375,36.63071864194506,18072.990234375,135.22570768307034,248.63600158691406,1.0621405839920044,1159.300048828125,36.31249073109431,17934.240234375,136.32574758008565,255.8800048828125,1.0843987464904785,1171.5999755859375,36.3468913542864,18072.580078125,2539000.0,52732000,0.0,39.0,33879100.0,107820000.0
2015-03-20,135.96498107910156,261.7489929199219,1.066894292831421,1184.800048828125,36.88013458251953,18127.650390625,136.8362178308573,264.8479919433594,1.0814902782440186,1185.4000244140625,36.9661410445477,18197.2890625,135.94737667439833,259.1619873046875,1.065719723701477,1171.0,36.54470478729898,17961.130859375,136.44019258027885,260.95599365234375,1.067270040512085,1171.0,36.60490996690594,17961.130859375,4464300.0,18456700,0.0,54.0,71904500.0,333870000.0
2015-03-21,,260.0249938964844,,,,,,262.1960144042969,,,,,,255.64999389648438,,,,,,261.6440124511719,,,,,,17130100,,,,
2015-03-22,,267.9599914550781,,,,,,269.74700927734375,,,,,,259.5899963378906,,,,,,259.9169921875,,,,,,18438100,,,,
2015-03-23,134.4777374267578,266.739990234375,1.0826611518859863,1188.0,36.8629264831543,18116.0390625,136.38740596050724,277.2969970703125,1.094369649887085,1188.0,37.09514782900646,18205.9296875,134.4777374267578,261.7449951171875,1.0769503116607666,1181.199951171875,36.79411870026373,18116.0390625,136.38740596050724,267.8949890136719,1.082602620124817,1181.5999755859375,36.88012842887694,18136.73046875,3029700.0,22811900,0.0,5.0,26246100.0,98030000.0
2015-03-24,133.45687866210938,245.59500122070312,1.094499111175537,1191.699951171875,36.897335052490234,18011.140625,134.31051097614588,267.00299072265625,1.1030004024505615,1193.0,37.12955314684763,18149.240234375,133.19287974290287,244.15499877929688,1.0893305540084839,1186.0,36.76832208368183,18010.439453125,133.72969992566576,266.5769958496094,1.0947985649108887,1188.0,36.794123365069076,18110.869140625,3319300.0,40073700,0.0,411.0,25513300.0,87190000.0
2015-03-25,130.4471893310547,246.19700622558594,1.0902034044265747,1197.300048828125,35.6588249206543,17718.5390625,133.80011038078794,249.19000244140625,1.1012972593307495,1199.199951171875,36.923140340811464,18041.970703125,130.3591941544415,236.51499938964844,1.0910003185272217,1192.5,35.641622970883994,17718.5390625,133.23689022319795,247.4720001220703,1.0910598039627075,1192.5,36.91453772545809,18012.609375,3747900.0,35866900,0.0,11.0,43469900.0,106560000.0
2015-03-26,130.39437866210938,248.53199768066406,1.0960465669631958,1205.0999755859375,35.443809509277344,17678.23046875,130.9928075830067,254.35400390625,1.1045196056365967,1213.699951171875,35.78784198201802,17759.509765625,128.44951488270306,244.90499877929688,1.0912598371505737,1198.199951171875,35.19438613058719,17579.26953125,130.09517091577405,246.2760009765625,1.0966475009918213,1198.199951171875,35.45241212561111,17716.26953125,3627400.0,25730000,0.0,68.0,37495600.0,117740000.0
2015-03-27,130.9927520751953,247.0290069580078,1.0886367559432983,1199.800048828125,35.23738479614258,17712.66015625,131.3975592244127,256.8110046386719,1.089538335800171,1199.800048828125,35.6330197549535,17729.140625,129.79590816878655,245.21299743652344,1.0805296897888184,1196.300048828125,35.11697444180326,17630.490234375,130.76393518994803,248.5659942626953,1.0885539054870605,1197.0,35.3663944839621,17673.630859375,2600300.0,17274900,0.0,172260.0,34401400.0,103220000.0
2015-03-28,,252.79800415039062,,,,,,254.2050018310547,,,,,,246.97500610351562,,,,,,246.97500610351562,,,,,,16040900,,,,
2015-03-29,,242.71299743652344,,,,,,253.13900756835938,,,,,,240.85000610351562,,,,,,252.74000549316406,,,,,,21699400,,,,
2015-03-30,134.38092041015625,247.5260009765625,1.0884946584701538,1184.800048828125,35.228797912597656,17976.310546875,134.7945366373615,249.24200439453125,1.0884946584701538,1198.5,35.727644781539794,18008.640625,131.98723164224668,239.21400451660156,1.0811103582382202,1181.5999755859375,35.18579466412205,17727.48046875,132.07524023756852,242.87899780273438,1.0881984233856201,1198.0,35.34920832070436,17727.48046875,3738700.0,23009600,0.0,37990.0,35049700.0,104040000.0
2015-03-31,132.07522583007812,244.2239990234375,1.0830246210098267,1183.0999755859375,34.970760345458984,17776.119140625,133.98489397185318,248.72999572753906,1.0843517780303955,1190.0999755859375,35.28898818666842,17965.369140625,131.9520218670031,242.73899841308594,1.071765422821045,1178.199951171875,34.8675519365952,17773.01953125,133.96728956906395,247.45399475097656,1.0829074382781982,1185.800048828125,35.07396875432277,17965.369140625,2975600.0,22672000,0.0,3409.0,34887200.0,119470000.0
2015-04-01,130.80799865722656,247.27200317382812,1.073814034461975,1208.0999755859375,35.02237319946289,17698.1796875,132.02244751082682,247.54100036621094,1.0800302028656006,1208.199951171875,35.05677382201138,17778.51953125,129.20634687689514,241.16000366210938,1.072129726409912,1181.0,34.6697413910805,17585.009765625,131.97844321081303,244.22300720214844,1.0741022825241089,1182.9000244140625,34.91916148900695,17778.51953125,4167600.0,22877200,0.0,1632.0,36865300.0,103360000.0
2015-04-02,131.3712158203125,253.0050048828125,1.0769942998886108,1200.9000244140625,34.65254211425781,17763.240234375,132.44485626093837,254.46099853515625,1.0896902084350586,1205.699951171875,35.03957785600181,17815.029296875,130.51758344656525,245.41600036621094,1.0752688646316528,1194.800048828125,34.506327153626934,17673.490234375,131.24801183998952,247.08900451660156,1.0769827365875244,1204.0,34.97077004371973,17699.51953125,2934200.0,26272600,0.0,1684.0,37487500.0,87370000.0
2015-04-03,,254.32200622558594,1.087074637413025,,,,,256.0429992675781,1.1021955013275146,,,,,251.87899780273438,1.0865904092788696,,,,,253.07400512695312,1.0870983600616455,,,,,23146600,0.0,,,
2015-04-04,,253.69700622558594,,,,,,255.25799560546875,,,,,,251.10000610351562,,,,,,254.29100036621094,,,,,,12493500,,,,
2015-04-05,,260.5979919433594,,,,,,260.67498779296875,,,,,,251.94200134277344,,,,,,253.76100158691406,,,,,,19649200,,,,
2015-04-06,132.8232421875,255.49200439453125,1.100134253501892,1218.5999755859375,35.73624038696289,17880.849609375,133.2808626524263,261.7980041503906,1.103594422340393,1224.199951171875,35.93405793404283,17941.7890625,130.24475450666583,254.5749969482422,1.0968520641326904,1209.9000244140625,34.557934440905306,17646.80078125,130.37675395413277,260.72100830078125,1.1001462936401367,1209.9000244140625,34.69554679021906,17755.5,3371500.0,20034200,0.0,343.0,39223700.0,100850000.0
2015-04-07,134.04653930664062,253.17999267578125,1.0934817790985107,1210.5999755859375,35.71903991699219,17875.419921875,135.08497107521964,255.80499267578125,1.095554232597351,1214.800048828125,36.04587049054073,17983.119140625,133.00809410983305,252.2050018310547,1.0837700366973877,1208.199951171875,35.52982497941132,17871.2109375,133.12250261689732,255.2740020751953,1.0934817790985107,1214.800048828125,35.787847734976026,17884.3203125,4299500.0,18467400,0.0,406.0,28809400.0,72150000.0
2015-04-08,134.96176147460938,245.02200317382812,1.0824151039123535,1203.0999755859375,35.62442398071289,17902.509765625,135.08496546624426,253.8470001220703,1.088999629020691,1211.4000244140625,35.8566454004997,17976.19921875,133.932125238469,244.21499633789062,1.078950047492981,1197.5999755859375,35.297596750734456,17822.23046875,133.932125238469,253.06399536132812,1.0824971199035645,1208.9000244140625,35.658827883111684,17877.619140625,2763400.0,30086400,0.0,236.0,24753400.0,76820000.0
2015-04-09,135.01454162597656,243.67599487304688,1.078527569770813,1193.5999755859375,35.67604446411133,17958.73046875,135.23454968104983,246.1179962158203,1.0790047645568848,1202.5,35.79645489094753,17984.220703125,133.4392898600714,239.39999389648438,1.067000150680542,1193.0,35.47822686560356,17823.099609375,134.3105131640969,244.75100708007812,1.0784345865249634,1201.699951171875,35.47822686560356,17902.509765625,3966800.0,21643500,0.0,521.0,25723900.0,86740000.0
2015-04-10,135.85935974121094,236.07200622558594,1.0669056177139282,1204.5999755859375,35.88243865966797,18057.650390625,136.36977997001992,243.69400024414062,1.068349838256836,1209.5999755859375,36.0802561147152,18066.759765625,134.8649191723051,232.77099609375,1.0571495294570923,1195.800048828125,35.61581342150743,17945.55078125,135.12893148765102,243.69400024414062,1.0667235851287842,1195.800048828125,35.80503154413334,17956.73046875,3183000.0,28882000,0.0,202.0,28022000.0,116410000.0
2015-04-11,,236.552001953125,,,,,,239.53700256347656,,,,,,234.1750030517578,,,,,,236.01600646972656,,,,,,16365200,,,,
2015-04-12,,236.1529998779297,,,,,,237.72799682617188,,,,,,233.4949951171875,,,,,,236.53500366210938,,,,,,12387900,,,,
2015-04-13,134.8561248779297,224.58700561523438,1.0609854459762573,1199.300048828125,35.91685485839844,17977.0390625,136.84499260510356,236.93499755859375,1.0619995594024658,1208.0999755859375,36.17488087612234,18107.5703125,134.60971696228776,221.99600219726562,1.0521597862243652,1198.300048828125,35.59862692572596,17974.810546875,135.34013179408214,235.9499969482422,1.0608278512954712,1208.0999755859375,35.60722954281655,18052.3203125,3034000.0,31181800,0.0,424.0,30276700.0,120090000.0
2015-04-14,134.82974243164062,219.15899658203125,1.0572947263717651,1192.800048828125,35.82225036621094,18036.69921875,135.1201412476107,224.9759979248047,1.0706901550292969,1200.5999755859375,36.14907764716441,18075.599609375,133.40408110302104,216.322998046875,1.0532501935958862,1184.0999755859375,35.59862824667727,17905.48046875,134.58332105589537,224.75900268554688,1.0574960708618164,1198.800048828125,35.95126009892292,17979.109375,2845800.0,31719000,0.0,546.0,24244400.0,82830000.0
2015-04-15,134.143310546875,223.83299255371094,1.0647132396697998,1201.5,36.34688949584961,18112.609375,135.85057527470832,223.83299255371094,1.0668703317642212,1203.0999755859375,36.518905726762284,18160.51953125,133.94971580421986,218.6490020751953,1.0574603080749512,1188.5999755859375,35.84804603523325,18045.7109375,135.85057527470832,219.072998046875,1.0647926330566406,1194.5999755859375,35.91685055903629,18045.7109375,3687400.0,22562000,0.0,196.0,27343600.0,113610000.0
2015-04-16,133.7384796142578,228.572998046875,1.0676802396774292,1198.0,36.26087951660156,18105.76953125,134.23129544285848,229.6719970703125,1.0762397050857544,1208.5,36.415693781368006,18169.259765625,132.92885169181042,223.91700744628906,1.0627998113632202,1194.5999755859375,35.96845293659121,18063.859375,133.4656718111556,223.91700744628906,1.0677144527435303,1204.300048828125,36.08026396801951,18106.26953125,2559900.0,24805400,0.0,199.0,22509700.0,89520000.0
2015-04-17,131.65281677246094,222.8820037841797,1.0755579471588135,1202.9000244140625,35.796451568603516,17826.30078125,133.26326381166655,228.906005859375,1.0846904516220093,1206.0,35.899663308545016,18102.560546875,131.5120084038033,221.94200134277344,1.073509693145752,1200.199951171875,35.40081640830771,17748.529296875,132.77925686527178,228.5749969482422,1.0759977102279663,1200.199951171875,35.839454819776925,18102.560546875,4671600.0,20429800,0.0,21.0,42387600.0,138860000.0
2015-04-18,,223.3560028076172,,,,,,224.3159942626953,,,,,,220.87600708007812,,,,,,222.85299682617188,,,,,,12939000,,,,
2015-04-19,,222.60000610351562,,,,,,226.35299682617188,,,,,,222.3730010986328,,,,,,223.45599365234375,,,,,,15021500,,,,
2015-04-20,134.35450744628906,224.62600708007812,1.0810226202011108,1193.5,36.90594482421875,18034.9296875,135.12894003945493,226.3509979248047,1.0818647146224976,1206.9000244140625,37.129563648339364,18092.220703125,132.89365084671712,221.9770050048828,1.0716196298599243,1191.0,35.84804933596402,17841.1796875,132.937655140097,222.61199951171875,1.0810226202011108,1205.699951171875,35.89105257741756,17841.1796875,3169100.0,18364700,0.0,67.0,46057700.0,103160000.0
2015-04-21,134.9353485107422,235.2689971923828,1.0747487545013428,1202.9000244140625,36.67371368408203,17949.58984375,135.60416819652784,235.2689971923828,1.076500415802002,1202.9000244140625,37.11235516133606,18109.69921875,133.76490398944733,224.30099487304688,1.0661594867706299,1192.800048828125,36.57910460934347,17929.630859375,135.09374787254933,224.6199951171875,1.0748181343078613,1193.199951171875,36.98334219015872,18034.23046875,3772900.0,24978000,0.0,33.0,26013800.0,95180000.0
2015-04-22,133.0520782470703,234.17599487304688,1.074171543121338,1186.9000244140625,36.97475814819336,18038.26953125,134.64493447370046,237.90899658203125,1.0799999237060547,1202.5999755859375,37.09516855459114,18056.01953125,130.99280600142336,233.4759979248047,1.0710101127624512,1185.199951171875,36.596321692728885,17887.759765625,134.08171436989377,235.6020050048828,1.073825478553772,1199.0999755859375,36.699530143793055,17950.8203125,8468900.0,23847900,0.0,93.0,25064300.0,91260000.0
2015-04-23,131.8904266357422,236.46200561523438,1.0725815296173096,1194.4000244140625,37.27577209472656,18058.689453125,132.7352634889503,236.47500610351562,1.0818202495574951,1197.0,37.50799349513349,18133.029296875,131.76722266008957,233.19900512695312,1.0671299695968628,1186.0999755859375,36.811329293912706,17966.76953125,132.7352634889503,234.05299377441406,1.0725010633468628,1187.199951171875,36.88873642738168,18031.900390625,4080800.0,17036000,0.0,331.0,46309500.0,100240000.0
2015-04-24,130.59677124023438,231.26800537109375,1.0815019607543945,1175.199951171875,41.17192077636719,18080.140625,131.88162414227102,236.30499267578125,1.0897995233535767,1194.699951171875,41.40414216146574,18108.869140625,130.26236814021223,229.93299865722656,1.078771948814392,1174.5999755859375,39.26255041156164,18009.080078125,131.60000739675183,235.97000122070312,1.0815136432647705,1192.300048828125,39.27114974540845,18056.419921875,4889200.0,21448700,0.0,52.0,130933700.0,119130000.0
2015-04-25,,226.38999938964844,,,,,,232.56100463867188,,,,,,226.33700561523438,,,,,,231.23500061035156,,,,,,13957200,,,,
2015-04-26,,219.42999267578125,,,,,,226.94400024414062,,,,,,214.87399291992188,,,,,,226.41000366210938,,,,,,28943700,,,,
2015-04-27,130.0687255859375,229.28599548339844,1.086897373199463,1203.300048828125,41.309539794921875,18037.970703125,131.12476124589764,233.30499267578125,1.0904899835586548,1206.699951171875,41.39554955204279,18175.560546875,129.98952593279043,218.0229949951172,1.082390546798706,1181.4000244140625,40.612878807394615,18024.66015625,130.76394492170948,219.4290008544922,1.0867438316345215,1182.300048828125,40.621478142638324,18097.890625,4603500.0,38574000,0.0,194.0,59248200.0,121110000.0
2015-04-28,129.81356811523438,225.85499572753906,1.0877959728240967,1214.0,42.281429290771484,18110.140625,130.57039647919885,229.4949951171875,1.0988999605178833,1214.0,42.324432529439704,18119.650390625,128.49351958005647,223.06900024414062,1.0861797332763672,1199.699951171875,41.025716348413305,17917.359375,130.15678019725152,228.968994140625,1.0877013206481934,1199.699951171875,41.094520874095096,18035.900390625,4352900.0,21469200,0.0,401.0,60730800.0,124930000.0
2015-04-29,128.61669921875,225.80799865722656,1.096912145614624,1209.800048828125,42.19541931152344,18035.529296875,129.76955266755255,227.0399932861328,1.1175994873046875,1212.5999755859375,42.41043876795631,18096.4609375,128.39669117121315,223.42999267578125,1.096059799194336,1201.9000244140625,41.71377454797666,17953.689453125,129.42634065052408,225.59100341796875,1.0972130298614502,1211.199951171875,41.902992719537274,18093.689453125,4761700.0,18936500,0.0,114.0,47804600.0,102080000.0
2015-04-30,126.14380645751953,236.14500427246094,1.1114321947097778,1182.4000244140625,41.834190368652344,17840.51953125,128.43189544237705,239.56300354003906,1.1247594356536865,1205.9000244140625,42.60826182502881,18033.330078125,125.62459070644555,224.9929962158203,1.107299566268921,1176.699951171875,41.79978646371629,17774.890625,127.82467110410659,225.6929931640625,1.1113210916519165,1203.0999755859375,41.88579622605643,18033.330078125,4925300.0,33818600,0.0,143.0,64725500.0,129180000.0
2015-05-01,127.31426239013672,232.07899475097656,1.1214659214019775,1174.5,41.85139083862305,18024.060546875,127.66628334263213,238.96600341796875,1.1289701461791992,1178.0999755859375,42.04060902813174,18028.890625,126.58383402046337,232.07899475097656,1.118599534034729,1170.0,41.62777202633382,17859.26953125,127.08545884218444,235.93899536132812,1.1215037107467651,1178.0999755859375,41.78258631212515,17859.26953125,3556800.0,18815300,0.0,23.0,38937300.0,91700000.0
2015-05-02,,234.92999267578125,,,,,,235.7270050048828,,,,,,232.34100341796875,,,,,,232.34100341796875,,,,,,12535500,,,,
2015-05-03,,240.35800170898438,,,,,,243.24000549316406,,,,,,234.08299255371094,,,,,,234.8800048828125,,,,,,18494100,,,,
2015-05-04,126.74225616455078,239.01800537109375,1.1185932159423828,1186.800048828125,41.49016571044922,18070.400390625,127.41987137021393,242.63800048828125,1.1223105192184448,1189.4000244140625,42.03201250837557,18133.759765625,126.00301882383971,237.80999755859375,1.1124002933502197,1177.5,41.43855984738786,18026.01953125,126.59265228427863,240.3560028076172,1.1190940141677856,1177.5,41.60197349234286,18026.01953125,8977500.0,21223400,0.0,38.0,34039500.0,86010000.0
2015-05-05,125.76537322998047,236.12100219726562,1.1149141788482666,1193.199951171875,40.93970489501953,17928.19921875,127.34062456257378,239.20399475097656,1.1209995746612549,1198.699951171875,41.42134967859666,18086.009765625,125.20215330104952,232.0540008544922,1.1068999767303467,1186.9000244140625,40.69028480869643,17905.7109375,126.51339235453281,238.8520050048828,1.1150012016296387,1187.5,41.12892307444924,18062.529296875,3670400.0,23929100,0.0,48.0,50369200.0,95340000.0
2015-05-06,124.9151611328125,229.78199768066406,1.1186307668685913,1190.300048828125,39.804405212402344,17841.98046875,126.78392941683873,236.45399475097656,1.1365302801132202,1194.5999755859375,41.08592276082941,18019.75,124.37490072328033,229.2310028076172,1.1178054809570312,1189.9000244140625,39.58078639611401,17733.119140625,126.65993588912386,236.24899291992188,1.1184431314468384,1194.5,40.913906520103126,17934.810546875,5313500.0,29587200,0.0,14.0,52433000.0,100430000.0
2015-05-07,125.31370544433594,237.33399963378906,1.1341469287872314,1182.4000244140625,40.16563415527344,17924.060546875,125.92480762262397,239.10499572753906,1.1390599012374878,1186.0,40.50106397432026,17973.0703125,124.4191682943494,228.572998046875,1.1238203048706055,1179.699951171875,39.7011913530841,17796.939453125,124.4900236587043,229.66200256347656,1.1339282989501953,1181.5,39.795800436597084,17840.25,4868700.0,29064400,0.0,44.0,32971700.0,80920000.0
2015-05-08,128.82984924316406,243.86300659179688,1.1246949434280396,1189.0999755859375,41.068721771240234,18191.109375,129.25496799994963,246.27499389648438,1.1289000511169434,1189.0999755859375,41.26653930438403,18205.23046875,126.63337305216176,236.2740020751953,1.1185194253921509,1182.9000244140625,40.870904238096436,17933.640625,126.65109027535996,237.20399475097656,1.1245051622390747,1183.300048828125,40.8967055264822,17933.640625,7068000.0,27445500,0.0,51.0,35364900.0,94960000.0
2015-05-09,,241.83200073242188,,,,,,247.8040008544922,,,,,,239.63900756835938,,,,,,243.7689971923828,,,,,,19790500,,,,
2015-05-10,,240.29600524902344,,,,,,244.0679931640625,,,,,,238.8489990234375,,,,,,241.72900390625,,,,,,15019100,,,,
2015-05-11,129.21066284179688,242.1580047607422,1.1194071769714355,1183.199951171875,40.74188995361328,18105.169921875,130.00776208372454,244.27000427246094,1.1202975511550903,1190.5,41.20633281557959,18199.94921875,128.5375571155975,239.37600708007812,1.1134605407714844,1179.300048828125,40.74188995361328,18089.109375,128.90953766278238,240.2989959716797,1.1196954250335693,1189.699951171875,40.896704240935385,18187.779296875,3969000.0,20892300,0.0,26.0,24609400.0,86050000.0
2015-05-12,128.80322265625,241.11199951171875,1.114441990852356,1192.5999755859375,40.72468185424805,18068.23046875,129.37891734215935,242.88099670410156,1.127789855003357,1194.800048828125,41.00850909847418,18119.1796875,127.54557052438278,240.0989990234375,1.113598108291626,1189.699951171875,39.92480925080251,17924.80078125,128.36925219323626,242.14500427246094,1.1146035194396973,1194.5999755859375,40.29464296125309,18096.16015625,3543900.0,19282600,0.0,10.0,29928300.0,89270000.0
2015-05-13,128.9715118408203,236.3769989013672,1.1221455335617065,1218.4000244140625,40.96552276611328,18060.490234375,129.77747635131544,243.70399475097656,1.1382806301116943,1218.4000244140625,41.558975502144314,18132.7890625,128.51097227563278,235.0449981689453,1.1205499172210693,1191.0,40.91391689652625,18039.19921875,128.7855283471848,241.3979949951172,1.1218937635421753,1192.699951171875,41.44716442517461,18070.369140625,2679400.0,27180100,0.0,34.0,34184600.0,85180000.0
2015-05-14,131.04403686523438,236.9290008544922,1.1350480318069458,1225.4000244140625,41.90299987792969,18252.240234375,131.30087580247604,237.7989959716797,1.1443794965744019,1225.5999755859375,41.98900636282092,18255.2109375,129.8837951773097,234.0570068359375,1.1342240571975708,1214.5,41.30954397699406,18062.490234375,130.08750947038945,236.21400451660156,1.134803295135498,1214.5,41.30954397699406,18062.490234375,3495800.0,24413700,0.0,35.0,32980900.0,91580000.0
2015-05-15,130.0874786376953,237.60499572753906,1.1404979228973389,1225.5,41.5417594909668,18272.560546875,131.34513097516373,238.7530059814453,1.1451002359390259,1225.5,42.06640750431757,18272.720703125,129.60920829648893,236.7949981689453,1.1324695348739624,1214.800048828125,41.32674002850741,18215.0703125,131.12371302460352,236.9550018310547,1.140393853187561,1218.5,42.03200360289927,18251.970703125,3368900.0,16329400,0.0,12.0,28642700.0,108220000.0
2015-05-16,,236.1529998779297,,,,,,237.69700622558594,,,,,,235.2949981689453,,,,,,237.6439971923828,,,,,,11089700,,,,
2015-05-17,,236.802001953125,,,,,,238.02499389648438,,,,,,236.00999450683594,,,,,,236.00999450683594,,,,,,11134300,,,,
2015-05-18,129.93695068359375,233.1280059814453,1.144505262374878,1227.800048828125,41.29233932495117,18298.880859375,130.40635578274404,237.2100067138672,1.1447004079818726,1228.0999755859375,41.47295818091682,18325.5390625,129.5738219044676,232.4600067138672,1.1338794231414795,1222.5999755859375,40.94831012693497,18244.259765625,130.08751330838885,236.88699340820312,1.1444004774093628,1224.5,41.2665380373576,18267.25,2153200.0,16780300,0.0,8.0,24136500.0,79080000.0
2015-05-19,130.238037109375,231.94700622558594,1.1326183080673218,1206.9000244140625,41.18845748901367,18312.390625,130.87572186799227,234.1510009765625,1.1326183080673218,1223.9000244140625,41.387560599634206,18351.359375,129.95461565475455,231.81700134277344,1.1120996475219727,1206.0,40.842189199602835,18261.349609375,130.35316525032064,233.03700256347656,1.132541298866272,1223.9000244140625,41.17114374431722,18300.48046875,2366400.0,14241900,0.0,9.0,28574800.0,87200000.0
2015-05-20,129.68008422851562,234.01800537109375,1.1146656274795532,1208.9000244140625,41.18845748901367,18285.400390625,130.49490079408645,234.68299865722656,1.1150758266448975,1210.800048828125,41.4914397655538,18350.130859375,129.39667623427772,231.8419952392578,1.1065741777420044,1205.0999755859375,40.92009939960732,18272.560546875,130.3177691084026,231.88999938964844,1.1146780252456665,1205.0999755859375,41.02397856552691,18315.060546875,2104000.0,15499400,0.0,11.0,25047900.0,80190000.0
2015-05-21,130.50376892089844,235.343994140625,1.1100751161575317,1204.4000244140625,41.04996109008789,18285.740234375,130.82261136758078,236.24200439453125,1.1180005073547363,1204.5,41.20578154156376,18314.890625,129.39667896912388,233.8350067138672,1.1085859537124634,1203.699951171875,40.69503746222847,18249.900390625,129.8040805033792,234.01600646972656,1.1103092432022095,1204.5,40.92876813944227,18285.869140625,2676400.0,15108900,0.0,43.0,22410700.0,84270000.0
2015-05-22,128.25411987304688,240.34800720214844,1.1111851930618286,1204.300048828125,40.599815368652344,18232.01953125,130.43287825498223,240.968994140625,1.1209995746612549,1211.9000244140625,40.98936318146017,18286.869140625,128.24526802096884,235.05999755859375,1.1006996631622314,1204.300048828125,40.53056036941354,18217.140625,130.4240128886262,235.3209991455078,1.1110987663269043,1211.5999755859375,40.94608045806598,18286.869140625,3878000.0,27003000,0.0,8.0,25720600.0,78890000.0
2015-05-23,,238.8719940185547,,,,,,241.02499389648438,,,,,,238.6909942626953,,,,,,240.28599548339844,,,,,,14605000,,,,
2015-05-24,,240.9530029296875,,,,,,241.97799682617188,,,,,,238.81100463867188,,,,,,238.9759979248047,,,,,,11508000,,,,
2015-05-25,,237.11000061035156,1.0992997884750366,,,,,241.02099609375,1.1010003089904785,,,,,236.63699340820312,1.096070647239685,,,,,240.927001953125,1.0992151498794556,,,,,14423900,0.0,,,
2015-05-26,126.47392272949219,237.11599731445312,1.0971167087554932,1187.199951171875,40.33145523071289,18041.5390625,127.91755842524141,238.24200439453125,1.0971288681030273,1193.5999755859375,40.58249963730552,18229.75,125.9070933763865,235.69200134277344,1.0875203609466553,1186.0,39.985186855946516,17990.01953125,127.83785121486977,237.10400390625,1.0971288681030273,1193.5999755859375,40.539216916024714,18229.75,3476800.0,16425000,0.0,40.0,29581900.0,109440000.0
2015-05-27,126.65106964111328,237.2830047607422,1.08888578414917,1185.9000244140625,41.21442413330078,18162.990234375,127.31532350286737,238.63600158691406,1.093000054359436,1185.9000244140625,41.35293078081114,18190.349609375,126.27908910024452,236.69500732421875,1.0821995735168457,1185.9000244140625,40.357411981527385,18045.080078125,127.02305018198204,237.06500244140625,1.0887553691864014,1185.9000244140625,40.530546116480075,18045.080078125,2837100.0,18837000,0.0,200216.0,27335600.0,96400000.0
2015-05-28,126.05772399902344,237.4080047607422,1.0900014638900757,1188.0999755859375,41.0759162902832,18126.119140625,128.67930610457705,237.82400512695312,1.0950000286102295,1192.0,41.56934641406885,18154.140625,125.39346985876502,236.65199279785156,1.0868797302246094,1179.5999755859375,41.02397506063145,18066.400390625,126.21713850582863,237.2570037841797,1.0897995233535767,1187.0999755859375,41.1191989971969,18154.140625,3103200.0,13829600,0.0,52705.0,19283700.0,67510000.0
2015-05-29,124.4546127319336,237.0959930419922,1.0960345268249512,1189.4000244140625,40.565185546875,18010.6796875,125.99567310904978,237.52200317382812,1.1003496646881104,1193.300048828125,41.17980876976464,18128.119140625,124.27748106395565,235.7310028076172,1.0929105281829834,1185.699951171875,40.331454891214165,17967.740234375,125.99567310904978,237.3769989013672,1.0957943201065063,1187.800048828125,41.05861583029456,18128.119140625,6199200.0,14805000,0.0,4748.0,36519600.0,139810000.0
2015-05-30,,233.34500122070312,,,,,,237.09300231933594,,,,,,232.04600524902344,,,,,,237.0919952392578,,,,,,14098600,,,,
2015-05-31,,230.19000244140625,,,,,,233.2519989013672,,,,,,229.54200744628906,,,,,,233.13499450683594,,,,,,14730800,,,,
2015-06-01,125.10113525390625,222.92599487304688,1.0957943201065063,1188.300048828125,40.885475158691406,18040.369140625,125.80967535996992,231.71299743652344,1.0979998111724854,1204.0,41.35293639585954,18105.830078125,124.23318071897447,221.29600524902344,1.0888904333114624,1184.300048828125,40.35741746140068,17982.060546875,125.27826690185255,230.23300170898438,1.095902442932129,1190.5999755859375,40.73831327046778,18017.8203125,3897000.0,26090500,0.0,1236.0,28837300.0,85640000.0
2015-06-02,126.87248229980469,225.80299377441406,1.0922993421554565,1194.0999755859375,40.61711883544922,18011.939453125,127.94415109832308,226.41600036621094,1.116629719734192,1194.300048828125,40.98935613673206,18091.869140625,124.55202656416108,222.41900634765625,1.091941475868225,1186.0,40.35741923745782,17925.330078125,125.2694185426293,222.8939971923828,1.0922753810882568,1189.0,40.62577735999601,18033.330078125,4986500.0,20459000,0.0,1003.0,21498300.0,77550000.0
2015-06-03,127.36846160888672,225.87399291992188,1.1150012016296387,1184.699951171875,40.5565299987793,18076.26953125,128.47555137812367,227.4040069580078,1.1283293962478638,1193.9000244140625,41.32697701759819,18168.08984375,126.55364516044186,223.92999267578125,1.1086794137954712,1179.0999755859375,40.530561024774904,18010.419921875,127.34189253556738,225.73599243164062,1.1148271560668945,1193.9000244140625,41.00667759432982,18018.419921875,3755800.0,17752400,0.0,630.0,28002200.0,73120000.0
2015-06-04,125.04798126220703,224.32400512695312,1.1257838010787964,1174.9000244140625,40.13235092163086,17905.580078125,126.85474546511317,226.58099365234375,1.1376047134399414,1185.300048828125,40.82488434906964,18087.150390625,124.83541520304529,224.0540008544922,1.1232597827911377,1173.0,39.993844236143104,17876.94921875,126.84589361383522,225.77200317382812,1.126227617263794,1184.9000244140625,40.50458825805293,18072.470703125,3239500.0,14728100,0.0,447.0,27745500.0,93470000.0
2015-06-05,124.64061737060547,224.95199584960938,1.120787262916565,1167.800048828125,39.9419059753418,17849.4609375,125.20744691273826,225.96800231933594,1.128020167350769,1177.300048828125,40.27086061630335,17940.779296875,124.03836689458787,223.1790008544922,1.105180025100708,1164.0,39.682206333429036,17822.900390625,124.9151735296301,224.1540069580078,1.121604323387146,1176.4000244140625,40.08907119719043,17905.380859375,3215600.0,18056500,0.0,390.0,25438100.0,89140000.0
2015-06-06,,225.61900329589844,,,,,,225.718994140625,,,,,,224.37899780273438,,,,,,225.0050048828125,,,,,,11131500,,,,
2015-06-07,,222.88099670410156,,,,,,226.19400024414062,,,,,,222.65199279785156,,,,,,225.5959930419922,,,,,,13318400,,,,
2015-06-08,124.56088256835938,228.48899841308594,1.1108149290084839,1173.199951171875,39.586978912353516,17766.55078125,125.18971549848285,229.46400451660156,1.1242802143096924,1176.0999755859375,40.192946892202755,17852.349609375,124.17118481045516,222.83900451660156,1.1088072061538696,1169.0999755859375,39.535037667591645,17760.609375,124.20661925078062,222.87899780273438,1.1105434894561768,1169.5,40.080409179681936,17849.4609375,2756600.0,23378400,0.0,173.0,22121600.0,86300000.0
2015-06-09,124.08261108398438,229.04800415039062,1.128095269203186,1177.300048828125,39.51771926879883,17764.0390625,124.87085835964213,230.95399475097656,1.1339694261550903,1180.300048828125,39.768760312310555,17817.830078125,123.90546593183662,227.9290008544922,1.1216697692871094,1172.699951171875,39.35324034461693,17714.970703125,124.43687435972447,228.53799438476562,1.1281970739364624,1172.9000244140625,39.61293991164305,17766.94921875,2647600.0,28353100,0.0,144.0,24406100.0,90550000.0
2015-06-10,125.42882537841797,228.80299377441406,1.1299052238464355,1186.0999755859375,40.34877014160156,18000.400390625,126.29679339925688,229.78199768066406,1.138200283050537,1190.0999755859375,40.539218083433404,18045.140625,124.2508803623749,228.00999450683594,1.1266602277755737,1175.5999755859375,39.55235417760847,17765.380859375,124.59629179457716,228.9949951171875,1.1293309926986694,1176.0999755859375,39.638922924922966,17765.380859375,2784400.0,15904800,0.0,295.0,28417400.0,96980000.0
2015-06-11,126.61566925048828,229.7050018310547,1.131196141242981,1179.9000244140625,40.20159149169922,18039.369140625,127.51904491871062,230.28700256347656,1.132054090499878,1183.199951171875,40.61711143321122,18109.76953125,125.54400023342872,228.76699829101562,1.118879795074463,1174.4000244140625,39.93323672032671,18001.26953125,125.77427007771021,228.85499572753906,1.131298542022705,1183.199951171875,40.392039369905994,18001.26953125,2924500.0,14416000,0.0,69.0,27347800.0,89490000.0
2015-06-12,126.47392272949219,229.98199462890625,1.1240627765655518,1178.800048828125,39.79473114013672,17898.83984375,126.52706086973996,231.0570068359375,1.1293296813964844,1181.199951171875,40.22756483693261,18035.830078125,124.95941816104227,229.31300354003906,1.1152499914169312,1176.199951171875,39.73413468676602,17857.0703125,126.31449479447114,229.7050018310547,1.1245051622390747,1180.4000244140625,40.01114798853466,18035.830078125,2395200.0,14017700,0.0,141.0,23931000.0,83760000.0
2015-06-13,,232.40199279785156,,,,,,232.65199279785156,,,,,,229.2100067138672,,,,,,229.9199981689453,,,,,,13305300,,,,
2015-06-14,,233.54299926757812,,,,,,234.85800170898438,,,,,,232.00399780273438,,,,,,232.44200134277344,,,,,,12165900,,,,
2015-06-15,126.02226257324219,236.822998046875,1.1219944953918457,1185.300048828125,39.37055587768555,17791.169921875,126.28796687533861,237.83599853515625,1.1258105039596558,1188.5,39.51772106378239,17890.759765625,125.12773872094247,233.4219970703125,1.1191502809524536,1172.699951171875,38.972349636674124,17698.419921875,125.80084457387552,233.4219970703125,1.1217930316925049,1179.9000244140625,39.34458691048111,17890.759765625,2631400.0,19912100,0.0,102.0,33254500.0,91920000.0
2015-06-16,126.06652069091797,250.89500427246094,1.1277008056640625,1180.5,39.67354202270508,17904.48046875,127.16475858738197,251.74200439453125,1.133009672164917,1186.5,40.028465555886896,17919.619140625,125.25170425713338,236.1219940185547,1.1211603879928589,1175.9000244140625,39.21473601474369,17774.119140625,125.25170425713338,236.76499938964844,1.1277008056640625,1186.5,39.258018728105505,17787.4296875,2450600.0,41612000,0.0,29.0,27070300.0,77510000.0
2015-06-17,127.03190612792969,249.28399658203125,1.124201774597168,1176.4000244140625,39.79473114013672,17935.740234375,127.5367455659827,256.8529968261719,1.129110336303711,1186.300048828125,39.88129655859228,17998.0,125.67682928743352,246.4759979248047,1.122949481010437,1174.9000244140625,39.26667350168429,17839.650390625,126.53593205745787,250.822998046875,1.1242396831512451,1177.5999755859375,39.58696951268072,17909.580078125,2775400.0,43858400,0.0,168.0,28704100.0,92410000.0
2015-06-18,128.75897216796875,249.0070037841797,1.1369967460632324,1201.5,40.44398498535156,18115.83984375,129.77748934459234,252.10800170898438,1.1428401470184326,1202.0,40.513236665314786,18174.73046875,127.45703352505865,244.1269989013672,1.1341005563735962,1183.4000244140625,39.967865238219936,17944.609375,127.45703352505865,249.42799377441406,1.1364152431488037,1183.4000244140625,40.01115125323867,17944.609375,3728900.0,30980200,0.0,130.0,32658300.0,94460000.0
2015-06-19,128.53756713867188,244.6060028076172,1.1370742321014404,1201.5,39.90726852416992,18015.94921875,129.39666996259444,250.9770050048828,1.1387965679168701,1203.0999755859375,40.53920867499332,18117.7109375,128.37813916928673,243.78700256347656,1.12959885597229,1199.699951171875,39.812047877613104,18010.580078125,128.59070529037336,249.04299926757812,1.1372941732406616,1199.699951171875,40.504581184103955,18116.240234375,4837300.0,23965300,0.0,142.0,63837000.0,258300000.0
2015-06-20,,245.21200561523438,,,,,,245.8280029296875,,,,,,240.6269989013672,,,,,,244.52999877929688,,,,,,20608100,,,,
2015-06-21,,243.94400024414062,,,,,,245.2239990234375,,,,,,241.8820037841797,,,,,,245.10000610351562,,,,,,10600900,,,,
2015-06-22,129.04238891601562,246.99000549316406,1.1372941732406616,1183.699951171875,40.019798278808594,18119.779296875,129.4940902194146,247.91700744628906,1.1410002708435059,1197.800048828125,40.44397670240133,18181.669921875,128.5021285340751,243.7790069580078,1.1316006183624268,1182.699951171875,39.95920183290372,18027.630859375,129.3700966980322,243.968994140625,1.1362345218658447,1197.800048828125,40.10636698885743,18027.630859375,2086100.0,17692500,0.0,30.0,20318100.0,77780000.0
2015-06-23,127.91757202148438,244.29600524902344,1.13490629196167,1176.199951171875,39.742794036865234,18144.0703125,129.70663284755722,247.3040008544922,1.1346230506896973,1186.0,40.063090081139464,18188.810546875,127.35960797529967,243.13299560546875,1.113770604133606,1176.199951171875,39.49174967409869,18108.099609375,129.6003565557657,246.927001953125,1.1346230506896973,1183.800048828125,39.933241939965285,18121.779296875,2864400.0,15108700,0.0,60.0,25896500.0,75970000.0
2015-06-24,126.65106964111328,240.51499938964844,1.1172186136245728,1172.5999755859375,39.509071350097656,17966.0703125,128.24528161217899,244.34100341796875,1.1239995956420898,1176.5999755859375,40.03712914940274,18139.099609375,126.21708558629335,240.51499938964844,1.1162832975387573,1170.699951171875,39.43116112885166,17966.0703125,127.3241753558835,244.28199768066406,1.1177055835723877,1176.5999755859375,39.53504032309298,18139.099609375,3989100.0,17344900,0.0,263.0,34890900.0,104980000.0
2015-06-25,126.16394805908203,242.7989959716797,1.1206992864608765,1171.5,39.51771926879883,17890.359375,127.32417598102434,243.33200073242188,1.1224100589752197,1175.9000244140625,39.87264278092833,18036.099609375,126.06652361830858,240.36500549316406,1.1156704425811768,1171.5,39.38786783415619,17890.359375,126.89020543835309,240.36500549316406,1.1207119226455688,1175.800048828125,39.84667051264431,17977.109375,2153800.0,16133100,0.0,95.0,20616000.0,78990000.0
2015-06-26,126.19049835205078,243.593994140625,1.1202975511550903,1172.9000244140625,39.180110931396484,17946.6796875,126.68647233516354,243.74899291992188,1.1219995021820068,1172.9000244140625,40.06309220774007,18013.150390625,125.66795529943394,241.55299377441406,1.1136304140090942,1170.5,38.98100779588659,17892.029296875,126.67762048342134,242.60400390625,1.1203854084014893,1170.5,39.517724041792796,17892.029296875,3153300.0,13983500,0.0,308.0,49835300.0,158120000.0
2015-06-27,,250.99000549316406,,,,,,251.33900451660156,,,,,,243.11700439453125,,,,,,243.5489959716797,,,,,,20488600,,,,
2015-06-28,,249.01100158691406,,,,,,251.1719970703125,,,,,,247.4340057373047,,,,,,250.9550018310547,,,,,,15137600,,,,
2015-06-29,122.86924743652344,257.0639953613281,1.0975021123886108,1178.5,38.409664154052734,17596.349609375,125.16314771430403,257.1730041503906,1.119740605354309,1186.0,39.154138695658965,17936.740234375,122.7364020696332,248.58099365234375,1.0982975959777832,1173.800048828125,38.401008932474205,17590.55078125,124.844305319488,248.7209930419922,1.0982975959777832,1185.0999755859375,38.98966306759266,17936.740234375,3755500.0,34742900,0.0,174.0,34081700.0,116340000.0
2015-06-30,122.86039733886719,263.0719909667969,1.122296690940857,1171.5,38.21922302246094,17619.509765625,124.04719434764128,267.86700439453125,1.1238796710968018,1176.4000244140625,38.712653253634365,17714.66015625,122.61241030760931,255.9459991455078,1.1123000383377075,1166.5999755859375,38.037430330244746,17576.5,124.04719434764128,257.0360107421875,1.121604323387146,1176.300048828125,38.7039947290119,17599.9609375,3434800.0,44533800,0.0,223.0,35945400.0,126460000.0
2015-07-01,124.64061737060547,258.6210021972656,1.1134989261627197,1169.0,38.478919982910156,17757.91015625,125.00374613576552,265.1719970703125,1.1167594194412231,1173.0999755859375,39.154139557717365,17801.830078125,124.01179781560369,255.7740020751953,1.106119990348816,1166.5999755859375,38.17593438484227,17638.119140625,124.41919936954918,263.3450012207031,1.1134989261627197,1173.0999755859375,38.487575204679246,17638.119140625,3260900.0,27029800,0.0,455.0,28343900.0,87010000.0
2015-07-02,124.18006134033203,255.41200256347656,1.103363037109375,1163.0,38.435638427734375,17730.109375,125.34028935111756,261.6310119628906,1.1121602058410645,1168.0999755859375,38.73862073267273,17825.490234375,123.88778799563116,254.11599731445312,1.1037039756774902,1155.5,38.14131134482592,17687.51953125,125.13657508663239,258.552001953125,1.1037039756774902,1166.4000244140625,38.504890110751944,17763.3203125,2116500.0,21551900,0.0,316.0,21752000.0,83080000.0
2015-07-03,,256.33599853515625,1.1086965799331665,,,,,257.0769958496094,1.1119993925094604,,,,,253.5050048828125,1.108270287513733,,,,,255.45899963378906,1.108598232269287,,,,,19033800,0.0,,,
2015-07-04,,260.885986328125,,,,,,261.4570007324219,,,,,,254.1999969482422,,,,,,256.4909973144531,,,,,,15620400,,,,
2015-07-05,,271.9129943847656,,,,,,274.5060119628906,,,,,,258.70098876953125,,,,,,260.80499267578125,,,,,,44156100,,,,
2015-07-06,124.4546127319336,269.0299987792969,1.0995051860809326,1172.9000244140625,38.426971435546875,17683.580078125,124.64059625331244,277.4219970703125,1.1091405153274536,1173.0,38.50488162568525,17734.359375,123.10838772959715,267.6000061035156,1.0997954607009888,1162.199951171875,38.04607900723635,17564.359375,123.12610495067895,271.1080017089844,1.0997954607009888,1171.0999755859375,38.054734227358956,17728.080078125,2093400.0,49154800,0.0,634.0,23034000.0,90130000.0
2015-07-07,126.7839126586914,266.2070007324219,1.1048991680145264,1152.4000244140625,38.34907531738281,17776.91015625,127.04076504847382,271.34100341796875,1.105265498161316,1166.800048828125,38.51355428039551,17793.44921875,124.11804540805228,264.8320007324219,1.0916804075241089,1149.5,37.50072143694344,17465.6796875,124.70259203899242,269.9630126953125,1.1048015356063843,1166.800048828125,38.38370281509706,17684.919921875,3712000.0,28857600,0.0,469.0,36435800.0,105840000.0
2015-07-08,125.69452667236328,270.7850036621094,1.1009942293167114,1163.300048828125,38.2971305847168,17515.419921875,126.78389908482629,272.97100830078125,1.109010100364685,1163.300048828125,38.868470986689196,17759.009765625,125.3402633962985,264.385986328125,1.0975021123886108,1146.4000244140625,38.115337905070625,17496.220703125,126.2082178826516,265.98199462890625,1.1009942293167114,1152.5999755859375,38.47026143807985,17759.009765625,3386500.0,36980200,0.0,65.0,39785900.0,69830000.0
2015-07-09,126.47392272949219,269.2279968261719,1.1071009635925293,1159.0,38.53951644897461,17548.619140625,127.71385771619909,272.3349914550781,1.1116199493408203,1163.5999755859375,39.145484342959556,17764.849609375,126.41191922301796,267.08599853515625,1.102290391921997,1154.800048828125,38.52220270317397,17530.380859375,127.43930164873383,270.8269958496094,1.1072357892990112,1154.800048828125,38.738619572292926,17530.380859375,2486800.0,40301200,0.0,65.0,32424700.0,100520000.0
2015-07-10,127.96188354492188,284.8940124511719,1.1063048839569092,1157.699951171875,38.61744689941406,17760.41015625,128.59071659532782,294.59100341796875,1.1219995021820068,1161.4000244140625,39.0762498457539,17797.490234375,127.42162309799234,268.802001953125,1.1056197881698608,1157.5,38.58281938965907,17561.119140625,127.66075831595313,269.156005859375,1.1063048839569092,1160.0999755859375,38.96371209018072,17561.119140625,2192100.0,100390000,0.0,27.0,25465800.0,85800000.0
2015-07-11,,293.114990234375,,,,,,298.5060119628906,,,,,,283.5299987792969,,,,,,284.8800048828125,,,,,,41109900,,,,
2015-07-12,,310.86700439453125,,,,,,314.3940124511719,,,,,,292.5050048828125,,,,,,293.1400146484375,,,,,,56405000,,,,
2015-07-13,129.857177734375,292.0539855957031,1.1129041910171509,1155.199951171875,39.42250442504883,17977.6796875,129.97231937764286,310.947998046875,1.119759440422058,1159.0,39.49175611785611,17987.5703125,128.95380234870788,281.010986328125,1.1007699966430664,1151.199951171875,38.911760394337904,17787.26953125,129.27264469490729,310.8269958496094,1.1129041910171509,1159.0,38.93772936635815,17787.26953125,2194200.0,62053900,0.0,14.0,28178300.0,86380000.0
2015-07-14,130.85800170898438,287.4639892578125,1.099045991897583,1153.300048828125,39.491756439208984,18053.580078125,131.3451238767466,296.1470031738281,1.1074001789093018,1157.199951171875,39.78608356611977,18072.8203125,129.7066257254405,286.63800048828125,1.0968496799468994,1153.0,39.2234015867897,17956.169921875,129.98118180701235,292.03399658203125,1.0985147953033447,1157.199951171875,39.34459452688356,17974.609375,3388800.0,28727200,0.0,39.0,22880300.0,76740000.0
2015-07-15,130.0963134765625,285.8290100097656,1.1008002758026123,1147.199951171875,39.61294174194336,18050.169921875,130.85799166744835,293.24798583984375,1.1040000915527344,1154.0,39.72547943701613,18090.390625,129.7331848417068,285.36700439453125,1.0936096906661987,1144.800048828125,39.327273195693174,18010.150390625,130.85799166744835,288.0450134277344,1.100897192955017,1154.0,39.54369006192426,18053.380859375,2653900.0,27486600,0.0,15.0,26629600.0,80460000.0
2015-07-16,131.513427734375,278.0889892578125,1.0943553447723389,1143.800048828125,40.392051696777344,18120.25,131.7879838661803,291.1830139160156,1.0950000286102295,1146.199951171875,40.41802066909115,18131.609375,130.87574287341,275.239990234375,1.0859402418136597,1142.9000244140625,39.794742217740115,18065.330078125,130.89344658145612,286.0419921875,1.0938884019851685,1146.199951171875,39.829366413405204,18078.16015625,2509600.0,49482600,0.0,14.0,26271700.0,85030000.0
2015-07-17,130.0520477294922,279.47198486328125,1.0886012315750122,1131.800048828125,40.357421875,18086.44921875,130.58345623098003,280.2799987792969,1.0910003185272217,1144.0,40.49592855646476,18121.119140625,129.325803859357,272.0429992675781,1.0843905210494995,1130.199951171875,40.04578101613934,18032.060546875,130.41517642169958,278.09100341796875,1.0886012315750122,1144.0,40.2968254082504,18117.580078125,3127100.0,27591400,0.0,120.0,29467100.0,106510000.0
2015-07-18,,274.9010009765625,,,,,,282.5270080566406,,,,,,274.07501220703125,,,,,,279.33099365234375,,,,,,25187100,,,,
2015-07-19,,273.614013671875,,,,,,275.6700134277344,,,,,,272.51300048828125,,,,,,274.7669982910156,,,,,,15332500,,,,
2015-07-20,129.94577026367188,278.9809875488281,1.0830246210098267,1106.699951171875,40.61711883544922,18100.41015625,130.3708889524627,278.9809875488281,1.0871999263763428,1130.699951171875,40.79891152607679,18137.119140625,129.22837825312502,272.9599914550781,1.0821573734283447,1095.0999755859375,40.20159881821107,18064.5,130.29118173224182,273.4989929199219,1.0832945108413696,1130.4000244140625,40.38339150883864,18085.91015625,3016100.0,22711400,0.0,189.0,30631900.0,75060000.0
2015-07-21,128.4224090576172,275.8330078125,1.0835410356521606,1103.4000244140625,40.92877197265625,17919.2890625,129.830623954891,280.5469970703125,1.0940704345703125,1106.4000244140625,40.97205800387815,18096.669921875,127.73158614520818,275.41900634765625,1.081270456314087,1097.0999755859375,40.236238402492795,17868.33984375,129.830623954891,278.8819885253906,1.083482265472412,1097.0999755859375,40.495938078521526,18096.669921875,4452600.0,22930700,0.0,118.0,42781900.0,100170000.0
2015-07-22,129.72434997558594,277.22198486328125,1.0939961671829224,1091.4000244140625,39.42250442504883,17851.0390625,132.1245129920365,277.6659851074219,1.097000002861023,1095.0,40.625781895132214,17919.349609375,128.5198357837794,274.3810119628906,1.0881404876708984,1086.0,39.12817730053304,17807.41015625,131.87652596851274,275.6570129394531,1.093900442123413,1093.0,39.33593568121482,17918.349609375,6238400.0,19389800,0.0,46.0,59152400.0,112370000.0
2015-07-23,129.405517578125,276.04901123046875,1.0927051305770874,1094.0,39.91592788696289,17731.919921875,131.03515057690635,278.1109924316406,1.1019999980926514,1097.5999755859375,40.019807059555,17860.94921875,129.1220960926255,275.71600341796875,1.0923947095870972,1087.800048828125,39.0416018860562,17705.029296875,130.19376500253512,277.34100341796875,1.0927051305770874,1097.4000244140625,39.18876707429943,17853.779296875,4116000.0,18531300,0.0,64.0,33934000.0,88600000.0
2015-07-24,127.58985900878906,288.27801513671875,1.0989010334014893,1085.5999755859375,39.768775939941406,17568.529296875,129.72433098345456,289.25299072265625,1.0996019840240479,1100.699951171875,40.09773061531284,17756.5390625,127.51900365325872,275.2539978027344,1.092789888381958,1078.5999755859375,39.64758298118889,17553.73046875,129.13978443603727,276.0050048828125,1.0988407135009766,1078.5999755859375,39.74280696371171,17731.05078125,2455000.0,37199400,0.0,52.0,32333200.0,103470000.0
2015-07-25,,288.6969909667969,,,,,,290.7330017089844,,,,,,286.00201416015625,,,,,,288.16400146484375,,,,,,20662200,,,,
2015-07-26,,292.6860046386719,,,,,,293.052001953125,,,,,,287.70599365234375,,,,,,288.6400146484375,,,,,,16032300,,,,
2015-07-27,124.90628051757812,293.6239929199219,1.0972371101379395,1096.5,39.25800704956055,17440.58984375,126.96104537718219,297.77398681640625,1.112999439239502,1102.5,39.82934728184742,17561.779296875,124.70257980772563,287.45001220703125,1.0974057912826538,1093.9000244140625,39.17144164858856,17399.169921875,126.84590373000225,292.6390075683594,1.0974057912826538,1100.0,39.768750840715356,17561.779296875,3532100.0,30592000,0.0,19.0,39701400.0,117860000.0
2015-07-28,125.59712982177734,294.427001953125,1.109004020690918,1096.300048828125,39.24937438964844,17630.26953125,125.91597224595525,296.64898681640625,1.1100996732711792,1097.699951171875,39.5090740440898,17650.0703125,123.56008175143413,293.4230041503906,1.1023000478744507,1096.300048828125,38.77325780612923,17449.810546875,125.419998144852,293.63299560546875,1.1091023683547974,1097.199951171875,39.45713609455769,17449.810546875,4138200.0,25453600,0.0,31.0,34328900.0,103450000.0
2015-07-29,127.66075897216797,289.5899963378906,1.1065986156463623,1092.699951171875,40.07176208496094,17751.390625,128.07702588493942,294.5360107421875,1.108598232269287,1096.9000244140625,40.495937445314524,17776.779296875,126.09311577969429,288.7770080566406,1.1014198064804077,1092.699951171875,39.18012203144819,17629.19921875,126.19054023830637,294.4840087890625,1.106549620628357,1096.4000244140625,39.30131829380971,17631.400390625,3260400.0,24672600,0.0,159142.0,40945900.0,93140000.0
2015-07-30,126.65990447998047,287.72198486328125,1.098406195640564,1088.4000244140625,40.58248519897461,17745.98046875,127.46586896740442,290.1260070800781,1.099000096321106,1097.5,41.03263260511464,17761.25,125.95137793404224,286.5679931640625,1.091130018234253,1081.0,39.76010057818529,17640.849609375,126.96104312770956,289.1029968261719,1.0983941555023193,1096.0999755859375,40.045769078812185,17743.240234375,2644000.0,21635800,0.0,49298.0,39777900.0,76650000.0
2015-07-31,127.68730163574219,284.6499938964844,1.0939244031906128,1094.9000244140625,40.42667770385742,17689.859375,128.35155548496942,288.9590148925781,1.1110296249389648,1102.800048828125,41.006673412543186,17783.58984375,126.90790612807956,282.343994140625,1.0923899412155151,1079.0999755859375,40.25354352287695,17671.58984375,127.32417295473763,287.6960144042969,1.0941756963729858,1087.699951171875,40.9374217215069,17755.869140625,3163500.0,23629100,0.0,5700.0,31201500.0,106120000.0
2015-08-01,,281.60101318359375,,,,,,284.9320068359375,,,,,,278.11199951171875,,,,,,284.6860046386719,,,,,,18995000,,,,
2015-08-02,,282.614013671875,,,,,,283.0320129394531,,,,,,277.52899169921875,,,,,,280.4490051269531,,,,,,17722200,,,,
2015-08-03,127.26222229003906,281.22698974609375,1.0969001054763794,1089.4000244140625,40.52189636230469,17598.19921875,128.20103252482673,285.47100830078125,1.09954035282135,1097.0999755859375,40.6863719964557,17704.759765625,126.28797760434432,280.2330017089844,1.0943995714187622,1085.0,40.210255537800116,17496.609375,127.92647634457184,282.8059997558594,1.0969001054763794,1095.5,40.66905825039884,17696.740234375,3088000.0,21474100,0.0,2418.0,24125900.0,87880000.0
2015-08-04,127.12928771972656,285.2179870605469,1.09560227394104,1090.699951171875,41.15384292602539,17550.689453125,128.30723249718565,285.7149963378906,1.0995995998382568,1093.9000244140625,41.30100484878005,17635.779296875,126.68645194688969,281.2250061035156,1.0933502912521362,1080.5,40.40936818153428,17505.5,127.13815308431948,281.2250061035156,1.0953983068466187,1085.0999755859375,40.469964655875636,17596.9296875,1973000.0,21908700,0.0,1139.0,33403900.0,99060000.0
2015-08-05,129.19717407226562,281.8819885253906,1.0888975858688354,1085.699951171875,41.18845748901367,17540.470703125,129.77654176975108,285.5010070800781,1.0918794870376587,1090.5999755859375,41.90695973149132,17661.369140625,128.1454202099227,281.4880065917969,1.0850305557250977,1082.5,41.15382999962076,17492.900390625,128.26128286901982,284.84698486328125,1.0886012315750122,1086.5,41.53472247616537,17555.240234375,2926100.0,20128000,0.0,1207.0,26959700.0,102450000.0
2015-08-06,128.19000244140625,278.5769958496094,1.0903104543685913,1090.199951171875,40.357421875,17419.75,129.46458702814144,281.906005859375,1.093460202217102,1092.199951171875,41.35294091833157,17572.0390625,127.8334652978954,278.40301513671875,1.0877498388290405,1083.5999755859375,40.10638078514871,17362.859375,128.97435695612737,281.906005859375,1.0904054641723633,1084.4000244140625,41.30099967443487,17542.609375,2457000.0,18792100,0.0,269.0,27368000.0,96170000.0
2015-08-07,126.94217681884766,279.5849914550781,1.0927051305770874,1094.0999755859375,40.4613037109375,17373.380859375,128.2078534159704,280.3919982910156,1.0968605279922485,1098.300048828125,40.495927904051044,17414.939453125,126.30042338924952,276.3659973144531,1.0859096050262451,1081.699951171875,40.04578037097777,17279.080078125,127.65523769623505,278.7409973144531,1.0922038555145264,1088.9000244140625,40.15831807981102,17414.939453125,2953200.0,42484800,0.0,614.0,19163000.0,81800000.0
2015-08-08,,260.99700927734375,,,,,,279.9280090332031,,,,,,260.7099914550781,,,,,,279.74200439453125,,,,,,58533000,,,,
2015-08-09,,265.0830078125,,,,,,267.00299072265625,,,,,,260.4679870605469,,,,,,261.1159973144531,,,,,,23789600,,,,
2015-08-10,130.00828552246094,264.4700012207031,1.0965032577514648,1104.199951171875,40.97203826904297,17615.169921875,130.81939216879948,267.0320129394531,1.0999999046325684,1107.5999755859375,41.110544916361725,17629.130859375,128.15433330247302,262.59600830078125,1.0927098989486694,1089.5,40.54785980410862,17375.1796875,128.1632416302733,265.4779968261719,1.095902442932129,1093.199951171875,40.64308374331382,17375.1796875,3432600.0,20979400,0.0,900.0,23079900.0,92430000.0
2015-08-11,128.39505004882812,270.385986328125,1.1016976833343506,1107.5999755859375,40.17562484741211,17402.83984375,129.17940485219694,270.385986328125,1.108589768409729,1116.699951171875,40.63442752348678,17593.58984375,127.70872769543733,264.093994140625,1.0961499214172363,1094.0,39.734135916015994,17352.630859375,128.47526583545,264.3420104980469,1.1017948389053345,1103.800048828125,40.5305483576746,17593.58984375,2816700.0,25433900,0.0,997.0,29237400.0,103010000.0
2015-08-12,126.95108795166016,266.3760070800781,1.104203701019287,1123.199951171875,40.4613037109375,17402.509765625,127.46805675916377,270.6730041503906,1.1210297346115112,1124.5,40.59981039017084,17423.900390625,124.66039564308075,265.468994140625,1.103302240371704,1101.5,39.56966386750441,17125.810546875,127.05805592595749,270.5979919433594,1.1043744087219238,1106.0,39.98518390520442,17382.9296875,4355800.0,26815400,0.0,797.0,30181400.0,120400000.0
2015-08-13,129.07241821289062,264.0799865722656,1.1160963773727417,1115.699951171875,40.452640533447266,17408.25,129.64286410937143,266.23199462890625,1.1189061403274536,1124.300048828125,40.772936573162944,17481.779296875,126.14888129336353,262.84100341796875,1.1081806421279907,1113.0,40.244882189621705,17341.33984375,126.5945425750049,266.1830139160156,1.1155858039855957,1124.300048828125,40.73831238403158,17401.640625,5129500.0,27685500,0.0,441.0,22627200.0,88550000.0
2015-08-14,129.3219757080078,265.67999267578125,1.1160963773727417,1112.9000244140625,40.68638229370117,17477.400390625,129.66068260348223,267.46600341796875,1.1190000772476196,1118.800048828125,40.77294774363474,17492.900390625,128.13651517434906,261.4779968261719,1.110109567642212,1112.5,40.27086218995162,17394.060546875,128.89414472459393,264.1319885253906,1.1158970594406128,1113.9000244140625,40.27951741404088,17410.119140625,2927100.0,27091200,0.0,908.0,21473400.0,82120000.0
2015-08-15,,261.5509948730469,,,,,,266.6669921875,,,,,,261.2959899902344,,,,,,265.52899169921875,,,,,,19321100,,,,
2015-08-16,,258.5069885253906,,,,,,262.44000244140625,,,,,,257.0409851074219,,,,,,261.8659973144531,,,,,,29717000,,,,
2015-08-17,128.74264526367188,257.97601318359375,1.1092993021011353,1118.5999755859375,40.9633903503418,17545.1796875,129.11699914322026,260.5050048828125,1.112599492073059,1122.0,41.07592806237708,17551.400390625,127.39673936285052,257.11700439453125,1.1062498092651367,1113.800048828125,40.314139653788715,17341.720703125,128.88526015126294,258.489990234375,1.1094961166381836,1113.800048828125,40.52190132968002,17472.66015625,3746000.0,21617900,0.0,399.0,21099700.0,73380000.0
2015-08-18,128.88523864746094,211.07899475097656,1.107800006866455,1117.0999755859375,41.189937591552734,17511.33984375,129.4289459152461,257.9930114746094,1.1099998950958252,1118.4000244140625,41.32935759717451,17568.400390625,128.1900081870802,211.07899475097656,1.102189540863037,1110.0,40.69325361377296,17486.419921875,128.6980549386652,257.9259948730469,1.107714056968689,1118.199951171875,40.81524570318762,17537.30078125,1955500.0,42147200,0.0,475.0,23574100.0,79900000.0
2015-08-19,127.20952606201172,226.6840057373047,1.1030831336975098,1128.0999755859375,40.614837646484375,17348.73046875,128.77824849174405,237.40899658203125,1.1080001592636108,1134.300048828125,41.02438544786903,17517.189453125,126.85300256450425,222.76600646972656,1.1020400524139404,1116.800048828125,40.3447098781615,17282.419921875,127.8334489828996,225.67100524902344,1.103095293045044,1117.0,40.76296997734686,17508.740234375,2967700.0,60869200,0.0,348.0,31485500.0,104720000.0
2015-08-20,122.12899780273438,235.35000610351562,1.1118029356002808,1153.0,39.787044525146484,16990.689453125,126.4786418217538,237.36500549316406,1.1219995021820068,1153.300048828125,40.49286057447321,17345.3203125,122.02202986749185,226.8990020751953,1.110839605331421,1132.800048828125,39.787044525146484,16990.689453125,126.22907264035516,226.8990020751953,1.1120007038116455,1132.800048828125,40.14430870032833,17345.3203125,6601400.0,32275000,0.0,409.0,36238200.0,128530000.0
2015-08-21,117.3960952758789,232.56900024414062,1.1236965656280518,1159.5999755859375,37.5301628112793,16459.75,120.40875614981962,236.4320068359375,1.1369102001190186,1166.5,39.630178768776595,16990.689453125,117.17326464553258,231.7239990234375,1.123204231262207,1150.5,37.5301628112793,16459.55078125,120.22158603661002,235.35499572753906,1.1235954761505127,1154.0999755859375,39.47333082804771,16990.689453125,7957600.0,23173800,0.0,261.0,70053100.0,225170000.0
2015-08-22,,230.38999938964844,,,,,,234.95700073242188,,,,,,222.70399475097656,,,,,,232.66200256347656,,,,,,23205900,,,,
2015-08-23,,228.16900634765625,,,,,,232.7050018310547,,,,,,225.5800018310547,,,,,,230.37600708007812,,,,,,18406600,,,,
2015-08-24,113.36731719970703,210.4949951171875,1.1376951932907104,1153.4000244140625,36.31895065307617,15871.349609375,120.77420540688263,228.13900756835938,1.1705996990203857,1169.0,37.19903891917196,16459.75,102.62687776261063,210.4429931640625,1.1372941732406616,1147.5,34.611054551640756,15370.330078125,110.20311943020106,228.11199951171875,1.13779878616333,1164.0,35.24715861011306,16459.75,9425800.0,59220700,0.0,299.0,88753700.0,293920000.0
2015-08-25,111.8520736694336,221.60899353027344,1.1583056449890137,1138.199951171875,35.26460266113281,15666.4404296875,116.51369396371534,226.3209991455078,1.1589996814727783,1155.5,37.678315598315045,16312.9404296875,111.79859648831913,199.56700134277344,1.140029788017273,1134.0,35.19489095618571,15651.240234375,115.87194058933412,210.0679931640625,1.1582385301589966,1151.5,37.09449170351271,15882.26953125,7159100.0,61089200,0.0,217.0,70616600.0,213220000.0
2015-08-26,115.28363800048828,225.83099365234375,1.1550945043563843,1124.5999755859375,37.21647262573242,16285.509765625,115.65799178308055,231.18299865722656,1.1558955907821655,1143.0,37.329752450048446,16303.75,111.62030912762057,220.20399475097656,1.135500431060791,1119.5999755859375,35.77870404771723,15676.259765625,115.28363800048828,222.0760040283203,1.1554815769195557,1139.199951171875,36.606508687770194,15676.259765625,6428400.0,31808000,0.0,116.0,63408000.0,208420000.0
2015-08-27,117.5386962890625,224.7689971923828,1.1340054273605347,1122.4000244140625,38.25340270996094,16654.76953125,117.97544921977885,228.64300537109375,1.1361596584320068,1127.4000244140625,38.29697083943675,16666.689453125,115.39061935354505,223.6840057373047,1.1211603879928589,1118.4000244140625,37.40816703718228,16285.509765625,116.83455748290991,226.0500030517578,1.1339540481567383,1127.199951171875,37.66957913807237,16285.509765625,5754600.0,21905400,0.0,564.0,50943200.0,171980000.0
2015-08-28,118.75981903076172,231.39599609375,1.1247961521148682,1133.0999755859375,38.27954864501953,16643.009765625,119.18765003787618,235.218994140625,1.1310003995895386,1139.0,38.47125243221201,16669.970703125,116.6384670529607,220.92599487304688,1.1156704425811768,1123.5999755859375,37.80900479865747,16535.1796875,117.14651382381491,224.7010040283203,1.1245051622390747,1125.300048828125,37.8177204202766,16649.419921875,4508800.0,31336600,0.0,279.0,28246700.0,131790000.0
2015-08-29,,229.77999877929688,,,,,,233.2220001220703,,,,,,227.3300018310547,,,,,,231.5489959716797,,,,,,17142500,,,,
2015-08-30,,228.76100158691406,,,,,,232.0679931640625,,,,,,226.2469940185547,,,,,,229.89500427246094,,,,,,19412600,,,,
2015-08-31,116.47801208496094,230.05599975585938,1.1214030981063843,1131.5999755859375,37.92228698730469,16528.029296875,118.27848725519704,231.95599365234375,1.126400113105774,1134.0,38.279551043250706,16632.01953125,116.21953455680146,225.9149932861328,1.1185895204544067,1124.800048828125,37.5563073091935,16444.05078125,117.98434921249746,229.11399841308594,1.121176838874817,1131.0999755859375,37.95714282789355,16632.01953125,4231700.0,20710700,0.0,194.0,34441700.0,141440000.0
2015-09-01,113.59014129638672,228.12100219726562,1.1225864887237549,1138.699951171875,36.4409294128418,16058.349609375,114.97169388808533,231.21600341796875,1.1332305669784546,1144.699951171875,37.11188906214793,16528.029296875,113.14448004748408,226.86000061035156,1.122536063194275,1133.5,36.30150944181938,15979.9501953125,114.23189458284669,230.25599670410156,1.1225990056991577,1133.5,36.745909560692624,16528.029296875,5772700.0,20575200,0.0,375.0,49688900.0,171390000.0
2015-09-02,116.43344116210938,229.28399658203125,1.1293437480926514,1132.5,37.782859802246094,16351.3798828125,116.46908807134743,230.57699584960938,1.1299996376037598,1140.4000244140625,37.80028771924398,16352.580078125,113.85751335355046,226.47500610351562,1.1222903728485107,1130.800048828125,36.49322386071998,16058.349609375,114.72210390819286,228.02699279785156,1.1296244859695435,1137.300048828125,36.91148389656343,16058.349609375,4809300.0,18760400,0.0,201.0,37671500.0,133480000.0
2015-09-03,116.78108978271484,227.18299865722656,1.121604323387146,1123.699951171875,37.90486526489258,16374.759765625,117.96655046183817,229.60499572753906,1.1249998807907104,1132.9000244140625,38.3231254482415,16550.0703125,116.29976796687355,226.66700744628906,1.1089695692062378,1120.300048828125,37.71316143434399,16317.3095703125,117.93088994188518,229.32400512695312,1.1215037107467651,1130.300048828125,37.82644127276238,16364.33984375,3379500.0,17482000,0.0,122.0,28285200.0,109730000.0
2015-09-04,115.65802001953125,230.29800415039062,1.1125946044921875,1120.5999755859375,37.12932586669922,16102.3798828125,116.3086953343084,230.89999389648438,1.1160004138946533,1125.199951171875,37.50401775181909,16371.759765625,114.67757328304512,227.05099487304688,1.109460473060608,1116.199951171875,36.77206189763551,16026.6103515625,115.47084988279025,227.21499633789062,1.1125946044921875,1123.4000244140625,37.3036017032258,16371.759765625,3746700.0,20962400,0.0,51.0,37138800.0,127270000.0
2015-09-05,,235.0189971923828,,,,,,236.14300537109375,,,,,,229.4429931640625,,,,,,230.19900512695312,,,,,,20671400,,,,
2015-09-06,,239.83999633789062,,,,,,242.91200256347656,,,,,,234.68099975585938,,,,,,234.8699951171875,,,,,,25473700,,,,
2015-09-07,,239.8470001220703,1.115200161933899,,,,,242.1060028076172,1.1180005073547363,,,,,238.7220001220703,1.1124200820922852,,,,,239.9340057373047,1.1158970594406128,,,,,21192200,0.0,,,
2015-09-08,119.27677154541016,243.60699462890625,1.1163954734802246,1120.4000244140625,38.24468994140625,16492.6796875,119.42829472319104,245.781005859375,1.122999906539917,1124.300048828125,38.340541827821475,16503.41015625,117.6545582294606,239.67799377441406,1.1153706312179565,1116.4000244140625,37.643441732122724,16109.9296875,117.89521908852468,239.8459930419922,1.1158970594406128,1119.800048828125,37.73057799757177,16109.9296875,3505800.0,26879200,0.0,138.0,32469800.0,123870000.0
2015-09-09,118.23394012451172,238.16799926757812,1.1207369565963745,1102.199951171875,37.5301628112793,16253.5703125,121.44270699730254,244.41600036621094,1.1209995746612549,1123.5,38.6890944484388,16664.650390625,117.84176959606293,237.8209991455078,1.1133204698562622,1102.0999755859375,37.390742788857565,16220.099609375,120.85443080387358,243.4149932861328,1.1207997798919678,1123.5,38.523530886538566,16505.0390625,4713900.0,23635700,0.0,150.0,33469500.0,118790000.0
2015-09-10,119.03614044189453,238.4770050048828,1.1220699548721313,1109.5,37.72187042236328,16330.400390625,119.94529333634213,241.29299926757812,1.1279997825622559,1113.5,38.157558452215376,16441.939453125,117.8952485588836,235.79100036621094,1.1174894571304321,1105.5,37.251326552354406,16212.080078125,117.95763407097584,238.33599853515625,1.1219441890716553,1107.300048828125,37.57373476371492,16252.5703125,2932200.0,21215500,0.0,56.0,31366600.0,122690000.0
2015-09-11,120.03440856933594,240.10699462890625,1.1290887594223022,1103.5,37.88743209838867,16433.08984375,120.20376203329245,241.16900634765625,1.1342202425003052,1111.699951171875,37.983284000397724,16434.759765625,118.44785548674808,238.32899475097656,1.125579833984375,1098.199951171875,37.4168882107275,16244.650390625,118.68851638818646,238.32899475097656,1.1282861232757568,1110.800048828125,37.591164094013415,16330.400390625,2628200.0,19224700,0.0,81.0,27132500.0,104630000.0
2015-09-12,,235.22900390625,,,,,,240.12399291992188,,,,,,234.75399780273438,,,,,,239.85499572753906,,,,,,17962600,,,,
2015-09-13,,230.51199340820312,,,,,,235.93499755859375,,,,,,229.33200073242188,,,,,,235.24200439453125,,,,,,18478800,,,,
2015-09-14,119.82048034667969,230.6439971923828,1.1344043016433716,1107.699951171875,37.5040283203125,16370.9599609375,120.44441699374413,232.44000244140625,1.1372101306915283,1108.5999755859375,37.852576767550204,16450.859375,119.19655730011763,227.96099853515625,1.128770112991333,1104.0999755859375,37.34718035564292,16330.8701171875,120.07897149486406,230.60899353027344,1.1344043016433716,1107.800048828125,37.84386446908458,16450.859375,2389600.0,20997800,0.0,19.0,23656000.0,92660000.0
2015-09-15,121.48725891113281,230.3040008544922,1.1307612657546997,1102.800048828125,38.32310485839844,16599.849609375,122.1111819381617,259.1820068359375,1.1330032348632812,1104.5,38.593232535945816,16644.109375,119.90070595647276,229.82200622558594,1.1259803771972656,1102.800048828125,37.53886868247921,16382.580078125,119.90070595647276,230.49200439453125,1.1310937404632568,1104.5,37.63471722222054,16382.580078125,3761800.0,19177800,0.0,8.0,28882200.0,93050000.0
2015-09-16,122.2894515991211,229.09100341796875,1.1271796226501465,1119.199951171875,38.60195541381836,16739.94921875,122.49445197825014,231.21499633789062,1.1311602592468262,1119.9000244140625,38.67166708805273,16755.98046875,121.2287755845576,227.40199279785156,1.1214998960494995,1109.800048828125,38.20112325907747,16593.900390625,121.45160622289437,230.25,1.1272940635681152,1109.800048828125,38.31440306769053,16599.509765625,2505000.0,20144200,0.0,31.0,23372200.0,99620000.0
2015-09-17,122.51226806640625,229.80999755859375,1.12920343875885,1117.300048828125,38.558387756347656,16674.740234375,124.70492727823543,230.28500366210938,1.134000301361084,1130.5,39.21191975221796,16933.4296875,122.05769851296053,228.92599487304688,1.1287955045700073,1117.0999755859375,38.410255432820826,16639.9296875,122.43205231000428,229.0760040283203,1.129394769668579,1118.5999755859375,38.593243593895956,16738.080078125,3405600.0,18935400,0.0,14.0,32768200.0,129600000.0
2015-09-18,121.30008697509766,232.97500610351562,1.1400948762893677,1138.0999755859375,37.88743209838867,16384.580078125,122.7262085471437,234.35299682617188,1.1460003852844238,1141.199951171875,38.331835766969554,16674.740234375,119.79374963475613,232.18499755859375,1.1351704597473145,1127.800048828125,37.75672767895123,16343.759765625,120.99704056120143,233.52099609375,1.1406019926071167,1128.300048828125,37.90486001912086,16674.740234375,7302700.0,20242200,0.0,59.0,63143700.0,341690000.0
2015-09-19,,231.4929962158203,,,,,,233.2050018310547,,,,,,231.08900451660156,,,,,,232.85800170898438,,,,,,12712600,,,,
2015-09-20,,231.21200561523438,,,,,,232.36500549316406,,,,,,230.91000366210938,,,,,,231.3990020751953,,,,,,14444700,,,,
2015-09-21,121.23768615722656,227.0850067138672,1.12920343875885,1133.0999755859375,38.43640899658203,16510.189453125,122.51227076087225,231.2169952392578,1.1329994201660156,1138.5,38.7501049953811,16578.599609375,120.27505625772767,226.52099609375,1.118390679359436,1130.800048828125,37.99200522360442,16391.880859375,121.5942097049662,231.2169952392578,1.1293054819107056,1137.5999755859375,38.00943314843068,16406.099609375,2460900.0,19678800,0.0,17.0,26177200.0,90730000.0
2015-09-22,119.42833709716797,230.6179962158203,1.1190940141677856,1125.0,38.25340270996094,16330.4697265625,119.87399846070625,232.38600158691406,1.1209995746612549,1135.0,38.38410709838838,16477.44921875,118.11809160032502,225.11700439453125,1.1130800247192383,1122.5,37.73929080446184,16221.73046875,119.87399846070625,226.968994140625,1.1190940141677856,1132.5999755859375,37.800286850535024,16477.44921875,3465000.0,25009300,0.0,43.0,28085900.0,119010000.0
2015-09-23,117.36043548583984,230.2830047607422,1.1120749711990356,1131.5999755859375,38.22726821899414,16279.8896484375,120.32854113250184,231.8350067138672,1.1190601587295532,1132.199951171875,38.48868038174375,16355.2900390625,117.30695831030579,229.59100341796875,1.110679268836975,1128.300048828125,37.91357229408021,16211.98046875,120.0254947374739,230.93600463867188,1.1121985912322998,1128.5999755859375,38.27955198115846,16332.8095703125,4907500.0,17254100,0.0,33.0,17145200.0,86030000.0
2015-09-24,115.64909362792969,234.5290069580078,1.1189937591552734,1153.800048828125,38.26211929321289,16201.3203125,116.5582463801973,235.6490020751953,1.1296104192733765,1155.9000244140625,38.453823073227625,16257.1103515625,113.35839508973719,230.2949981689453,1.1166696548461914,1133.0,37.70443919575429,16016.3603515625,116.5136775353848,230.35800170898438,1.118806004524231,1133.0,37.86128713866896,16257.1103515625,5297800.0,25097800,0.0,37.0,27905600.0,122220000.0
2015-09-25,116.77216339111328,235.1439971923828,1.1178929805755615,1146.0,38.28826141357422,16314.669921875,117.4139167207141,237.427001953125,1.1204394102096558,1149.800048828125,38.97664927238239,16465.23046875,115.23017917439326,233.6840057373047,1.1118301153182983,1143.4000244140625,38.13141346285753,16205.0703125,117.27131544786062,234.36199951171875,1.1181179285049438,1149.800048828125,38.75880526572429,16205.0703125,4149900.0,22363600,0.0,56.0,29384600.0,130790000.0
2015-09-26,,234.33999633789062,,,,,,235.4029998779297,,,,,,233.35800170898438,,,,,,235.0760040283203,,,,,,13724100,,,,
2015-09-27,,232.7570037841797,,,,,,234.5260009765625,,,,,,232.4759979248047,,,,,,234.13900756835938,,,,,,14179900,,,,
2015-09-28,114.20514678955078,239.14199829101562,1.1201720237731934,1132.0,37.72187042236328,16001.8896484375,116.2997463302404,239.33900451660156,1.1241399049758911,1133.199951171875,38.418970605319466,16313.259765625,114.1160091067551,232.4669952392578,1.1152101755142212,1132.0,37.65215874204973,15981.849609375,116.26409941742266,232.83599853515625,1.120046615600586,1133.199951171875,38.192414292372156,16313.259765625,4160000.0,24713000,0.0,4346.0,27613800.0,139930000.0
2015-09-29,114.75776672363281,236.68699645996094,1.123103380203247,1127.0999755859375,37.852577209472656,16049.1298828125,115.114290267428,239.802001953125,1.1280303001403809,1134.4000244140625,37.96585703506455,16118.8896484375,113.61687506288652,235.92799377441406,1.1194798946380615,1124.300048828125,37.51274105673305,15942.3701171875,114.18732089325967,239.01600646972656,1.1233556270599365,1132.199951171875,37.79158114739304,16001.759765625,2935100.0,22691300,0.0,2417.0,32763600.0,121160000.0
2015-09-30,116.71866607666016,236.05999755859375,1.1255937814712524,1115.5,38.56710433959961,16284.7001953125,117.12868036669568,237.73399353027344,1.1262022256851196,1126.0,38.60196018102137,16297.599609375,115.5332056473516,235.62899780273438,1.115799903869629,1112.0999755859375,38.04428001441723,16057.080078125,116.11257337021698,236.63999938964844,1.1254037618637085,1124.300048828125,38.2359838182009,16057.080078125,3062500.0,19743500,0.0,865.0,34958900.0,145740000.0
2015-10-01,116.41561889648438,237.5489959716797,1.11720609664917,1114.199951171875,38.872093200683594,16272.009765625,117.46737279742959,238.44500732421875,1.1209995746612549,1119.0,38.99408533805178,16348.8701171875,114.96275903621218,235.61599731445312,1.1138957738876343,1113.300048828125,38.12270912938023,16073.8203125,117.04846378301106,236.00399780273438,1.1171561479568481,1115.199951171875,38.99408533805178,16278.6201171875,2878400.0,20488800,0.0,1181.0,28657900.0,111420000.0
2015-10-02,118.1537094116211,237.29299926757812,1.1193444728851318,1137.0999755859375,39.7086067199707,16472.369140625,118.18044799880445,238.54100036621094,1.1315301656723022,1141.199951171875,39.7086067199707,16472.76953125,114.58841938181719,236.60299682617188,1.115180253982544,1105.800048828125,38.2708348938296,16013.66015625,114.98060346117596,237.26400756835938,1.119494915008545,1112.199951171875,38.57581850872649,16258.25,3020500.0,19677900,0.0,323.0,41839000.0,136870000.0
2015-10-03,,238.72999572753906,,,,,,239.31500244140625,,,,,,236.94400024414062,,,,,,237.20199584960938,,,,,,16482700,,,,
2015-10-04,,238.25900268554688,,,,,,238.96800231933594,,,,,,237.94000244140625,,,,,,238.531005859375,,,,,,12999000,,,,
2015-10-05,119.4550552368164,240.38299560546875,1.1226998567581177,1138.0999755859375,40.63226318359375,16776.4296875,119.57091792315363,240.38299560546875,1.1287994384765625,1141.699951171875,40.8588194775213,16798.369140625,117.07522559507763,237.03500366210938,1.1196954250335693,1132.5,39.82188325017866,16502.099609375,117.90414906108077,238.14700317382812,1.1221455335617065,1137.0999755859375,39.865451384699085,16502.099609375,4587500.0,23335900,0.0,226.0,34369300.0,127660000.0
2015-10-06,119.9987564086914,246.06300354003906,1.1195199489593506,1146.800048828125,40.73683547973633,16790.189453125,120.80984957354583,246.93499755859375,1.1279997825622559,1150.0,41.1115274944568,16865.08984375,119.14308079679246,240.13600158691406,1.1176055669784546,1136.300048828125,40.275007178630915,16746.029296875,119.52635655645112,240.36399841308594,1.119795799255371,1136.300048828125,40.370859088076095,16774.01953125,3059600.0,27535100,0.0,145.0,27017200.0,120010000.0
2015-10-07,122.12899780273438,242.968994140625,1.1267986297607422,1149.0,40.78040313720703,16912.2890625,122.76182908395937,246.68099975585938,1.128426194190979,1152.9000244140625,41.25965935468842,16963.30078125,120.56026169051394,242.5850067138672,1.1214194297790527,1143.0,40.03973473964818,16765.0,120.94353739084065,246.1699981689453,1.1272940635681152,1147.5999755859375,41.041815317284495,16805.419921875,3263800.0,22999200,0.0,104.0,27711500.0,115690000.0
2015-10-08,123.92948150634766,242.3040008544922,1.1239995956420898,1144.699951171875,41.34679412841797,17050.75,124.20580292157895,244.25100708007812,1.1313101053237915,1146.699951171875,41.407790185834465,17081.279296875,121.28226604235029,242.1790008544922,1.123974323272705,1138.699951171875,40.518986218290884,16859.33984375,121.80814308331762,243.0749969482422,1.124201774597168,1142.699951171875,40.57126997780609,16904.169921875,2835700.0,18515300,0.0,138.0,33772700.0,100730000.0
2015-10-09,124.51773834228516,243.93099975585938,1.1286935806274414,1156.300048828125,41.0505256652832,17084.490234375,124.99906006145522,244.22799682617188,1.137869954109192,1157.199951171875,41.42521762739325,17110.880859375,123.32336957330871,242.1219940185547,1.1270017623901367,1151.5999755859375,40.88496209074783,17027.23046875,123.92946228574428,242.4980010986328,1.128604531288147,1151.5999755859375,41.346793651043804,17054.689453125,3065700.0,17353100,0.0,22.0,28600600.0,103730000.0
2015-10-10,,244.9409942626953,,,,,,245.31900024414062,,,,,,243.07400512695312,,,,,,243.74000549316406,,,,,,15912700,,,,
2015-10-11,,247.0500030517578,,,,,,247.2429962158203,,,,,,244.15199279785156,,,,,,244.74200439453125,,,,,,16827300,,,,
2015-10-12,125.39127349853516,245.30799865722656,1.1369967460632324,1164.9000244140625,40.954673767089844,17131.859375,125.73890241520257,247.45399475097656,1.1399999856948853,1166.800048828125,41.01566982379882,17139.2109375,124.17908765797439,245.1790008544922,1.135839581489563,1155.9000244140625,40.518985748291016,17064.580078125,124.72278145972308,246.875,1.1369062662124634,1155.9000244140625,40.937245847453596,17082.2890625,1942200.0,17388300,0.0,40.0,19769100.0,72500000.0
2015-10-13,125.04365539550781,249.50799560546875,1.135550618171692,1165.800048828125,40.858829498291016,17081.890625,125.23083914642577,250.23599243164062,1.1410002708435059,1166.199951171875,41.06796124892916,17172.810546875,124.27711733073369,243.7570037841797,1.1347002983093262,1154.9000244140625,40.57127708070453,17034.44921875,124.28603926204244,245.1999969482422,1.1353960037231445,1163.5,40.57127708070453,17113.55078125,2339700.0,28198500,0.0,132.0,19987800.0,99400000.0
2015-10-14,119.63331604003906,251.98899841308594,1.138498306274414,1180.0999755859375,40.67582702636719,16924.75,125.57843593032881,254.27499389648438,1.1450005769729614,1189.0,41.04180330656692,17111.380859375,119.06287014113504,248.9029998779297,1.138511300086975,1167.300048828125,40.54511931256143,16887.669921875,124.56232874789029,249.4929962158203,1.138511300086975,1172.4000244140625,40.649686813220136,17079.080078125,8752300.0,27462600,0.0,143.0,24697800.0,120110000.0
2015-10-15,122.45881652832031,254.32000732421875,1.147552251815796,1187.9000244140625,40.963382720947266,17141.75,122.70838577858885,255.96200561523438,1.1494200229644775,1188.300048828125,40.98081063916083,17144.419921875,120.32855597034693,252.04600524902344,1.1365302801132202,1177.800048828125,40.545122655928296,16933.5703125,120.4711708563587,252.10699462890625,1.1474995613098145,1184.199951171875,40.963382720947266,16944.859375,6368300.0,25223500,0.0,143.0,27189400.0,122960000.0
2015-10-16,122.64598846435547,262.8689880371094,1.1368157863616943,1183.5999755859375,41.39908218383789,17215.970703125,123.6531736986974,266.135009765625,1.1399999856948853,1184.0999755859375,41.4252257304254,17220.01953125,121.6833584771637,253.92599487304688,1.1339398622512817,1176.199951171875,40.867545489092855,17107.349609375,122.49445166223491,254.29600524902344,1.1366994380950928,1182.5,40.9721097033336,17141.75,3173700.0,35901500,0.0,243.0,26450300.0,145880000.0
2015-10-17,,270.6400146484375,,,,,,273.5780029296875,,,,,,262.36700439453125,,,,,,262.74700927734375,,,,,,43199600,,,,
2015-10-18,,261.64300537109375,,,,,,271.6679992675781,,,,,,260.7770080566406,,,,,,270.9070129394531,,,,,,22434300,,,,
2015-10-19,123.37686157226562,263.43701171875,1.1361054182052612,1173.300048828125,41.49492645263672,17230.5390625,123.54621502712668,264.82000732421875,1.1379995346069336,1177.800048828125,41.72148608645452,17235.94921875,121.56747794491221,260.95098876953125,1.1308494806289673,1169.300048828125,40.972102153733196,17129.189453125,122.6459841782102,261.8609924316406,1.1360021829605103,1176.5,41.3206505783236,17209.4296875,4022000.0,25258800,0.0,62.0,29387600.0,118430000.0
2015-10-20,123.786865234375,269.4630126953125,1.132900595664978,1178.0,41.625633239746094,17217.109375,124.72274291911181,270.8349914550781,1.1390001773834229,1179.0999755859375,41.66048907862069,17264.880859375,122.62814333838999,263.22698974609375,1.1325798034667969,1168.699951171875,40.97210121900826,17147.990234375,122.94901996188582,263.5719909667969,1.1331958770751953,1168.699951171875,41.33807755508429,17228.470703125,4202600.0,30889800,0.0,19.0,30802200.0,106670000.0
2015-10-21,125.8458023071289,266.2720031738281,1.1353960037231445,1167.5999755859375,41.12894821166992,17168.609375,126.70146413008575,270.7699890136719,1.1378000974655151,1176.4000244140625,41.81733605524403,17314.990234375,121.76354439204465,263.8389892578125,1.13379967212677,1164.9000244140625,41.0505242380471,17153.130859375,126.30037180054352,269.3059997558594,1.1356022357940674,1175.9000244140625,41.75633667661679,17225.9296875,8927200.0,25637300,0.0,41.0,25144300.0,107100000.0
2015-10-22,130.40939331054688,274.02301025390625,1.134803295135498,1166.5999755859375,41.85219192504883,17489.16015625,131.345284659319,276.510009765625,1.1352026462554932,1168.5999755859375,42.65385964458731,17505.1796875,126.50539639306992,266.135009765625,1.113800287246704,1163.5,41.033099609117635,17180.880859375,126.56779549655569,266.4960021972656,1.1347002983093262,1166.199951171875,41.416503886440246,17180.880859375,6976300.0,37808600,0.0,48.0,56637100.0,152420000.0
2015-10-23,130.75701904296875,276.4960021972656,1.108094573020935,1163.300048828125,46.06965637207031,17646.69921875,131.69291046689503,278.6839904785156,1.1140943765640259,1178.699951171875,47.11530842260407,17679.369140625,129.16155761781118,273.5429992675781,1.1011033058166504,1163.300048828125,45.529404086841765,17525.109375,131.35420353620665,273.64898681640625,1.1084016561508179,1166.199951171875,45.57297222977312,17525.109375,4691200.0,29442500,0.0,38.0,135227100.0,158090000.0
2015-10-24,,281.65399169921875,,,,,,281.70599365234375,,,,,,276.5039978027344,,,,,,276.5039978027344,,,,,,25942400,,,,
2015-10-25,,283.67999267578125,,,,,,294.0589904785156,,,,,,281.44500732421875,,,,,,281.44500732421875,,,,,,45717100,,,,
2015-10-26,130.75701904296875,285.29998779296875,1.1020376682281494,1167.0,47.27214050292969,17623.05078125,131.2294189197167,285.29998779296875,1.1060001850128174,1170.0,47.33313654733324,17660.69921875,129.73200352183716,280.510009765625,1.1006003618240356,1163.800048828125,45.74723274477067,17602.509765625,130.32027968550548,283.62799072265625,1.1020376682281494,1165.0999755859375,45.773372956933585,17649.5703125,3143400.0,32108800,0.0,176.0,64633300.0,116660000.0
2015-10-27,132.32574462890625,293.7879943847656,1.1065986156463623,1166.800048828125,46.7841796875,17581.4296875,132.7981444669181,296.2120056152344,1.107800006866455,1166.800048828125,47.3767156770441,17635.1796875,130.1419936186415,285.00799560546875,1.1031999588012695,1162.0,46.688331112633776,17540.5703125,130.32917732827923,285.1809997558594,1.106096863746643,1164.5,47.045595165973374,17608.890625,3411300.0,46331800,0.0,302.0,50999900.0,113960000.0
2015-10-28,131.80877685546875,304.6180114746094,1.1037039756774902,1177.0999755859375,47.03687286376953,17779.51953125,132.6377002597952,306.33099365234375,1.1099998950958252,1182.699951171875,47.03687286376953,17779.94921875,129.36654828699244,293.7030029296875,1.1027060747146606,1175.0999755859375,46.06093274125432,17556.7109375,131.9068228753839,293.7030029296875,1.103594422340393,1175.0999755859375,46.65346864664741,17586.689453125,4408300.0,50808100,0.0,217.0,47000800.0,115630000.0
2015-10-29,131.18487548828125,313.8550109863281,1.0928961038589478,1147.199951171875,46.49662780761719,17755.80078125,131.79989036032222,318.1700134277344,1.0981999635696411,1162.0,46.90617562579917,17786.0,129.98159793909767,301.822998046875,1.0910003185272217,1144.9000244140625,46.37463568918917,17684.720703125,131.50575222149803,304.3240051269531,1.0925976037979126,1158.0,46.65347576674918,17771.5,3072100.0,64495900,0.0,329.0,30202100.0,90300000.0
2015-10-30,131.97811889648438,328.0150146484375,1.0993843078613281,1141.5,45.86923599243164,17663.5390625,133.3418411279784,334.16900634765625,1.107200264930725,1147.5999755859375,47.04559568646897,17799.9609375,131.104613121677,313.94000244140625,1.0969964265823364,1139.199951171875,45.851808072071535,17662.869140625,131.38092089922793,313.9429931640625,1.099203109741211,1147.5,46.461771988531346,17756.599609375,3938000.0,78305000,0.0,249.0,46619800.0,149250000.0
2015-10-31,,314.1659851074219,,,,,,332.7770080566406,,,,,,309.2510070800781,,,,,,328.5119934082031,,,,,,48598100,,,,
2015-11-01,,325.4309997558594,,,,,,327.47198486328125,,,,,,311.8810119628906,,,,,,315.0050048828125,,,,,,37001100,,,,
2015-11-02,132.27223205566406,361.1889953613281,1.102596640586853,1135.800048828125,46.39207077026367,17828.759765625,133.22595350385393,365.3599853515625,1.1060001850128174,1138.699951171875,46.49663498447942,17845.900390625,131.52352454150554,323.2090148925781,1.1004005670547485,1132.5999755859375,45.851815128070015,17655.01953125,132.25441540092206,325.9419860839844,1.1024993658065796,1137.9000244140625,46.052231256998716,17672.619140625,2516700.0,101918000,0.0,180.0,30285000.0,100840000.0
2015-11-03,131.99594116210938,403.4169921875,1.1016006469726562,1114.199951171875,47.18501663208008,17918.150390625,132.32573972396048,417.8999938964844,1.1031999588012695,1134.699951171875,47.3941450323483,17977.849609375,131.14918753671088,357.6470031738281,1.0937999486923218,1114.199951171875,46.095796518911435,17796.01953125,131.94246399005286,361.87298583984375,1.1016976833343506,1133.300048828125,46.12193673793596,17819.740234375,2470000.0,206162000,0.0,185.0,36596900.0,92290000.0
2015-11-04,132.9017333984375,411.56298828125,1.0963950157165527,1106.5,47.402854919433594,17867.580078125,133.41292128068963,495.56201171875,1.0966956615447998,1121.9000244140625,47.82111499340067,17964.119140625,131.99592297675275,380.5480041503906,1.084799885749817,1106.5,47.106586951535796,17828.830078125,132.06767128532317,403.66400146484375,1.0965032577514648,1119.0,47.21115113901867,17929.580078125,2771500.0,263900000,0.0,141.0,37087800.0,99890000.0
2015-11-05,132.70443725585938,386.35400390625,1.0868029594421387,1104.4000244140625,47.38542175292969,17863.4296875,133.48467792281397,447.5610046386719,1.0900002717971802,1110.699951171875,47.66426177135965,17929.509765625,131.3771276759182,374.58099365234375,1.0837054252624512,1104.4000244140625,47.054297984530905,17779.189453125,132.90174169559825,408.0769958496094,1.0866022109985352,1107.9000244140625,47.48127363252159,17871.25,2545400.0,151824992,0.0,84.0,31468500.0,98910000.0
2015-11-06,132.6775665283203,374.4700012207031,1.0883997678756714,1087.5999755859375,47.85597229003906,17910.330078125,132.88383442705094,395.83599853515625,1.0895025730133057,1109.5,47.90825605102438,17912.0390625,130.94667054404752,354.0249938964844,1.0711684226989746,1084.800048828125,47.01945205848953,17768.599609375,131.45787227064352,388.0469970703125,1.0884946584701538,1105.199951171875,47.13273187860642,17855.220703125,2294100.0,122687000,0.0,78.0,32851200.0,107450000.0
2015-11-07,,386.48199462890625,,,,,,390.58599853515625,,,,,,372.4330139160156,,,,,,374.2690124511719,,,,,,56625100,,,,
2015-11-08,,373.3680114746094,,,,,,389.8949890136719,,,,,,368.70001220703125,,,,,,384.27801513671875,,,,,,51817600,,,,
2015-11-09,130.91970825195312,380.2569885253906,1.0733413696289062,1087.9000244140625,47.1937255859375,17730.48046875,132.2649580678557,385.27801513671875,1.0790001153945923,1088.5999755859375,47.812401768605,17900.779296875,130.20223894655402,362.8949890136719,1.072995901107788,1087.9000244140625,46.67090129828187,17667.779296875,131.74479316355604,374.3240051269531,1.0732377767562866,1088.5999755859375,47.53356170531723,17900.779296875,2980800.0,68224400,0.0,5.0,32513100.0,121210000.0
2015-11-10,130.17539978027344,336.8190002441406,1.0759514570236206,1088.199951171875,46.6273307800293,17758.2109375,131.06327002675243,381.3869934082031,1.0762755870819092,1091.300048828125,47.167586322100085,17768.66015625,129.17095046396264,329.1080017089844,1.0676004886627197,1085.0,46.418202390354516,17657.720703125,130.2919925347008,379.9840087890625,1.0759745836257935,1090.0999755859375,47.11530256266348,17724.130859375,2524100.0,95797904,0.0,18.0,55283700.0,108640000.0
2015-11-11,130.03189086914062,311.0840148925781,1.0737563371658325,1084.699951171875,46.74932861328125,17702.220703125,130.78522770616988,340.5849914550781,1.0772960186004639,1091.4000244140625,47.22858479853961,17807.1796875,129.61037803981867,300.99700927734375,1.0708003044128418,1084.199951171875,46.58376502860285,17696.91015625,130.22021823610152,339.82000732421875,1.0738024711608887,1091.4000244140625,46.79289675302547,17769.5,1579600.0,107070000,0.0,15.0,36516300.0,95230000.0
2015-11-12,127.83464050292969,338.1520080566406,1.0762988328933716,1080.800048828125,46.46175765991211,17448.0703125,129.50275135292966,345.08099365234375,1.0799999237060547,1086.5999755859375,47.036865558290756,17691.9296875,126.9826514186196,313.3559875488281,1.0693997144699097,1080.800048828125,46.34847787452445,17443.5,128.24718993232457,314.0790100097656,1.0764957666397095,1086.0,46.601177655760424,17691.9296875,3796800.0,78477800,0.0,4.0,35361100.0,113660000.0
2015-11-13,127.87948608398438,336.75299072265625,1.0815019607543945,1080.800048828125,46.04350280761719,17245.240234375,129.0453723764032,340.91400146484375,1.0811045169830322,1085.9000244140625,46.43562262843474,17439.25,127.22480145758192,326.07501220703125,1.072199821472168,1080.800048828125,45.77337508126836,17238.890625,127.64631429933792,338.49798583984375,1.080894112586975,1083.0999755859375,46.24391886624943,17439.25,3063800.0,52003000,0.0,23.0,36848200.0,134640000.0
2015-11-14,,332.906005859375,,,,,,338.1809997558594,,,,,,329.9700012207031,,,,,,336.6239929199219,,,,,,38612000,,,,
2015-11-15,,320.1659851074219,,,,,,334.6619873046875,,,,,,317.489990234375,,,,,,333.0509948730469,,,,,,44213100,,,,
2015-11-16,129.5206756591797,330.7510070800781,1.06999933719635,1083.699951171875,46.85390090942383,17483.009765625,129.59242397204181,331.6260070800781,1.0759999752044678,1092.4000244140625,46.95846512768494,17483.009765625,127.64629717115244,315.9049987792969,1.070102334022522,1083.699951171875,46.05223303865782,17210.4296875,127.87050551712484,319.7349853515625,1.070102334022522,1092.0,46.252652499376744,17229.939453125,2378300.0,47980100,0.0,11.0,32165200.0,137590000.0
2015-11-17,131.0094757080078,335.093994140625,1.068798542022705,1068.699951171875,46.467891693115234,17489.5,131.46685599358457,338.3500061035156,1.069198489189148,1075.800048828125,46.95914910866109,17599.330078125,129.71803291979464,329.614013671875,1.064400553703308,1065.0999755859375,46.36261937854955,17451.41015625,130.30096938285894,330.36199951171875,1.0689013004302979,1075.5,46.64333885784438,17486.990234375,3038300.0,51001600,0.0,6.0,31551300.0,167190000.0
2015-11-18,132.9824981689453,334.5899963378906,1.0643846988677979,1068.800048828125,47.239871978759766,17737.16015625,133.0811504220144,336.531005859375,1.0691996812820435,1071.9000244140625,47.35391532117169,17752.16015625,131.1439863715283,330.6400146484375,1.063230276107788,1064.0,46.47666604879777,17485.490234375,131.15296346655026,334.5929870605469,1.0643960237503052,1064.0,46.494211435818094,17485.490234375,3101100.0,43783800,0.0,5.0,29710000.0,106810000.0
2015-11-19,133.84344482421875,326.14898681640625,1.066996693611145,1078.0,47.3188362121582,17732.75,134.05867611951908,335.3340148925781,1.0734001398086548,1082.4000244140625,47.95045691483533,17772.970703125,132.9645380864289,325.27301025390625,1.067000150680542,1077.4000244140625,47.17847642783453,17681.98046875,133.43985877634253,334.6789855957031,1.0673041343688965,1077.4000244140625,47.36270136374284,17739.830078125,2492600.0,45011100,0.0,10.0,28149200.0,114630000.0
2015-11-20,133.98692321777344,322.0220031738281,1.0726161003112793,1076.4000244140625,47.53813552856445,17823.810546875,135.0541573025093,326.4729919433594,1.0730005502700806,1082.9000244140625,47.63463348124275,17914.33984375,133.73581092543483,312.2170104980469,1.0664005279541016,1076.4000244140625,46.73106782696467,17732.75,134.38153215847512,326.4110107421875,1.0726966857910156,1082.9000244140625,47.59077168814543,17732.75,3210200.0,53152900,0.0,5.0,37147600.0,153140000.0
2015-11-21,,326.927001953125,,,,,,328.15899658203125,,,,,,319.5950012207031,,,,,,322.0920104980469,,,,,,28200500,,,,
2015-11-22,,324.5360107421875,,,,,,327.010009765625,,,,,,321.2590026855469,,,,,,326.9750061035156,,,,,,23439400,,,,
2015-11-23,133.0363006591797,323.0459899902344,1.0641014575958252,1066.800048828125,47.53813552856445,17792.6796875,134.25599497333673,325.1180114746094,1.0653995275497437,1071.5,47.774993227018385,17868.1796875,132.47130476392002,321.2900085449219,1.0602991580963135,1066.800048828125,47.152147064291555,17751.529296875,133.97797873073986,324.3500061035156,1.0639996528625488,1070.0,47.59077168814543,17823.609375,3183700.0,27478900,0.0,57.0,28235900.0,134680000.0
2015-11-24,133.31431579589844,320.0459899902344,1.0642033815383911,1074.300048828125,47.590782165527344,17812.189453125,134.15734161135737,323.0580139160156,1.0672005414962769,1079.4000244140625,47.75745835456802,17862.599609375,132.03185025272674,318.1180114746094,1.0623831748962402,1073.199951171875,47.003026646456775,17683.509765625,132.27399916845536,323.0140075683594,1.063897728919983,1073.199951171875,47.301288243758705,17770.900390625,2626600.0,29362600,0.0,222.0,24600000.0,127170000.0
2015-11-25,132.22012329101562,328.20599365234375,1.0643846988677979,1070.5,47.09952163696289,17813.390625,133.7626776202571,329.1340026855469,1.0689996480941772,1072.0,47.573237141813124,17854.919921875,132.1752925748946,316.7699890136719,1.0576001405715942,1068.5,47.09952163696289,17801.830078125,133.6640254125292,320.0450134277344,1.0643960237503052,1070.199951171875,47.4504227545796,17820.810546875,1852200.0,41666900,0.0,148662.0,21005100.0,82540000.0
2015-11-26,,352.6839904785156,1.0624960660934448,,,,,366.7569885253906,1.0629997253417969,,,,,328.22900390625,1.0602003335952759,,,,,328.3030090332031,1.0624960660934448,,,,,106105000,0.0,,,
2015-11-27,131.7896728515625,358.0419921875,1.0604453086853027,1056.199951171875,47.310054779052734,17813.390625,132.70444680301873,363.5889892578125,1.06380033493042,1074.199951171875,47.441643511967904,17830.359375,131.54752398817268,347.8699951171875,1.0569998025894165,1051.0999755859375,47.18724041310018,17749.3203125,132.28293398639636,351.8609924316406,1.0604453086853027,1070.699951171875,47.19601143362229,17806.0390625,1282100.0,55179100,0.0,52133.0,9009100.0,82540000.0
2015-11-28,,357.3810119628906,,,,,,359.5360107421875,,,,,,352.1719970703125,,,,,,357.1409912109375,,,,,,36816600,,,,
2015-11-29,,371.29400634765625,,,,,,371.9389953613281,,,,,,355.6659851074219,,,,,,357.47198486328125,,,,,,40409300,,,,
2015-11-30,130.44442749023438,377.3210144042969,1.0583018064498901,1065.800048828125,47.678504943847656,17719.919921875,132.06769390648256,382.3630065917969,1.0597037076950073,1068.4000244140625,48.21362762890616,17837.240234375,130.36371576098946,370.38299560546875,1.056400179862976,1052.0999755859375,47.3714689834572,17719.7890625,131.80761821738463,371.43701171875,1.0583018064498901,1056.5,47.84518447643761,17802.83984375,3176700.0,71701600,0.0,4601.0,56241400.0,155560000.0
2015-12-01,132.49819946289062,362.4880065917969,1.0572947263717651,1063.800048828125,48.44172286987305,17888.349609375,133.98693282143512,378.9309997558594,1.0639996528625488,1074.5999755859375,48.450493893237194,17895.5,131.35921697233536,356.56298828125,1.056602120399475,1063.4000244140625,47.63465151626651,17719.720703125,131.4219882076224,377.41400146484375,1.0572947263717651,1064.5999755859375,47.731149505480055,17719.720703125,3444300.0,60452200,0.0,3441.0,39952800.0,103880000.0
2015-12-02,131.7986602783203,359.18701171875,1.0625863075256348,1054.199951171875,48.43292999267578,17729.6796875,132.75826502988133,362.23199462890625,1.0639996528625488,1069.5,49.09086692614555,17901.580078125,131.27849519394593,349.4649963378906,1.0562005043029785,1049.5999755859375,48.301344613846005,17708.19921875,132.3277887714518,361.8450012207031,1.062699317932129,1068.699951171875,48.52942794501513,17883.140625,2648800.0,54160500,0.0,503.0,47274900.0,102860000.0
2015-12-03,130.5430908203125,361.0459899902344,1.0613007545471191,1061.699951171875,47.54692077636719,17477.669921875,132.39954285834872,370.2749938964844,1.0892000198364258,1064.5999755859375,48.92420214274995,17780.58984375,129.39514495813717,357.4119873046875,1.0541995763778687,1046.199951171875,47.310063023707336,17425.560546875,131.8793777513327,359.33099365234375,1.0611993074417114,1054.4000244140625,48.678573368039466,17741.5703125,3008700.0,50714900,0.0,1161.0,38627800.0,126990000.0
2015-12-04,133.1797637939453,363.1830139160156,1.0915957689285278,1084.5,49.047019958496094,17847.630859375,133.43087605852006,363.5159912109375,1.0951943397521973,1088.800048828125,49.32773953391356,17866.470703125,131.01839195244855,355.7569885253906,1.0857999324798584,1058.699951171875,47.45919714105749,17482.6796875,131.25157740140514,361.2619934082031,1.0918341875076294,1063.0,47.47674253282624,17482.6796875,3892900.0,35784100,0.0,889.0,43963700.0,137650000.0
2015-12-05,,388.9490051269531,,,,,,389.7850036621094,,,,,,363.22900390625,,,,,,363.72100830078125,,,,,,66282200,,,,
2015-12-06,,388.7829895019531,,,,,,402.8089904785156,,,,,,387.0889892578125,,,,,,389.55499267578125,,,,,,77762000,,,,
2015-12-07,133.13491821289062,395.5360107421875,1.0883997678756714,1076.4000244140625,48.95928955078125,17730.509765625,134.07659603904648,399.968994140625,1.0883049964904785,1086.5,49.099649319008726,17845.490234375,132.12150575571,385.4110107421875,1.0798004865646362,1067.4000244140625,48.50311946743174,17639.25,133.0003986739792,389.9779968261719,1.0883049964904785,1084.9000244140625,48.94174416144771,17845.490234375,3417700.0,63455800,0.0,656.0,30709800.0,99670000.0
2015-12-08,130.03189086914062,415.56298828125,1.0834001302719116,1076.300048828125,48.941749572753906,17568.0,132.0407891012186,415.56298828125,1.0900002717971802,1078.4000244140625,49.21369477138963,17703.990234375,129.72695708640634,389.95001220703125,1.0831419229507446,1069.5999755859375,48.23995065402124,17485.390625,131.67309777562116,395.7539978027344,1.0835996866226196,1071.0,48.66103000526084,17703.990234375,5021100.0,57801400,0.0,306.0,32878000.0,113720000.0
2015-12-09,129.35926818847656,417.56298828125,1.0893957614898682,1077.5999755859375,48.23117446899414,17492.30078125,130.65967401873718,423.1199951171875,1.099000096321106,1086.0,49.011925945837206,17767.689453125,127.59250510933457,406.2909851074219,1.0881984233856201,1070.5999755859375,47.81886615569635,17403.509765625,129.6821287939186,414.4410095214844,1.0895025730133057,1075.0999755859375,48.57330121984078,17558.1796875,5124600.0,90917200,0.0,386.0,36373200.0,122020000.0
2015-12-10,131.3053741455078,415.47900390625,1.1017948389053345,1073.0999755859375,48.48556900024414,17574.75,132.247051900555,419.5090026855469,1.1023049354553223,1076.300048828125,48.827695690315416,17697.740234375,129.28749910665996,411.5480041503906,1.092799425125122,1071.699951171875,48.257482309236295,17474.66015625,129.7000347845646,417.9880065917969,1.1016976833343506,1073.0,48.5908379787798,17493.169921875,3278500.0,52138900,0.0,226.0,31775800.0,107310000.0
2015-12-11,129.70005798339844,451.93798828125,1.0948106050491333,1076.9000244140625,47.42411422729492,17265.2109375,130.66863981744194,451.93798828125,1.1030004024505615,1079.4000244140625,48.33645126120015,17574.75,128.89291329732552,415.281005859375,1.0928006172180176,1064.4000244140625,47.3802490704685,17230.5,130.04085909665264,415.281005859375,1.0947985649108887,1067.800048828125,47.99432445518049,17574.75,3684700.0,110944000,0.0,410.0,39549500.0,134510000.0
2015-12-12,,434.99700927734375,,,,,,469.1029968261719,,,,,,410.7409973144531,,,,,,452.3349914550781,,,,,,131969000,,,,
2015-12-13,,433.7550048828125,,,,,,441.67999267578125,,,,,,426.26800537109375,,,,,,431.6600036621094,,,,,,55050600,,,,
2015-12-14,128.24717712402344,444.1820068359375,1.0983941555023193,1064.699951171875,48.37153244018555,17368.5,129.592427233716,447.1419982910156,1.1040000915527344,1076.699951171875,48.43293963181545,17378.01953125,126.8660596992928,430.45599365234375,1.0947027206420898,1060.0,47.0907490912748,17138.470703125,129.592427233716,433.2720031738281,1.098997712135315,1074.0,47.66096255234213,17277.109375,4845000.0,130496000,0.0,509.0,46768900.0,142540000.0
2015-12-15,131.41305541992188,465.3210144042969,1.0992997884750366,1062.9000244140625,48.424171447753906,17524.91015625,131.92425725375347,465.3210144042969,1.107000470161438,1066.199951171875,49.0382467464792,17627.630859375,129.2516826808965,443.87799072265625,1.0922002792358398,1061.800048828125,48.32767347055464,17341.1796875,130.63281439417653,443.87799072265625,1.0992271900177002,1064.5999755859375,48.827705401095244,17374.779296875,4705300.0,83121104,0.0,220.0,39843000.0,123430000.0
2015-12-16,132.83004760742188,454.9339904785156,1.0936251878738403,1078.0,49.240020751953125,17749.08984375,133.27846448359512,465.2080078125,1.0958002805709839,1078.699951171875,49.34528976645123,17784.359375,131.14399577393942,443.85101318359375,1.0913218259811401,1064.300048828125,48.03818639620336,17483.6796875,132.71345484054578,465.2080078125,1.0936013460159302,1064.800048828125,48.72244335654513,17530.849609375,3316000.0,107944000,0.0,81.0,37503300.0,123790000.0
2015-12-17,130.5430908203125,456.0780029296875,1.087453007698059,1050.800048828125,48.86278533935547,17495.83984375,134.34567004163966,457.8599853515625,1.0888975858688354,1072.5999755859375,49.81898718399178,17796.759765625,130.48928299624086,448.8580017089844,1.0833531618118286,1050.5,48.713651222296015,17493.5,133.49368089645245,454.7770080566406,1.0874056816101074,1072.5999755859375,49.44176972762073,17756.5390625,3448800.0,47978400,0.0,56.0,41280900.0,115780000.0
2015-12-18,125.18001556396484,463.6159973144531,1.0844104290008545,1066.199951171875,47.48551559448242,17128.55078125,129.5117228032098,465.177001953125,1.0870002508163452,1070.300048828125,49.12597119561828,17496.580078125,124.56119828913091,454.94000244140625,1.0805997848510742,1052.699951171875,47.39778863805409,17124.310546875,129.5117228032098,455.84698486328125,1.0843987464904785,1053.699951171875,48.92420421549493,17495.0390625,9952000.0,60220100,0.0,253.0,84684200.0,344560000.0
2015-12-19,,462.3219909667969,,,,,,465.58099365234375,,,,,,456.7650146484375,,,,,,463.552001953125,,,,,,47892700,,,,
2015-12-20,,442.68499755859375,,,,,,462.6449890136719,,,,,,434.3380126953125,,,,,,462.2340087890625,,,,,,75409400,,,,
2015-12-21,126.36383056640625,438.6390075683594,1.0869920253753662,1081.9000244140625,48.09958267211914,17251.619140625,127.29654503944359,444.72900390625,1.091999888420105,1081.9000244140625,48.55574938171482,17272.359375,125.28763313832629,427.31201171875,1.0852001905441284,1070.199951171875,47.57323106295079,17116.73046875,125.74502696659002,442.8380126953125,1.0870156288146973,1070.199951171875,48.143444469606344,17154.939453125,3746400.0,77639696,0.0,26.0,37246300.0,114910000.0
2015-12-22,127.691162109375,436.5719909667969,1.09129798412323,1074.800048828125,48.555755615234375,17417.26953125,128.05885345560318,443.68798828125,1.0984002351760864,1078.5999755859375,48.66979898049434,17451.109375,126.00511069748461,435.5159912109375,1.0905005931854248,1073.800048828125,47.81009492290314,17242.859375,127.09924869652919,437.4360046386719,1.091202735900879,1078.5999755859375,48.23994862491928,17253.55078125,2791700.0,50840400,0.0,106.0,28322200.0,91570000.0
2015-12-23,129.1978302001953,442.4010009765625,1.0950024127960205,1069.4000244140625,48.96805191040039,17602.609375,129.20680729322237,444.52899169921875,1.095494270324707,1074.800048828125,49.02068806909034,17607.919921875,128.07678833925428,436.6189880371094,1.0884946584701538,1069.4000244140625,48.6346962649112,17427.630859375,128.3189372129036,436.7200012207031,1.0950024127960205,1074.5,48.862782939460736,17427.630859375,3353900.0,47161400,0.0,202.0,27279800.0,92820000.0
2015-12-24,128.72250366210938,454.9849853515625,1.0909169912338257,1077.199951171875,48.83646774291992,17552.169921875,129.0812315673761,458.45599365234375,1.0966956615447998,1077.800048828125,49.090870847327935,17606.33984375,128.5700436181414,443.0769958496094,1.0910003185272217,1073.5,48.62592978139923,17543.94921875,128.78528857205688,443.09100341796875,1.0910003185272217,1074.300048828125,49.00314725443441,17593.259765625,1185000.0,57157200,0.0,24.0,9558500.0,40350000.0
2015-12-25,,455.65301513671875,1.0969964265823364,,,,,458.30499267578125,1.0975021123886108,,,,,452.07501220703125,1.0947027206420898,,,,,454.8550109863281,1.0965152978897095,,,,,39078500,0.0,,,
2015-12-26,,417.27398681640625,,,,,,457.489013671875,,,,,,405.760009765625,,,,,,455.7560119628906,,,,,,116166000,,,,
2015-12-27,,422.822998046875,,,,,,424.0069885253906,,,,,,408.88299560546875,,,,,,416.5140075683594,,,,,,53591200,,,,
2015-12-28,129.6282958984375,422.27899169921875,1.0965994596481323,1070.5,49.08210372924805,17528.26953125,129.74488862156085,429.7690124511719,1.0999999046325684,1098.800048828125,49.08210372924805,17536.900390625,128.11265892079356,418.4809875488281,1.0958002805709839,1070.5,48.23117075547079,17437.33984375,128.4803502209815,423.3429870605469,1.0965994596481323,1077.9000244140625,48.55575209071374,17535.66015625,1980000.0,49638600,0.0,361.0,22458300.0,59770000.0
2015-12-29,132.14842224121094,432.9830017089844,1.0975261926651,1077.5,49.60845184326172,17720.98046875,132.3367496136117,432.9830017089844,1.0999999046325684,1079.699951171875,49.87162598836374,17750.01953125,130.04085803372362,420.62701416015625,1.0910003185272217,1077.5,49.17860152043127,17547.369140625,130.09466585440956,422.0979919433594,1.0976948738098145,1079.0999755859375,49.380368476557514,17547.369140625,3133600.0,51596500,0.0,252.0,27731400.0,69860000.0
2015-12-30,131.3053741455078,426.6199951171875,1.0928006172180176,1060.0999755859375,49.39791488647461,17603.869140625,132.73133588865846,434.3869934082031,1.0950000286102295,1070.199951171875,49.81021982862568,17714.130859375,130.94663259451363,422.0840148925781,1.0910003185272217,1059.699951171875,49.38036949691316,17588.869140625,132.0318069699585,433.29998779296875,1.0928006172180176,1068.5999755859375,49.53827465652536,17711.939453125,1619000.0,46889400,0.0,71.0,21704500.0,59760000.0
2015-12-31,129.67315673828125,430.5669860839844,1.093398094177246,1060.300048828125,48.66979217529297,17425.029296875,130.90182797914582,432.9209899902344,1.093900442123413,1062.0,49.29263839322824,17590.66015625,129.59244500493358,418.7349853515625,1.0865998268127441,1058.5,48.617156011046376,17421.16015625,130.90182797914582,425.875,1.0938047170639038,1061.9000244140625,49.161053002272666,17590.66015625,2105200.0,45996600,0.0,10.0,27334100.0,93690000.0
2016-01-01,,434.3340148925781,1.0859060287475586,,,,,436.2460021972656,1.0866966247558594,,,,,427.5150146484375,1.0859060287475586,,,,,430.72100830078125,1.0859060287475586,,,,,36278900,0.0,,,
2016-01-02,,433.43798828125,,,,,,436.06201171875,,,,,,431.8699951171875,,,,,,434.62200927734375,,,,,,30096600,,,,
2016-01-03,,430.010986328125,,,,,,433.7430114746094,,,,,,424.70599365234375,,,,,,433.5780029296875,,,,,,39633800,,,,
2016-01-04,126.00511169433594,433.09100341796875,1.0853991508483887,1075.0999755859375,48.073265075683594,17148.939453125,127.08130919964638,434.5169982910156,1.094599723815918,1082.5,48.073265075683594,17405.48046875,125.04549324307656,429.0840148925781,1.0805997848510742,1063.199951171875,46.8363435909206,16957.630859375,126.79432958437401,430.0610046386719,1.0855052471160889,1063.4000244140625,47.65218577730053,17405.48046875,5719500.0,38477500,0.0,143.0,53778000.0,148060000.0
2016-01-05,126.51630401611328,431.9599914550781,1.0827549695968628,1078.4000244140625,48.2925910949707,17158.66015625,127.08129979595161,434.1820068359375,1.0841047763824463,1081.5,48.59085610076021,17195.83984375,125.35041776971886,429.6759948730469,1.0712006092071533,1075.300048828125,47.8451952595073,17038.609375,126.44455569645595,433.0690002441406,1.082602620124817,1075.5999755859375,48.18732207717491,17147.5,3357000.0,34522600,0.0,82.0,34079700.0,105750000.0
2016-01-06,124.50740814208984,429.1050109863281,1.0751993656158447,1091.9000244140625,47.41533660888672,16906.509765625,124.97376543758072,431.8559875488281,1.0772031545639038,1093.699951171875,47.72237595342799,17154.830078125,123.09937284622883,426.34100341796875,1.072199821472168,1081.5999755859375,47.055664434066266,16817.619140625,124.50740814208984,431.8559875488281,1.0751993656158447,1081.5999755859375,47.65219438446722,17154.830078125,4254100.0,34042500,0.0,52.0,39518900.0,120250000.0
2016-01-07,119.28780364990234,458.0480041503906,1.0778998136520386,1107.699951171875,45.76610565185547,16514.099609375,122.57021712433632,458.7659912109375,1.0875996351242065,1109.4000244140625,46.924078091914716,16888.359375,118.83938695726137,429.0769958496094,1.0774004459381104,1091.5999755859375,45.67838203881585,16463.630859375,122.31014146382479,430.010986328125,1.0777952671051025,1091.5999755859375,46.231050171001186,16888.359375,7013700.0,87562200,0.0,122.0,56564900.0,176240000.0
2016-01-08,116.57939910888672,453.2300109863281,1.0925976037979126,1097.800048828125,45.906463623046875,16346.4501953125,121.16221913678615,462.9339904785156,1.0928961038589478,1111.0999755859375,46.7398478925006,16651.890625,116.40899854336381,447.93798828125,1.0808006525039673,1093.0,45.74855846018511,16314.5703125,119.9066439450665,457.5379943847656,1.0927051305770874,1111.0999755859375,45.94155105645097,16519.169921875,5776900.0,56993000,0.0,98.0,48754000.0,141850000.0
2016-01-09,,447.6109924316406,,,,,,454.6400146484375,,,,,,446.8890075683594,,,,,,453.38299560546875,,,,,,32278000,,,,
2016-01-10,,447.9909973144531,,,,,,448.3089904785156,,,,,,440.35101318359375,,,,,,448.2380065917969,,,,,,35995900,,,,
2016-01-11,116.77669525146484,448.4280090332031,1.0941038131713867,1096.5,45.8801383972168,16398.5703125,117.48518769036133,450.6619873046875,1.0945948362350464,1107.9000244140625,46.36262485004298,16461.849609375,115.61977238106549,443.8550109863281,1.0852001905441284,1096.5,45.143248840493705,16232.0302734375,117.35066814012563,448.697998046875,1.093900442123413,1105.699951171875,46.06435994978743,16358.7099609375,5551500.0,40450000,0.0,43.0,36943800.0,127790000.0
2016-01-12,118.31026458740234,435.69000244140625,1.0857999324798584,1085.5999755859375,46.301231384277344,16516.220703125,118.53447294517514,448.1820068359375,1.0901999473571777,1098.5,46.58195097987472,16591.349609375,116.26548545928173,435.69000244140625,1.082399845123291,1084.0,45.66961396740402,16322.0703125,118.00534450513344,448.1820068359375,1.085894227027893,1093.800048828125,46.28368599124732,16419.109375,4171500.0,115607000,0.0,87.0,36095500.0,117480000.0
2016-01-13,114.90231323242188,432.3710021972656,1.0843987464904785,1087.5,45.30116653442383,16151.41015625,119.17124980691179,435.1860046386719,1.0883997678756714,1093.9000244140625,47.432883223125714,16593.509765625,114.57048918879262,424.4429931640625,1.0805997848510742,1081.5,45.00290155153924,16123.2001953125,119.00981264744732,434.6650085449219,1.0843987464904785,1081.5,47.19602544144312,16526.630859375,5073100.0,173888000,0.0,50.0,66883600.0,153530000.0
2016-01-14,115.87090301513672,430.3059997558594,1.0886012315750122,1073.9000244140625,46.59072494506836,16379.0498046875,116.6511575838526,433.3240051269531,1.0950000286102295,1091.5,46.86267016856868,16482.05078125,112.83063753698283,427.8450012207031,1.0839990377426147,1073.699951171875,45.239759811460296,16075.1201171875,116.22066758573511,432.2879943847656,1.0888028144836426,1091.5,45.61697739222672,16159.009765625,6517800.0,43945500,0.0,59.0,52381900.0,158830000.0
2016-01-15,112.66918182373047,364.33099365234375,1.085894227027893,1091.5,44.73094940185547,15988.080078125,114.0234022245953,430.2550048828125,1.0981999635696411,1095.800048828125,45.590653431952155,16354.330078125,111.66473275695589,364.33099365234375,1.0857763290405273,1081.800048828125,44.16073594023292,15842.1103515625,112.82164870761969,430.2550048828125,1.0857763290405273,1085.0,45.01166894856292,16354.330078125,6678400.0,153351008,0.0,44.0,71820700.0,239210000.0
2016-01-16,,387.5360107421875,,,,,,390.5570068359375,,,,,,354.91400146484375,,,,,,365.072998046875,,,,,,120352000,,,,
2016-01-17,,382.29901123046875,,,,,,390.9649963378906,,,,,,380.0920104980469,,,,,,387.1520080566406,,,,,,45319600,,,,
2016-01-18,,387.1679992675781,1.0920010805130005,,,,,388.10400390625,1.0927051305770874,,,,,376.6650085449219,1.0875996351242065,,,,,381.7330017089844,1.0919057130813599,,,,,54403900,0.0,,,
2016-01-19,113.0548324584961,380.14898681640625,1.0895025730133057,1089.9000244140625,44.353721618652344,16016.01953125,114.0951626362756,387.7300109863281,1.0910003185272217,1094.4000244140625,45.33623980474256,16171.9599609375,112.20284334299828,378.97198486328125,1.0861997604370117,1084.9000244140625,43.91509701012848,15900.25,113.95166598735561,387.0260009765625,1.0895025730133057,1089.800048828125,45.16078929204498,16009.4501953125,5478900.0,46819800,0.0,17.0,43564500.0,144360000.0
2016-01-20,109.53925323486328,420.2300109863281,1.09129798412323,1107.0999755859375,44.555503845214844,15766.740234375,112.05039000314203,425.2669982910156,1.0975996255874634,1109.800048828125,45.07308119495792,15989.4501953125,107.45859959685701,376.5989990234375,1.0892889499664307,1099.800048828125,43.07295001731211,15450.5595703125,111.2073642459361,379.739990234375,1.0911551713943481,1099.800048828125,43.84493053055157,15989.4501953125,7636600.0,121720000,0.0,30.0,63273000.0,191870000.0
2016-01-21,110.66925811767578,410.2619934082031,1.0877013206481934,1099.0999755859375,44.283546447753906,15882.6796875,112.98309024939734,422.87701416015625,1.0922002792358398,1103.5999755859375,45.248522733238346,16038.58984375,109.00114721734599,406.29998779296875,1.0781996250152588,1094.0999755859375,44.125641298246286,15704.66015625,110.1042486190596,419.6319885253906,1.0877013206481934,1103.5999755859375,44.73971650783808,15768.8701171875,5546200.0,68338000,0.0,16.0,40191200.0,145140000.0
2016-01-22,111.7544174194336,382.49200439453125,1.0862009525299072,1097.199951171875,45.871376037597656,16093.509765625,112.71402894297385,410.4100036621094,1.0864002704620361,1103.199951171875,45.90646681988636,16136.7900390625,110.59750144094737,375.2820129394531,1.0795987844467163,1097.199951171875,44.96780679909003,15921.099609375,111.58401687338095,409.7510070800781,1.0860947370529175,1098.0,45.09939555945208,15921.099609375,5259900.0,91546600,0.0,4.0,37555800.0,145850000.0
2016-01-23,,387.4909973144531,,,,,,394.5429992675781,,,,,,381.9809875488281,,,,,,382.4339904785156,,,,,,56247400,,,,
2016-01-24,,402.97100830078125,,,,,,405.4849853515625,,,,,,387.510009765625,,,,,,388.10198974609375,,,,,,54824800,,,,
2016-01-25,111.21631622314453,391.72601318359375,1.079901933670044,1106.199951171875,45.432743072509766,15885.2197265625,112.31941751683554,402.3169860839844,1.0850000381469727,1109.300048828125,46.187178022917145,16086.4599609375,110.66924728024875,388.5539855957031,1.079202651977539,1099.300048828125,45.30992870317658,15880.150390625,111.74544466564917,402.3169860839844,1.079901933670044,1099.300048828125,45.564328462606504,16086.4599609375,4551600.0,59062400,0.0,8.0,34707700.0,123250000.0
2016-01-26,114.80364990234375,392.15301513671875,1.0853049755096436,1121.699951171875,45.76610565185547,16167.23046875,114.92920604331275,397.7659912109375,1.0879995822906494,1121.699951171875,46.00296342279204,16185.7900390625,111.65576928509691,390.57501220703125,1.082000494003296,1114.300048828125,45.222211888838885,15893.16015625,112.08625237005955,392.00201416015625,1.0853756666183472,1115.0999755859375,45.432753245151844,15893.16015625,5432600.0,58147000,0.0,181.0,28900800.0,118210000.0
2016-01-27,104.55286407470703,394.97198486328125,1.0864958763122559,1116.0999755859375,44.932708740234375,15944.4599609375,107.7186856286521,396.8429870605469,1.091200351715088,1117.800048828125,45.79241262440901,16235.0302734375,103.15379898795277,391.7820129394531,1.0853049755096436,1115.800048828125,44.75725821671212,15878.2998046875,107.5303513913058,392.4440002441406,1.0864014625549316,1117.800048828125,45.625733121164686,16168.740234375,27945900.0,47424400,0.0,168706.0,36775200.0,138350000.0
2016-01-28,105.8353271484375,380.28900146484375,1.090798020362854,1115.5999755859375,45.669612884521484,16069.6396484375,105.85326080848743,395.50201416015625,1.0950000286102295,1125.699951171875,45.80119830946433,16102.1396484375,103.18966412062778,379.7349853515625,1.0870002508163452,1109.800048828125,44.959039542640824,15863.7197265625,105.01920534907984,395.14599609375,1.0904054641723633,1125.4000244140625,45.494162304822886,15960.2802734375,10708400.0,59247900,0.0,52861.0,62513800.0,130120000.0
2016-01-29,107.73661041259766,379.4739990234375,1.0936970710754395,1116.4000244140625,48.32767868041992,16466.30078125,107.78145482639805,384.3789978027344,1.0947147607803345,1118.5999755859375,48.32767868041992,16466.30078125,105.84429110080876,365.4519958496094,1.082000494003296,1108.800048828125,47.37147652050031,16090.259765625,105.95191358855158,380.1080017089844,1.0936970710754395,1114.4000244140625,48.01186830151928,16090.259765625,9195700.0,86125296,0.0,6955.0,83611700.0,217940000.0
2016-01-30,,378.2550048828125,,,,,,380.9169921875,,,,,,376.4909973144531,,,,,,378.864990234375,,,,,,30284400,,,,
2016-01-31,,368.7669982910156,,,,,,380.34698486328125,,,,,,367.8349914550781,,,,,,378.2929992675781,,,,,,37894300,,,,
2016-02-01,109.01908111572266,373.0559997558594,1.0825908184051514,1127.9000244140625,47.99431228637695,16449.1796875,109.67377259962083,378.0719909667969,1.091200351715088,1130.0,48.32766798437505,16510.98046875,106.40929911581719,367.9570007324219,1.0826259851455688,1115.300048828125,47.81009072160463,16299.4697265625,107.29716238977505,369.3500061035156,1.0826259851455688,1116.699951171875,48.143446419602725,16453.630859375,6812800.0,51656700,0.0,1682.0,44208500.0,114450000.0
2016-02-02,105.3958740234375,374.447998046875,1.0897282361984253,1127.300048828125,46.49422073364258,16153.5400390625,107.87113649590054,375.88299560546875,1.0939997434616089,1131.4000244140625,47.59955356544227,16420.2109375,105.26135446702392,372.9200134277344,1.0895264148712158,1123.0,46.1871847654874,16108.4404296875,107.34200799454878,372.9200134277344,1.0898945331573486,1128.300048828125,47.52060098128222,16420.2109375,8646700.0,40378700,0.0,1230.0,56313800.0,126210000.0
2016-02-03,109.2970962524414,369.9490051269531,1.0922038555145264,1141.300048828125,45.757328033447266,16336.66015625,109.53026802562864,374.95001220703125,1.107800006866455,1146.0,46.8363443812184,16381.6904296875,105.06404122573757,368.0450134277344,1.0906004905700684,1125.0,44.967802244131384,15960.4501953125,106.54381780345427,374.64599609375,1.0922038555145264,1128.5,46.713530002089456,16186.2001953125,7361900.0,45933400,0.0,1630.0,57559800.0,141870000.0
2016-02-04,110.85759735107422,389.593994140625,1.1091023683547974,1157.5999755859375,45.616973876953125,16416.580078125,112.02348372074766,391.6080017089844,1.1238000392913818,1157.5999755859375,46.32754717475529,16485.83984375,108.6244836934105,369.9930114746094,1.107200264930725,1141.0,45.06430575644033,16266.16015625,108.6244836934105,370.17401123046875,1.1092008352279663,1142.5,45.70469748813999,16329.669921875,5837000.0,69285504,0.0,771.0,46987100.0,131490000.0
2016-02-05,109.91590881347656,386.54901123046875,1.119996428489685,1157.800048828125,44.002830505371094,16204.9697265625,111.35981125964331,391.093994140625,1.1217050552368164,1174.800048828125,45.61696956219884,16423.630859375,108.54375468766136,385.5719909667969,1.1110000610351562,1146.0,43.47648219515287,16129.8095703125,110.87552036071504,388.89801025390625,1.119996428489685,1155.5999755859375,45.564333392600645,16417.94921875,6186700.0,43825000,0.0,877.0,62009000.0,139010000.0
2016-02-06,,376.5220031738281,,,,,,386.6310119628906,,,,,,372.3869934082031,,,,,,386.5889892578125,,,,,,49249300,,,,
2016-02-07,,376.6199951171875,,,,,,380.8710021972656,,,,,,374.90301513671875,,,,,,376.5140075683594,,,,,,37076300,,,,
2016-02-08,107.14470672607422,373.4469909667969,1.114504098892212,1197.9000244140625,43.34489440917969,16027.0498046875,108.81281769845364,379.8789978027344,1.1190000772476196,1200.4000244140625,43.48525418479151,16147.509765625,105.15373512405381,373.3340148925781,1.108799934387207,1165.0,42.274649028613936,15803.5498046875,108.22090426334614,376.7569885253906,1.1147029399871826,1173.5,43.4677087945349,16147.509765625,6453600.0,47671100,0.0,931.0,59290500.0,165880000.0
2016-02-09,106.61557006835938,376.02899169921875,1.1189812421798706,1198.699951171875,43.23085403442383,16014.3798828125,107.60209244819247,377.2460021972656,1.1313996315002441,1199.199951171875,44.0730160927572,16136.6201171875,105.31516415646591,372.89801025390625,1.1164003610610962,1186.699951171875,42.695731307146154,15881.1103515625,105.80842534638246,373.4230041503906,1.1190940141677856,1188.699951171875,43.00277063820185,16005.41015625,4137600.0,55318500,0.0,700.0,46740500.0,127740000.0
2016-02-10,105.32122039794922,381.64898681640625,1.1289994716644287,1194.699951171875,43.60806655883789,15914.740234375,108.12712982398585,385.4830017089844,1.1309019327163696,1197.699951171875,44.204596414284985,16201.8896484375,105.23975488037095,375.7829895019531,1.1166322231292725,1182.0999755859375,43.44139037874918,15899.91015625,106.9504616933837,376.14599609375,1.1289994716644287,1189.800048828125,43.76597171742335,16035.6103515625,4888600.0,85130896,0.0,671.0,38237000.0,122290000.0
2016-02-11,98.15259552001953,379.65399169921875,1.128095269203186,1247.9000244140625,43.59050750732422,15660.1796875,102.64205303530284,383.1300048828125,1.1368002891540527,1260.800048828125,43.95895387735938,15897.8203125,92.41405041686443,376.39898681640625,1.1276004314422607,1204.5999755859375,42.55535327945185,15503.009765625,102.44292272966445,382.114013671875,1.1284006834030151,1205.5999755859375,42.704487369792695,15897.8203125,33735600.0,74375600,0.0,995.0,48878600.0,172070000.0
2016-02-12,98.3245620727539,384.26300048828125,1.1317979097366333,1239.0999755859375,44.301090240478516,15973.83984375,99.41977180392661,384.9540100097656,1.133375644683838,1247.800048828125,44.45899538429843,15974.0400390625,95.0389328792358,379.6000061035156,1.122999906539917,1233.5,43.643153256709034,15691.6201171875,95.14755128854755,379.6860046386719,1.131733775138855,1247.800048828125,44.08177791255535,15691.6201171875,12973400.0,67042800,0.0,250.0,34243300.0,132550000.0
2016-02-13,,391.8599853515625,,,,,,391.8599853515625,,,,,,384.6409912109375,,,,,,384.6409912109375,,,,,,61911700,,,,
2016-02-14,,407.2300109863281,,,,,,407.2300109863281,,,,,,392.9320068359375,,,,,,392.9320068359375,,,,,,74469800,,,,
2016-02-15,,400.18499755859375,1.1225990056991577,,,,,410.3810119628906,1.1239490509033203,,,,,397.7489929199219,1.112999439239502,,,,,407.5679931640625,1.1225990056991577,,,,,74070496,0.0,,,
2016-02-16,101.91792297363281,407.4880065917969,1.1174057722091675,1207.9000244140625,45.14046096801758,16196.41015625,102.0627474952256,408.94500732421875,1.1192004680633545,1233.5999755859375,45.14046096801758,16196.41015625,98.65944719954126,401.4320068359375,1.112999439239502,1193.5999755859375,44.29225581881921,16012.3896484375,99.32019699448509,401.4320068359375,1.117817997932434,1233.0999755859375,44.97258808550988,16012.3896484375,7587700.0,73093104,0.0,422.0,37291200.0,142030000.0
2016-02-17,105.30311584472656,416.3219909667969,1.1147029399871826,1211.0999755859375,46.31558609008789,16453.830078125,105.74663575907611,421.1669921875,1.1180005073547363,1212.9000244140625,46.62482992270401,16486.119140625,103.1760557678413,406.78399658203125,1.1108001470565796,1196.5,45.458546793363126,16217.98046875,103.21226189792779,407.656005859375,1.1146035194396973,1196.5,45.49388952345667,16217.98046875,6619600.0,83193600,0.0,53.0,40789000.0,124080000.0
2016-02-18,106.41644287109375,422.37298583984375,1.112297534942627,1226.0999755859375,46.112361907958984,16413.4296875,107.01383372068024,425.9960021972656,1.115200161933899,1239.199951171875,46.78386017350495,16511.83984375,105.61087538406754,415.63800048828125,1.1074001789093018,1201.5999755859375,46.032842465209264,16390.4296875,105.81905892712118,416.5719909667969,1.1121985912322998,1209.5999755859375,46.2360614403778,16483.759765625,6489000.0,76752600,0.0,315.0,27176000.0,104950000.0
2016-02-19,104.23506164550781,420.7850036621094,1.1110987663269043,1230.4000244140625,45.785457611083984,16391.990234375,106.199197506204,423.10400390625,1.1150000095367432,1232.800048828125,46.191888886794004,16410.9609375,103.56525862583884,417.60400390625,1.1067994832992554,1221.800048828125,45.52922787925751,16278.0,106.18109098912488,422.7300109863281,1.1110000610351562,1230.800048828125,45.917991160778556,16410.9609375,6920600.0,55711300,0.0,76.0,33559100.0,134340000.0
2016-02-20,,437.16400146484375,,,,,,441.9840087890625,,,,,,421.60101318359375,,,,,,421.60101318359375,,,,,,93992096,,,,
2016-02-21,,438.7980041503906,,,,,,448.0459899902344,,,,,,429.0769958496094,,,,,,437.77301025390625,,,,,,89820704,,,,
2016-02-22,106.25350952148438,437.74798583984375,1.1123965978622437,1209.5,46.51880645751953,16620.66015625,107.68362060822774,439.0450134277344,1.1124955415725708,1226.0999755859375,46.82804692867248,16664.240234375,104.2350678015687,432.9169921875,1.1006003618240356,1203.0,46.191891250336866,16417.130859375,104.2350678015687,438.989013671875,1.1123965978622437,1226.0999755859375,46.191891250336866,16417.130859375,4930300.0,85385200,0.0,280.0,25008300.0,102240000.0
2016-02-23,105.80999755859375,420.7359924316406,1.102803349494934,1222.300048828125,45.21998596191406,16431.779296875,107.25820827228675,439.8580017089844,1.1051994562149048,1226.0999755859375,46.271406846509784,16610.390625,104.9320178712136,417.8210144042969,1.0991994142532349,1207.4000244140625,45.04327569152394,16403.529296875,105.8733565615174,438.2550048828125,1.1027060747146606,1207.4000244140625,46.244901485615095,16610.390625,3762300.0,85244896,0.0,351.0,28895300.0,98170000.0
2016-02-24,104.62428283691406,424.9549865722656,1.1027060747146606,1238.699951171875,45.37902069091797,16484.990234375,104.9591844134802,425.54998779296875,1.1040000915527344,1250.0999755859375,45.50271685766396,16507.390625,101.83647943956318,413.9070129394531,1.0959985256195068,1230.0,44.35410526156405,16165.8603515625,104.42515944865737,420.95599365234375,1.1024993658065796,1230.0,44.787041845175025,16418.83984375,6859300.0,67743696,0.0,111.0,33014500.0,93620000.0
2016-02-25,105.73758697509766,424.54400634765625,1.1013944149017334,1238.199951171875,46.03285217285156,16697.2890625,106.44358927763,427.718994140625,1.105000376701355,1241.5,46.03285217285156,16697.98046875,104.79624826985003,420.4150085449219,1.0991994142532349,1235.0,44.71636746249525,16458.419921875,105.31217356059393,425.0369873046875,1.1014914512634277,1239.4000244140625,45.70594033725862,16504.380859375,4667100.0,70798000,0.0,1349.0,26939500.0,94120000.0
2016-02-26,106.95046997070312,432.1520080566406,1.1024993658065796,1219.800048828125,45.32601547241211,16639.970703125,108.11808493291556,432.1520080566406,1.107000470161438,1239.0999755859375,46.545312756926464,16795.98046875,106.35307914760502,421.6199951171875,1.0926001071929932,1212.199951171875,45.149305183712166,16623.91015625,106.57936229472759,424.6289978027344,1.1024993658065796,1232.4000244140625,46.47462729325912,16712.69921875,3757800.0,61486000,0.0,656.0,35975900.0,98480000.0
2016-02-27,,432.5190124511719,,,,,,434.2309875488281,,,,,,428.1029968261719,,,,,,432.8389892578125,,,,,,41893600,,,,
2016-02-28,,433.5039978027344,,,,,,435.6830139160156,,,,,,423.82000732421875,,,,,,432.5710144042969,,,,,,53033400,,,,
2016-02-29,106.96857452392578,437.6969909667969,1.0923947095870972,1233.9000244140625,44.95492172241211,16516.5,108.13619644567387,441.5069885253906,1.0962003469467163,1241.0,45.635254064753184,16726.119140625,106.35308405910386,431.6929931640625,1.0864002704620361,1218.5999755859375,44.76054009018093,16510.400390625,106.91426877590483,433.43798828125,1.0925976037979126,1218.5999755859375,45.37018697699503,16634.150390625,4569700.0,60694700,0.0,580.0,31654000.0,126220000.0
2016-03-01,108.57970428466797,435.12298583984375,1.0888975858688354,1230.300048828125,46.45695495605469,16865.080078125,109.51198974418078,439.65301513671875,1.0894005298614502,1248.4000244140625,46.46578895295329,16865.560546875,107.031928389902,432.3190002441406,1.0838005542755127,1229.0,44.99026205624666,16545.669921875,107.71983108944697,437.9169921875,1.0886961221694946,1240.5,45.03444215214399,16545.669921875,4595400.0,74895800,0.0,477.0,33024500.0,105050000.0
2016-03-02,108.29911804199219,423.989013671875,1.0875948667526245,1241.0999755859375,46.78386688232422,16899.3203125,109.29476253071445,435.9169921875,1.0879995822906494,1242.5999755859375,46.79270087924426,16900.169921875,107.25821416057691,423.989013671875,1.0826002359390259,1226.0,46.08586315925697,16766.3203125,108.28101152266947,435.1310119628906,1.0877013206481934,1232.800048828125,46.30675015740725,16851.169921875,4292500.0,74955296,0.0,267.0,29289900.0,104470000.0
2016-03-03,108.26290130615234,421.6510009765625,1.086897373199463,1257.4000244140625,46.25373458862305,16943.900390625,108.37151969460969,425.37298583984375,1.0937999486923218,1267.9000244140625,46.801536753293576,16944.310546875,107.03192052608824,419.4110107421875,1.0855995416641235,1238.0,45.75011251854737,16820.73046875,107.56594539837401,423.9119873046875,1.0870037078857422,1238.4000244140625,46.801536753293576,16896.169921875,3404600.0,100484000,0.0,123.0,24427800.0,91110000.0
2016-03-04,109.58440399169922,410.9389953613281,1.094894528388977,1269.9000244140625,45.970985412597656,17006.76953125,110.63436112609143,425.1780090332031,1.1040000915527344,1279.9000244140625,46.3420771964971,17062.380859375,108.48014111091214,410.9389953613281,1.090800404548645,1250.9000244140625,45.68825042032521,16898.83984375,108.76978326770762,421.83599853515625,1.0947985649108887,1263.0,46.29790048591708,16945.0,4421500.0,90856096,0.0,268.0,33034200.0,106910000.0
2016-03-05,,400.57000732421875,,,,,,411.2569885253906,,,,,,394.0350036621094,,,,,,410.781005859375,,,,,,135384992,,,,
2016-03-06,,407.7070007324219,,,,,,411.9070129394531,,,,,,395.77801513671875,,,,,,400.5249938964844,,,,,,91212496,,,,
2016-03-07,111.24080657958984,414.3210144042969,1.0993964672088623,1263.199951171875,45.08744812011719,17073.94921875,111.62096064383198,415.9169921875,1.0999042987823486,1272.300048828125,45.767780405485986,17099.25,109.13184580009084,406.3089904785156,1.0941996574401855,1259.699951171875,44.68985426271126,16940.48046875,109.34002935276492,407.7569885253906,1.0993964672088623,1259.800048828125,45.55573079759852,16991.2890625,4504700.0,85762400,0.0,67.0,38407800.0,100290000.0
2016-03-08,110.74297332763672,413.97198486328125,1.1016006469726562,1262.0999755859375,45.635257720947266,16964.099609375,111.30415803122555,416.2430114746094,1.1060001850128174,1276.300048828125,46.05936037668322,17072.7890625,109.80163458562338,411.093994140625,1.1006003618240356,1261.0,44.70752958040229,16921.509765625,110.40807868190676,414.4649963378906,1.1013944149017334,1268.699951171875,44.88423986290935,17050.669921875,5257300.0,70311696,0.0,43.0,33835100.0,108380000.0
2016-03-09,111.20458984375,414.8599853515625,1.1004005670547485,1256.5999755859375,46.686668395996094,17000.359375,111.56664425854129,416.0320129394531,1.1015156507492065,1260.0,46.69550239146523,17048.5,110.45332814154045,411.6059875488281,1.0947985649108887,1244.800048828125,45.820791909915606,16947.939453125,110.77012316487775,413.8940124511719,1.1001946926116943,1254.5,45.84729726679058,16969.169921875,3380300.0,70012304,0.0,79.0,28251600.0,116690000.0
2016-03-10,111.2770004272461,417.1310119628906,1.0989010334014893,1272.0,45.98867416381836,16995.130859375,112.07351460326653,417.5119934082031,1.1160004138946533,1273.0,46.77503136913022,17130.109375,109.9102483122171,413.2510070800781,1.0827666521072388,1237.5,45.2023169585065,16821.859375,111.45802417910099,414.7439880371094,1.0986958742141724,1250.0,46.76619737185999,17006.05078125,4111300.0,81022896,0.0,119.0,38387800.0,117570000.0
2016-03-11,112.8066635131836,421.69000244140625,1.1178430318832397,1258.699951171875,46.889888763427734,17213.310546875,113.59413129182492,423.9259948730469,1.12100088596344,1280.699951171875,46.889888763427734,17220.08984375,112.10971451105809,417.01300048828125,1.1083770990371704,1249.4000244140625,46.280241900051976,17014.990234375,112.35409725305679,417.2380065917969,1.1179054975509644,1270.0,46.82804067745344,17014.990234375,3260100.0,73969696,0.0,87.0,32275700.0,123420000.0
2016-03-12,,411.6239929199219,,,,,,421.7950134277344,,,,,,410.093994140625,,,,,,421.6050109863281,,,,,,92712896,,,,
2016-03-13,,414.06500244140625,,,,,,416.60400390625,,,,,,411.6419982910156,,,,,,411.64801025390625,,,,,,74322800,,,,
2016-03-14,114.35444641113281,416.43798828125,1.1167943477630615,1244.4000244140625,46.978248596191406,17229.130859375,114.95183722637383,416.6839904785156,1.1168005466461182,1258.0,47.34934053295921,17275.0703125,112.10972148834405,414.20098876953125,1.1095995903015137,1234.5,46.50113520673045,17161.16015625,112.17308049248051,414.20098876953125,1.1162956953048706,1256.0,46.57181729868201,17207.490234375,4283400.0,95259400,0.0,58.0,24083600.0,96350000.0
2016-03-15,114.37255096435547,416.8299865722656,1.1101982593536377,1230.4000244140625,47.34933853149414,17251.529296875,114.38160422353754,418.1310119628906,1.112999439239502,1236.0,47.34933853149414,17251.69921875,112.42651457701564,414.9849853515625,1.1074001789093018,1228.0,46.59832406260409,17120.349609375,113.63939579971647,416.38800048828125,1.1101982593536377,1228.300048828125,46.60715805979899,17217.150390625,3717500.0,66781700,0.0,37.0,21104800.0,92830000.0
2016-03-16,115.4677734375,417.010986328125,1.1109012365341187,1229.300048828125,48.02083206176758,17325.759765625,115.97465242413591,417.6860046386719,1.1110987663269043,1263.800048828125,48.24171905997344,17379.1796875,113.82043226856523,415.9119873046875,1.1057995557785034,1228.9000244140625,47.181464164959785,17204.0703125,114.26394533945923,416.88800048828125,1.1110000610351562,1229.5,47.225640890507336,17249.33984375,5154700.0,65185800,0.0,45.0,31691700.0,118710000.0
2016-03-17,118.30082702636719,420.6210021972656,1.1218937635421753,1264.5,48.29472732543945,17481.490234375,119.11545464600144,420.99700927734375,1.1344043016433716,1270.0999755859375,48.59513374156968,17529.009765625,115.3319932291487,417.8890075683594,1.1207997798919678,1255.9000244140625,47.711585855359324,17297.650390625,115.92033770075575,417.8890075683594,1.1217050552368164,1261.5,47.89713010255125,17321.380859375,5801000.0,83528600,0.0,27.0,28223900.0,117990000.0
2016-03-18,121.25159454345703,409.5480041503906,1.1317979097366333,1253.800048828125,47.260982513427734,17602.30078125,121.90327744548505,420.5469970703125,1.1339025497436523,1264.4000244140625,48.568633107756845,17620.580078125,118.581441765776,406.1369934082031,1.1258002519607544,1251.5,47.22563978562932,17481.490234375,118.78963225142124,420.5469970703125,1.1315417289733887,1257.0999755859375,48.524453012774806,17481.490234375,9108400.0,104940000,0.0,542.0,67625500.0,321230000.0
2016-03-19,,410.4440002441406,,,,,,410.9840087890625,,,,,,407.2300109863281,,,,,,409.2650146484375,,,,,,58423000,,,,
2016-03-20,,413.7550048828125,,,,,,414.625,,,,,,410.4010009765625,,,,,,410.4010009765625,,,,,,45947900,,,,
2016-03-21,122.97129821777344,413.3070068359375,1.1279042959213257,1243.800048828125,47.587894439697266,17623.869140625,123.80401843479778,413.4179992675781,1.1289994716644287,1256.199951171875,47.64974252826683,17644.970703125,120.73561990668262,410.3810119628906,1.1238000392913818,1243.4000244140625,46.76619455388097,17551.279296875,120.79898580912084,413.4179992675781,1.1275991201400757,1256.199951171875,47.048929636047,17589.69921875,5671400.0,61655400,0.0,1061.0,23925700.0,84410000.0
2016-03-22,122.30152893066406,418.0889892578125,1.1235954761505127,1248.199951171875,47.7734375,17582.5703125,123.18856894197273,418.375,1.126199722290039,1252.4000244140625,47.93247640101407,17648.939453125,121.9937871199958,412.531005859375,1.1191942691802979,1243.800048828125,47.23447270994875,17540.419921875,122.3196354522414,413.1319885253906,1.1236965656280518,1244.0,47.36700625094979,17602.7109375,4989000.0,66813300,0.0,20.0,23124100.0,95450000.0
2016-03-23,120.25589752197266,418.0409851074219,1.122296690940857,1223.699951171875,47.685089111328125,17502.58984375,122.19288040708786,419.26800537109375,1.122296690940857,1247.699951171875,47.92364748815509,17588.810546875,120.1472860478695,417.364013671875,1.1165997982025146,1218.5999755859375,47.48187346524627,17486.26953125,122.1838340546543,418.1610107421875,1.122296690940857,1247.699951171875,47.80878529846767,17588.810546875,4361200.0,61444200,0.0,28.0,20129000.0,84240000.0
2016-03-24,119.58611297607422,416.3940124511719,1.118105411529541,1221.4000244140625,47.89714050292969,17515.73046875,119.68567811309433,418.67999267578125,1.1190000772476196,1221.4000244140625,48.003168699034624,17517.140625,117.69438918391934,415.4859924316406,1.1149640083312988,1214.199951171875,47.47303782991524,17399.009765625,119.12450032874128,418.42401123046875,1.1182055473327637,1214.199951171875,47.57022865777722,17485.330078125,4573100.0,68346704,0.0,13.0,19950000.0,84100000.0
2016-03-25,,417.177001953125,1.1167943477630615,,,,,418.0799865722656,1.1177055835723877,,,,,415.5580139160156,1.1156729459762573,,,,,416.50799560546875,1.1166945695877075,,,,,52560000,0.0,,,
2016-03-26,,417.94500732421875,,,,,,418.98699951171875,,,,,,416.2590026855469,,,,,,417.364990234375,,,,,,44650400,,,,
2016-03-27,,426.7650146484375,,,,,,428.7969970703125,,,,,,417.71099853515625,,,,,,418.1400146484375,,,,,,71229400,,,,
2016-03-28,118.83484649658203,424.2309875488281,1.1159967184066772,1219.9000244140625,47.30515670776367,17535.390625,120.0386744462804,426.85699462890625,1.1218056678771973,1222.199951171875,47.967817651434544,17583.810546875,118.16505724829352,423.2929992675781,1.115536093711853,1210.0,47.11961245244811,17493.029296875,119.95721583141719,426.5480041503906,1.1159967184066772,1211.5,47.89713219961841,17526.080078125,3352200.0,68522800,0.0,33.0,17025100.0,70460000.0
2016-03-29,118.46375274658203,416.5159912109375,1.1202723979949951,1235.5999755859375,48.33891296386719,17633.109375,118.5089983251706,426.2030029296875,1.122399926185608,1235.5999755859375,48.47144651943739,17642.810546875,116.01988380882568,412.6809997558594,1.1170001029968262,1217.699951171875,47.22564390485712,17434.26953125,117.51336080536863,424.3039855957031,1.1200968027114868,1217.800048828125,47.41118818628075,17512.580078125,4910200.0,75411504,0.0,189732.0,23924300.0,86160000.0
2016-03-30,116.38195037841797,414.8160095214844,1.12920343875885,1226.9000244140625,48.639320373535156,17716.66015625,120.13824511207329,416.8340148925781,1.1361995935440063,1245.0,49.16061386744746,17790.109375,115.87507833651269,412.4960021972656,1.1287955045700073,1223.4000244140625,48.50679018587714,17652.359375,119.0068293716678,416.8340148925781,1.1290122270584106,1241.4000244140625,48.53329554931507,17652.359375,5949000.0,66034100,0.0,48248.0,23008300.0,79330000.0
2016-03-31,114.89752197265625,416.72900390625,1.1334655284881592,1234.199951171875,48.798343658447266,17685.08984375,116.20091498486707,418.3689880371094,1.1410002708435059,1239.5999755859375,49.116421399652964,17755.69921875,113.36784583502622,415.2569885253906,1.1311999559402466,1224.5,48.47143192241577,17669.720703125,115.93841882509426,415.2569885253906,1.1334012746810913,1225.5999755859375,48.550951357717196,17716.05078125,8758300.0,60215200,0.0,3377.0,26360500.0,102600000.0
2016-04-01,114.91563415527344,417.9599914550781,1.1379671096801758,1222.199951171875,49.098758697509766,17792.75,115.03329890734256,418.1730041503906,1.1437996625900269,1235.199951171875,49.13410142397984,17811.48046875,113.24114022511466,415.83099365234375,1.1341983079910278,1209.199951171875,48.21521075856524,17568.01953125,114.25489122391144,416.760009765625,1.1379023790359497,1232.300048828125,48.63931336480246,17661.740234375,5328000.0,51235700,0.0,1602.0,24399200.0,104890000.0
2016-04-02,,420.87298583984375,,,,,,422.08099365234375,,,,,,418.4219970703125,,,,,,418.4219970703125,,,,,,45681200,,,,
2016-04-03,,420.90399169921875,,,,,,421.5799865722656,,,,,,419.6969909667969,,,,,,421.1730041503906,,,,,,38053700,,,,
2016-04-04,114.35444641113281,421.4440002441406,1.1390039920806885,1218.0,48.975067138671875,17737.0,115.82981693056004,422.3429870605469,1.1412007808685303,1222.300048828125,49.17828277931542,17806.380859375,113.93808625457706,419.60101318359375,1.1359995603561401,1215.0,48.59514121950014,17710.669921875,114.53547706981806,421.29901123046875,1.1397050619125366,1221.699951171875,48.975067138671875,17799.390625,5036500.0,50634300,0.0,2038.0,18928800.0,85230000.0
2016-04-05,114.97898864746094,424.0299987792969,1.1389002799987793,1228.4000244140625,48.206382751464844,17603.3203125,116.39099323931528,424.2569885253906,1.140706181526184,1236.699951171875,48.86020642005447,17718.029296875,113.66654919022335,420.614013671875,1.134000301361084,1215.4000244140625,48.118025924311965,17579.560546875,114.1824744761404,421.0169982910156,1.1387057304382324,1215.4000244140625,48.76301559542048,17718.029296875,4660100.0,60718000,0.0,477.0,19272300.0,115230000.0
2016-04-06,115.79359436035156,423.4129943847656,1.138200283050537,1222.5,48.70116424560547,17716.05078125,115.89315257647789,424.5270080566406,1.142799735069275,1230.4000244140625,48.77184970260191,17723.55078125,113.82040534729131,422.72900390625,1.133144497871399,1217.5999755859375,47.89713570984552,17542.5390625,115.09664541379195,424.28399658203125,1.138096570968628,1230.4000244140625,48.0296692564798,17605.44921875,3998000.0,59091000,0.0,248.0,21188700.0,99410000.0
2016-04-07,114.95184326171875,422.7449951171875,1.1404979228973389,1236.199951171875,48.11801528930664,17541.9609375,116.70780276228476,423.6570129394531,1.145304799079895,1242.9000244140625,48.51561249744714,17687.279296875,114.55358269731478,420.51800537109375,1.134000301361084,1224.5999755859375,47.914799687472076,17484.23046875,114.95184326171875,423.6199951171875,1.1399649381637573,1224.800048828125,48.48026977439741,17687.279296875,4596300.0,57858600,0.0,375.0,19225100.0,90120000.0
2016-04-08,115.74834442138672,420.3489990234375,1.1373976469039917,1242.5,48.08267593383789,17576.9609375,117.68533437153117,425.3609924316406,1.14199960231781,1242.800048828125,48.84252768028713,17694.509765625,115.50396167892906,419.635009765625,1.1350003480911255,1232.0,47.99432249049312,17528.16015625,115.89316203398045,422.9070129394531,1.1369062662124634,1241.0,48.30356291266766,17555.390625,3939800.0,63454700,0.0,409.0,22167200.0,79990000.0
2016-04-09,,419.4110107421875,,,,,,420.8909912109375,,,,,,416.5150146484375,,,,,,420.8110046386719,,,,,,49792700,,,,
2016-04-10,,421.5639953613281,,,,,,422.43499755859375,,,,,,419.2569885253906,,,,,,419.5920104980469,,,,,,73478600,,,,
2016-04-11,115.77550506591797,422.4830017089844,1.1403028964996338,1256.699951171875,47.985496520996094,17556.41015625,117.57670995892713,422.739013671875,1.1450005769729614,1258.699951171875,48.72767702882914,17731.630859375,115.56732154583781,420.5329895019531,1.1374363899230957,1241.5,47.97665915290268,17555.900390625,116.08324681099549,421.87200927734375,1.140706181526184,1241.5,48.144535441993774,17586.48046875,3611700.0,50747500,0.0,437.0,21414200.0,107100000.0
2016-04-12,117.1875228881836,425.19000244140625,1.141291856765747,1259.4000244140625,48.285892486572266,17721.25,118.01119689742366,427.2770080566406,1.1463998556137085,1261.699951171875,48.40075128303757,17744.4296875,114.66220201799167,422.8429870605469,1.1353057622909546,1253.699951171875,47.499532050381035,17553.5703125,115.51302890127457,422.8429870605469,1.1412137746810913,1260.0,48.03849679083454,17571.33984375,4239200.0,70728800,0.0,185.0,24944300.0,81020000.0
2016-04-13,118.69908905029297,423.7340087890625,1.138498306274414,1246.800048828125,48.90437698364258,17908.279296875,119.02493733994649,426.6579895019531,1.1393024921417236,1256.9000244140625,48.98389643282199,17918.349609375,117.49526103049602,422.9159851074219,1.1273995637893677,1241.300048828125,48.49794574137797,17741.66015625,118.11075838260932,425.6319885253906,1.1386020183563232,1256.5,48.70116136251028,17741.66015625,3514800.0,69060400,0.0,203.0,20818000.0,91710000.0
2016-04-14,118.4366226196289,424.2820129394531,1.1279042959213257,1225.0,48.91321563720703,17926.4296875,119.43226033063415,425.3710021972656,1.1293998956680298,1243.699951171875,49.107597267085275,17962.140625,118.14697351816818,423.01300048828125,1.1236006021499634,1224.5,48.656985919725344,17885.439453125,119.02495336653068,423.93499755859375,1.128006100654602,1231.4000244140625,48.78951946200014,17912.25,4527600.0,45281000,0.0,264.0,20877100.0,84510000.0
2016-04-15,118.69002532958984,429.7130126953125,1.1270017623901367,1233.0999755859375,49.16944122314453,17897.4609375,119.11543869581403,429.9280090332031,1.1318004131317139,1235.0,49.407996186445416,17937.650390625,118.28270466870146,424.427001953125,1.124758243560791,1225.699951171875,48.692324555607364,17867.41015625,118.5270943029894,424.427001953125,1.1265066862106323,1225.699951171875,48.86019744064405,17925.94921875,5008700.0,54801500,0.0,97.0,28793800.0,118160000.0
2016-04-16,,430.5719909667969,,,,,,432.625,,,,,,428.9840087890625,,,,,,429.57501220703125,,,,,,39392800,,,,
2016-04-17,,427.39898681640625,,,,,,431.3710021972656,,,,,,426.0790100097656,,,,,,430.635986328125,,,,,,52125900,,,,
2016-04-18,119.45035552978516,428.59100341796875,1.1299946308135986,1233.5999755859375,49.8851203918457,18004.16015625,119.70379156392586,429.27398681640625,1.133199691772461,1241.0999755859375,49.99998257815737,18009.529296875,117.95689219922549,427.08599853515625,1.1274974346160889,1232.199951171875,48.7806853670326,17848.220703125,118.69004742736308,427.6109924316406,1.130096673965454,1238.699951171875,49.02808110450913,17890.19921875,3056000.0,55670900,0.0,304.0,23786000.0,89390000.0
2016-04-19,120.09298706054688,435.5090026855469,1.1309019327163696,1253.0,49.8232536315918,18053.599609375,121.15200435926593,436.0199890136719,1.1386020183563232,1256.199951171875,50.15900269706273,18103.4609375,119.66758744373573,428.10400390625,1.1305055618286133,1228.800048828125,49.19593558146298,17984.4296875,119.99343573305832,428.7030029296875,1.1310042142868042,1231.5999755859375,50.03530655990685,18012.099609375,2931000.0,52810500,0.0,386.0,29596800.0,89820000.0
2016-04-20,118.18316650390625,441.3890075683594,1.1359634399414062,1253.199951171875,49.116432189941406,18096.26953125,118.89821515853465,443.0539855957031,1.1385993957519531,1256.0999755859375,49.92046071441683,18167.630859375,116.30048909761979,434.406005859375,1.1322002410888672,1243.0,49.028078740404,18031.2109375,116.35479484211979,435.3240051269531,1.1358860731124878,1256.0999755859375,49.73491644810744,18059.490234375,6799000.0,72890096,0.0,180.0,36195700.0,100210000.0
2016-04-21,118.33704376220703,449.42498779296875,1.1305055618286133,1249.0,49.2843017578125,17982.51953125,120.0567902164624,450.5480041503906,1.1393998861312866,1270.5999755859375,49.68189899476664,18107.2890625,117.93878319943772,440.9519958496094,1.1278001070022583,1247.5999755859375,48.96622396824919,17963.890625,118.55426675191558,441.4159851074219,1.1305055618286133,1247.699951171875,49.301973120617994,18092.83984375,4799600.0,68204704,0.0,124.0,38909100.0,102720000.0
2016-04-22,118.61763763427734,445.73699951171875,1.12920343875885,1228.699951171875,45.75010681152344,18003.75,119.32364000286388,449.80999755859375,1.1309019327163696,1248.5,46.32441426493541,18026.849609375,118.11981190995905,444.1499938964844,1.1239995956420898,1228.0,44.85772496179503,17909.890625,118.65383686366944,449.68798828125,1.1293054819107056,1248.5,45.864968976299345,17985.05078125,3858100.0,58804400,0.0,188.0,126834100.0,134120000.0
2016-04-23,,450.2820129394531,,,,,,450.2820129394531,,,,,,444.33099365234375,,,,,,445.8609924316406,,,,,,50485400,,,,
2016-04-24,,458.55499267578125,,,,,,460.14599609375,,,,,,448.9280090332031,,,,,,450.55999755859375,,,,,,68198400,,,,
2016-04-25,118.3460922241211,461.4259948730469,1.123406171798706,1238.9000244140625,46.04169464111328,17977.240234375,118.57237538324942,466.6199951171875,1.1279042959213257,1240.9000244140625,46.05936600857158,17990.939453125,117.04269901774538,453.5920104980469,1.1226998567581177,1231.5999755859375,45.61759193352036,17855.55078125,118.07454967092148,459.1210021972656,1.1233052015304565,1231.5999755859375,45.750122133754495,17990.939453125,4600100.0,87091800,0.0,442.0,33226900.0,83770000.0
2016-04-26,120.59988403320312,466.0889892578125,1.1269001960754395,1242.199951171875,45.44969940185547,17990.3203125,120.62703690887999,467.9649963378906,1.1339025497436523,1244.199951171875,46.253727796582915,18043.76953125,118.62668759623561,461.6210021972656,1.1257964372634888,1233.0,45.14045900790934,17934.169921875,118.79866501634159,461.64801025390625,1.1266716718673706,1239.800048828125,46.174208356644264,17987.380859375,6103400.0,78971904,0.0,97.0,33532600.0,92570000.0
2016-04-27,124.07554626464844,444.68701171875,1.1299052238464355,1249.199951171875,45.0079345703125,18041.55078125,124.80870127058004,467.0790100097656,1.134000301361084,1249.5,45.502722670977114,18084.66015625,119.4322128121165,444.1340026855469,1.1291996240615845,1248.5999755859375,44.66335138450623,17920.259765625,120.56362826848597,466.2619934082031,1.1298030614852905,1248.5999755859375,45.48505130626036,17996.140625,6930800.0,93564896,0.0,547.0,43369300.0,109090000.0
2016-04-28,122.01189422607422,449.010986328125,1.132900595664978,1265.5,44.08904266357422,17830.759765625,124.65488012862565,449.5509948730469,1.1366000175476074,1270.0999755859375,44.8577284121155,18035.73046875,121.74035164603052,436.6499938964844,1.1299052238464355,1238.5,43.788636235223805,17796.55078125,123.3605331486167,445.0379943847656,1.1327978372573853,1245.9000244140625,44.72519487560556,18023.880859375,4938800.0,74064704,0.0,887.0,43134800.0,100920000.0
2016-04-29,122.01189422607422,455.09698486328125,1.135589361190796,1289.199951171875,44.06252670288086,17773.640625,122.40109466886103,455.3840026855469,1.1460003852844238,1295.5,44.39827580192978,17814.830078125,120.210675129306,446.0169982910156,1.1357957124710083,1267.199951171875,43.60308145430531,17651.98046875,121.66793937060358,449.4079895019531,1.1357957124710083,1267.300048828125,43.60308145430531,17813.08984375,3716700.0,49258500,0.0,464.0,48411700.0,136670000.0
2016-04-30,,448.3179931640625,,,,,,455.5870056152344,,,,,,447.6969909667969,,,,,,455.1780090332031,,,,,,69322600,,,,
2016-05-01,,451.875,,,,,,452.47900390625,,,,,,447.927001953125,,,,,,448.4840087890625,,,,,,40660100,,,,
2016-05-02,121.29682159423828,444.66900634765625,1.146302580833435,1294.699951171875,44.71636199951172,17891.16015625,122.19290789081306,452.44500732421875,1.15280020236969,1304.4000244140625,44.84005817243668,17912.349609375,120.59081923132295,441.7760009765625,1.1450163125991821,1290.4000244140625,43.98301558793101,17773.7109375,121.63173006675939,451.9330139160156,1.1461974382400513,1292.0999755859375,44.177397214223326,17783.779296875,3703800.0,92127000,0.0,192.0,33114500.0,80100000.0
2016-05-03,119.92103576660156,450.3039855957031,1.1524986028671265,1290.699951171875,43.98301696777344,17750.91015625,120.66323739487304,451.09698486328125,1.1613997220993042,1301.5,44.53965313386655,17870.75,118.98875019538548,442.61700439453125,1.1503998041152954,1284.5,43.8239780631754,17670.880859375,120.1111058983173,444.72698974609375,1.1526048183441162,1292.699951171875,44.47780504546377,17870.75,4028700.0,59366400,0.0,151.0,26460200.0,97060000.0
2016-05-04,118.47281646728516,446.72198486328125,1.1504037380218506,1273.300048828125,44.06252670288086,17651.259765625,119.75810322133677,450.37799072265625,1.15280020236969,1290.0,44.230402937638964,17738.060546875,118.14696814856583,445.6300048828125,1.146999478340149,1273.0,43.70027224906689,17609.009765625,119.1064065838981,450.1830139160156,1.150244951248169,1286.9000244140625,44.03602134811581,17735.01953125,3340500.0,50407300,0.0,109.0,24257600.0,95020000.0
2016-05-05,119.54991149902344,447.97601318359375,1.1493064165115356,1271.4000244140625,44.124385833740234,17660.7109375,120.05678352841048,448.5060119628906,1.1495997905731201,1286.0,44.442463652489685,17736.109375,118.6809781549121,445.88299560546875,1.1390001773834229,1270.800048828125,43.9388415629591,17615.8203125,119.23310957504304,446.71099853515625,1.1491215229034424,1282.9000244140625,44.06253774347986,17664.48046875,4199200.0,50440800,0.0,330.0,25390700.0,81530000.0
2016-05-06,120.61795043945312,459.6029968261719,1.1406019926071167,1292.9000244140625,44.52198028564453,17740.630859375,120.95285885181491,461.375,1.1471836566925049,1295.5999755859375,44.52198028564453,17744.5390625,119.26025170677084,447.0679931640625,1.1393284797668457,1276.9000244140625,43.876990692041716,17580.380859375,119.57705360222033,447.9419860839844,1.140198826789856,1278.5999755859375,44.10671167409793,17650.30078125,2466000.0,72796800,0.0,305.0,24787300.0,80020000.0
2016-05-07,,458.5360107421875,,,,,,460.67498779296875,,,,,,457.3240051269531,,,,,,459.6390075683594,,,,,,38364500,,,,
2016-05-08,,458.5480041503906,,,,,,459.4169921875,,,,,,455.9830017089844,,,,,,458.4289855957031,,,,,,40315000,,,,
2016-05-09,119.5680160522461,460.4830017089844,1.1387965679168701,1265.5999755859375,44.2392463684082,17705.91015625,121.11578498716777,462.4809875488281,1.142999529838562,1286.5,44.69869171498108,17783.16015625,119.31458004171826,456.531005859375,1.1375994682312012,1262.300048828125,44.17739828045301,17668.380859375,120.20160607856569,458.20599365234375,1.1387965679168701,1286.5,44.61033826660738,17743.849609375,3431100.0,55493100,0.0,341.0,17951600.0,85590000.0
2016-05-10,121.93946838378906,450.8949890136719,1.1387965679168701,1263.9000244140625,45.078617095947266,17928.349609375,122.41014121608296,461.9289855957031,1.1405993700027466,1267.4000244140625,45.14929917974687,17934.609375,120.19255523514344,448.9540100097656,1.1361995935440063,1258.699951171875,44.34527067502704,17726.66015625,120.54555640655693,460.51800537109375,1.1383687257766724,1265.0999755859375,44.46897021999529,17726.66015625,3382700.0,58956100,0.0,23.0,22891000.0,75790000.0
2016-05-11,121.36457061767578,452.7279968261719,1.1374363899230957,1274.5999755859375,45.105133056640625,17711.119140625,123.18048161169587,454.57598876953125,1.1445995569229126,1279.199951171875,45.75012281131143,17919.029296875,121.30982191138375,450.864013671875,1.1373976469039917,1266.9000244140625,45.06095632257499,17711.05078125,122.10370600038327,450.864013671875,1.1375011205673218,1266.9000244140625,45.17581852752065,17919.029296875,3284100.0,50605200,0.0,50.0,24039100.0,87390000.0
2016-05-12,122.66036224365234,454.7659912109375,1.142700433731079,1270.300048828125,45.51156234741211,17720.5,123.22611753824722,454.9490051269531,1.143105387687683,1281.199951171875,45.77662948077254,17798.189453125,121.81172930176002,449.25,1.1379995346069336,1264.0,44.990268819855125,17625.380859375,121.81172930176002,452.4469909667969,1.1425960063934326,1267.0,45.237664586293626,17711.119140625,4591300.0,59849300,0.0,101.0,24102800.0,88560000.0
2016-05-13,120.5615463256836,455.6700134277344,1.1376951932907104,1271.9000244140625,45.13164138793945,17535.3203125,123.13484678150034,457.05499267578125,1.1380059719085693,1275.699951171875,45.85615060560606,17734.740234375,120.3699258634141,453.4530029296875,1.1283994913101196,1264.5999755859375,45.096298652817,17512.48046875,122.03983093974334,454.8500061035156,1.1375269889831543,1271.4000244140625,45.449715892635325,17711.119140625,3965900.0,60845000,0.0,66.0,22592300.0,86640000.0
2016-05-14,,455.6709899902344,,,,,,456.83599853515625,,,,,,454.7860107421875,,,,,,455.822998046875,,,,,,37209000,,,,
2016-05-15,,457.5679931640625,,,,,,458.6919860839844,,,,,,455.4590148925781,,,,,,455.7590026855469,,,,,,28514000,,,,
2016-05-16,122.40484619140625,454.1629943847656,1.1316953897476196,1273.4000244140625,45.79429626464844,17710.7109375,122.65122931047576,458.20001220703125,1.1344043016433716,1287.800048828125,45.90915508244316,17755.80078125,120.04143404873203,452.94500732421875,1.1305439472198486,1272.800048828125,44.840062769174246,17531.759765625,120.11443697008164,457.58599853515625,1.1316953897476196,1272.800048828125,44.88423949682362,17531.759765625,3165400.0,59171500,0.0,44.0,20032000.0,88440000.0
2016-05-17,120.96306610107422,453.7829895019531,1.1316057443618774,1276.199951171875,44.940162658691406,17529.98046875,122.72422845521376,455.0719909667969,1.1347993612289429,1281.5999755859375,46.02563197415616,17701.4609375,120.41556509362573,453.6050109863281,1.130399465560913,1270.800048828125,44.8067054865881,17469.919921875,121.93033041239465,454.0090026855469,1.1316057443618774,1272.5,46.01673618696655,17701.4609375,4032000.0,64100300,0.0,16.0,27803500.0,103260000.0
2016-05-18,119.53042602539062,454.6189880371094,1.1316057443618774,1273.699951171875,45.20707321166992,17526.619140625,121.52882353627582,455.99798583984375,1.1316953897476196,1276.4000244140625,45.50068163682178,17636.220703125,118.93728251831372,453.29901123046875,1.1259993314743042,1256.800048828125,44.753310108195606,17418.2109375,120.86269103264742,453.6910095214844,1.1313753128051758,1276.4000244140625,44.913461392475675,17501.279296875,4060400.0,86850096,0.0,17.0,24907500.0,79120000.0
2016-05-19,116.875,438.7149963378906,1.122296690940857,1254.199951171875,44.771114349365234,17435.400390625,119.01940331082837,454.63299560546875,1.123103380203247,1255.5,45.03803208045857,17514.16015625,115.97160454122906,438.7149963378906,1.118200421333313,1247.5,44.32625033286197,17331.0703125,118.84603704247311,454.52398681640625,1.1221959590911865,1248.0,44.90457491193345,17514.16015625,5061600.0,96027400,0.0,69.0,23842400.0,95530000.0
2016-05-20,116.24536895751953,442.6759948730469,1.1205987930297852,1252.4000244140625,45.03801345825195,17500.939453125,117.94264863604585,444.0539855957031,1.1239995956420898,1256.5999755859375,45.571852093751446,17571.75,116.0811158608253,437.3890075683594,1.1198960542678833,1252.4000244140625,44.84227567987299,17437.3203125,117.83315121287767,437.7929992675781,1.1201595067977905,1256.5999755859375,44.91345212818124,17437.3203125,3297700.0,81987904,0.0,44.0,23905800.0,111990000.0
2016-05-21,,443.18798828125,,,,,,443.77801513671875,,,,,,441.70599365234375,,,,,,442.96600341796875,,,,,,42762300,,,,
2016-05-22,,439.322998046875,,,,,,443.427001953125,,,,,,439.0350036621094,,,,,,443.2179870605469,,,,,,39657600,,,,
2016-05-23,116.41874694824219,444.1549987792969,1.1221708059310913,1251.0999755859375,44.5130729675293,17492.9296875,117.17613659982796,444.3450012207031,1.1243029832839966,1251.5999755859375,45.091397294061686,17550.69921875,114.86746618406079,438.822998046875,1.1190000772476196,1247.5,44.46858726411333,17480.05078125,116.25449385466868,439.3479919433594,1.1220952272415161,1251.5999755859375,45.020217453362854,17507.0390625,3977700.0,50582500,0.0,56.0,26118700.0,87790000.0
2016-05-24,116.34573364257812,445.9809875488281,1.121604323387146,1228.9000244140625,45.90105438232422,17706.05078125,117.54112679571206,447.1000061035156,1.122999906539917,1240.0,46.00782076111802,17742.58984375,115.26896500568289,443.92999267578125,1.1145998239517212,1228.199951171875,44.84227959035089,17525.189453125,116.58298963699673,444.2909851074219,1.1217050552368164,1240.0,45.10919723435639,17525.189453125,5102400.0,65783100,0.0,20.0,34757900.0,86480000.0
2016-05-25,117.5867691040039,449.5989990234375,1.113796591758728,1223.5,46.372615814208984,17851.509765625,118.4262818446176,450.2980041503906,1.1171000003814697,1223.5,46.701817571098395,17891.7109375,116.22712271301629,446.06201171875,1.112999439239502,1218.5999755859375,46.07900738087051,17735.08984375,116.80200507544788,446.06201171875,1.1136974096298218,1219.300048828125,46.19466956070923,17735.08984375,4656700.0,65231000,0.0,5.0,24040200.0,79180000.0
2016-05-26,117.99739837646484,453.3840026855469,1.1158970594406128,1220.0999755859375,46.16796875,17828.2890625,118.53577927691447,453.6440124511719,1.1219995021820068,1232.5999755859375,46.24804437692325,17888.66015625,117.09401677968286,447.89599609375,1.1156978607177734,1220.0999755859375,45.696414165919634,17803.8203125,117.24000870388537,449.6719970703125,1.1156978607177734,1232.5999755859375,46.203558671752944,17859.51953125,2586300.0,65203800,0.0,199778.0,24335200.0,68940000.0
2016-05-27,117.91526794433594,473.4639892578125,1.1192066669464111,1213.800048828125,46.55056381225586,17873.220703125,118.3532715373574,478.14898681640625,1.1201996803283691,1223.199951171875,46.55056381225586,17873.220703125,117.55938741427791,453.52099609375,1.112599492073059,1206.4000244140625,46.061214142324346,17824.73046875,117.67801889892498,453.52099609375,1.1192944049835205,1220.300048828125,46.19467129191879,17826.849609375,3043700.0,164780992,0.0,63739.0,17721400.0,73190000.0
2016-05-28,,530.0399780273438,,,,,,533.4730224609375,,,,,,472.6990051269531,,,,,,473.02899169921875,,,,,,181199008,,,,
2016-05-29,,526.2329711914062,,,,,,553.9600219726562,,,,,,512.1790161132812,,,,,,527.4769897460938,,,,,,148736992,,,,
2016-05-30,,533.864013671875,1.1110000610351562,,,,,544.3489990234375,1.1150000095367432,,,,,522.9630126953125,1.1100010871887207,,,,,528.4710083007812,1.1110987663269043,,,,,87958704,0.0,,,
2016-05-31,115.11385345458984,531.385986328125,1.1148396730422974,1214.800048828125,47.155574798583984,17787.19921875,118.60878318847011,546.6179809570312,1.1175994873046875,1217.5999755859375,47.155574798583984,17899.240234375,115.01347617368012,520.6619873046875,1.1121997833251953,1199.0,46.337026827446984,17724.029296875,118.51753997556938,534.1909790039062,1.1150012016296387,1212.5,46.49717471367797,17891.5,6894400.0,138450000,0.0,6432.0,37653100.0,147390000.0
2016-06-01,115.35110473632812,536.9199829101562,1.113598108291626,1211.9000244140625,47.02212142944336,17789.669921875,115.43322780172772,543.0800170898438,1.1190000772476196,1219.800048828125,47.11109626206027,17809.1796875,113.86369979596746,525.635986328125,1.1117039918899536,1205.4000244140625,46.65733310082106,17664.7890625,114.9769699843296,531.1069946289062,1.113598108291626,1215.699951171875,46.65733310082106,17754.55078125,4679600.0,86061800,0.0,2717.0,25324800.0,78530000.0
2016-06-02,115.75260162353516,537.9719848632812,1.1189061403274536,1209.800048828125,46.692928314208984,17838.560546875,115.91685470881507,540.3519897460938,1.1219995021820068,1217.0,46.924259511130586,17838.560546875,114.35645387962661,533.0780029296875,1.1150000095367432,1209.5999755859375,46.12350289723768,17703.55078125,115.57010128964257,536.5150146484375,1.1192944049835205,1212.4000244140625,46.83528466845181,17789.05078125,4802100.0,60378200,0.0,1627.0,22840800.0,75560000.0
2016-06-03,116.23623657226562,569.1939697265625,1.115200161933899,1240.0999755859375,46.07900619506836,17807.060546875,116.41874387249321,574.6380004882812,1.1350003480911255,1244.5,46.63953229721058,17833.169921875,114.93133896389043,536.9199829101562,1.113800287246704,1206.4000244140625,45.909955731274835,17689.6796875,115.36022241699818,537.6820068359375,1.1153992414474487,1209.0999755859375,46.6039457626604,17799.80078125,5485600.0,122020000,0.0,1622.0,23368300.0,82270000.0
2016-06-04,,572.7269897460938,,,,,,590.1320190429688,,,,,,564.2379760742188,,,,,,569.7050170898438,,,,,,94925296,,,,
2016-06-05,,574.9769897460938,,,,,,582.8079833984375,,,,,,569.177978515625,,,,,,573.3079833984375,,,,,,68874096,,,,
2016-06-06,120.36079406738281,585.5369873046875,1.1350995302200317,1244.5999755859375,46.38151550292969,17920.330078125,120.52505410487997,586.469970703125,1.1379995346069336,1247.300048828125,46.5772533292906,17949.6796875,116.30010270216405,574.6019897460938,1.1333242654800415,1240.0,46.167979317576616,17822.810546875,116.43698142545098,574.6019897460938,1.1350995302200317,1244.4000244140625,46.25695414232478,17825.689453125,6996200.0,72138896,0.0,1135.0,18243300.0,71870000.0
2016-06-07,120.38818359375,576.5969848632812,1.1364023685455322,1244.4000244140625,46.35482406616211,17938.279296875,121.72046257559684,590.2589721679688,1.1379995346069336,1244.9000244140625,46.915353615668366,18003.23046875,120.28782023870102,567.5139770507812,1.1340054273605347,1236.5,46.35482406616211,17936.220703125,120.82620113303011,585.4450073242188,1.1364669799804688,1244.0,46.47938882808562,17936.220703125,4424000.0,107770000,0.0,281.0,20866800.0,78750000.0
2016-06-08,121.36457061767578,581.64501953125,1.1357828378677368,1259.800048828125,46.301429748535156,18005.05078125,121.84820275509877,582.8389892578125,1.14199960231781,1264.0,46.657318787697825,18016.0,120.48854954535565,573.1300048828125,1.1356538534164429,1247.300048828125,46.150174276508636,17931.91015625,120.926567043457,577.1669921875,1.1356538534164429,1247.5999755859375,46.28363478747075,17931.91015625,3883700.0,80265800,0.0,406.0,21149400.0,71260000.0
2016-06-09,121.4558334350586,574.6300048828125,1.140706181526184,1270.199951171875,45.92775344848633,17985.189453125,122.11284578911324,582.2030029296875,1.1416958570480347,1271.4000244140625,46.26585100229657,18005.220703125,120.37905777329223,570.9509887695312,1.130799651145935,1258.0999755859375,45.812091264691254,17915.880859375,120.54331782374751,582.2030029296875,1.1406019926071167,1262.5,46.26585100229657,17969.98046875,3811200.0,71301000,0.0,381.0,20305700.0,69690000.0
2016-06-10,119.66728210449219,577.469970703125,1.1315033435821533,1273.4000244140625,45.80318832397461,17865.33984375,120.56154339574145,579.1270141601562,1.1324002742767334,1278.0,46.31033291602578,17938.8203125,118.96464127085558,573.3250122070312,1.1273995637893677,1265.300048828125,45.411709300263524,17812.33984375,120.23303725880967,575.8369750976562,1.131196141242981,1267.5999755859375,45.42060508519322,17938.8203125,3828600.0,66991900,0.0,397.0,25833200.0,90540000.0
2016-06-11,,606.7269897460938,,,,,,607.1160278320312,,,,,,578.6740112304688,,,,,,578.6740112304688,,,,,,82357000,,,,
2016-06-12,,672.7839965820312,,,,,,684.843994140625,,,,,,607.0390014648438,,,,,,609.6840209960938,,,,,,277084992,,,,
2016-06-13,118.55403900146484,704.3759765625,1.1239995956420898,1284.4000244140625,44.610958099365234,17732.48046875,120.0049356340937,716.0040283203125,1.1302001476287842,1287.300048828125,45.12700193059188,17893.279296875,118.51754449968828,664.4869995117188,1.1236965656280518,1273.0,43.650053694865676,17731.349609375,119.34792321103824,671.6539916992188,1.1241008043289185,1276.199951171875,44.112712628159066,17830.5,3645000.0,243295008,0.0,328.0,83217800.0,101690000.0
2016-06-14,119.08328247070312,685.5590209960938,1.1291015148162842,1285.5999755859375,44.33514404296875,17674.8203125,119.174539597705,704.5040283203125,1.1299946308135986,1289.699951171875,44.57536759547938,17733.919921875,117.25825132172683,662.8040161132812,1.1190000772476196,1277.800048828125,44.10381288226882,17595.7890625,118.28939837654089,704.5040283203125,1.1287955045700073,1281.800048828125,44.39742472607042,17710.76953125,3717000.0,186694000,0.0,554.0,42577100.0,93740000.0
2016-06-15,118.77304077148438,694.468994140625,1.1213024854660034,1285.800048828125,44.210567474365234,17640.169921875,120.23305746238765,696.302978515625,1.1260005235671997,1296.199951171875,44.593150650685814,17762.9609375,118.59966056954147,672.5609741210938,1.1190940141677856,1278.800048828125,44.210567474365234,17629.009765625,119.4300531557502,685.6849975585938,1.1213024854660034,1284.5999755859375,44.29064310182866,17703.650390625,3324800.0,99223800,0.0,162.0,33757600.0,94130000.0
2016-06-16,118.05213928222656,766.3079833984375,1.1262656450271606,1296.0999755859375,44.8333854675293,17733.099609375,118.52665129518834,773.7219848632812,1.1299996376037598,1316.4000244140625,44.904565324112504,17754.91015625,115.79823158745361,696.5230102539062,1.1132001876831055,1281.0999755859375,44.050424015325895,17471.2890625,118.00652464111437,696.5230102539062,1.1261261701583862,1296.300048828125,44.05932319441998,17602.23046875,4066100.0,271633984,0.0,251.0,31188600.0,91950000.0
2016-06-17,118.46278381347656,748.9089965820312,1.1252011060714722,1292.5,44.6020622253418,17675.16015625,118.61790979714841,775.3560180664062,1.129600167274475,1300.0999755859375,44.868979926395674,17733.439453125,117.54113413111352,716.5560302734375,1.1226003170013428,1280.300048828125,44.32624534429526,17602.779296875,118.47190395702788,768.4869995117188,1.1270017623901367,1280.300048828125,44.851184960453054,17733.439453125,6739600.0,363320992,0.0,129.0,45710500.0,248680000.0
2016-06-18,,756.2269897460938,,,,,,777.989990234375,,,,,,733.9290161132812,,,,,,748.7559814453125,,,,,,252718000,,,,
2016-06-19,,763.781005859375,,,,,,766.6209716796875,,,,,,745.6279907226562,,,,,,756.68798828125,,,,,,136184992,,,,
2016-06-20,121.1364517211914,737.2260131835938,1.13490629196167,1290.0,44.548667907714844,17804.869140625,122.18583914206633,764.083984375,1.1383998394012451,1291.199951171875,45.224862894382376,17946.359375,119.73118375617004,732.7269897460938,1.130799651145935,1280.300048828125,44.51307798335508,17736.869140625,119.86805553319417,763.927001953125,1.13490629196167,1288.9000244140625,45.055812450694496,17736.869140625,4331900.0,174511008,0.0,153.0,35607900.0,99380000.0
2016-06-21,120.01406860351562,666.6519775390625,1.1322976350784302,1270.5,45.545166015625,17829.73046875,121.62009122078715,735.8829956054688,1.1350003480911255,1293.9000244140625,45.75870218642098,17877.83984375,119.9866942464627,639.0700073242188,1.12440025806427,1266.300048828125,44.62874744446898,17799.80078125,121.53796814962837,735.8829956054688,1.1322848796844482,1293.9000244140625,44.664337371942025,17827.330078125,2841100.0,309944000,0.0,134.0,34097800.0,85130000.0
2016-06-22,120.24219512939453,596.1160278320312,1.1250618696212769,1268.0,45.367225646972656,17780.830078125,121.51059136845252,678.6699829101562,1.1335041522979736,1269.199951171875,45.785395438497964,17920.16015625,120.06881492226186,587.4829711914062,1.1237596273422241,1264.9000244140625,45.331635717553596,17770.359375,120.54332697485374,665.9149780273438,1.1252011060714722,1267.0,45.447301291144306,17832.669921875,2640800.0,266392992,0.0,53.0,28816800.0,89440000.0
2016-06-23,121.86647033691406,623.9769897460938,1.1328235864639282,1261.199951171875,46.185768127441406,18011.0703125,122.77898600559348,629.3270263671875,1.1422044038772583,1270.5,46.319228649756376,18011.0703125,121.11820080513256,558.1389770507812,1.1320003271102905,1255.199951171875,45.509576519682675,17844.109375,122.19497653459402,597.4429931640625,1.1327978372573853,1263.4000244140625,45.62523868537744,17844.109375,4113900.0,253462000,0.0,218.0,29028800.0,98070000.0
2016-06-24,115.45146179199219,665.2990112304688,1.1324002742767334,1320.0,44.33514404296875,17400.75,118.07038386938291,681.7269897460938,1.1335169076919556,1355.5999755859375,45.322739186742105,17946.630859375,115.16858420551416,625.27197265625,1.0919057130813599,1253.699951171875,44.05932716491658,17356.33984375,116.92973945688641,625.5750122070312,1.1330032348632812,1253.699951171875,44.31734907721932,17946.630859375,9707300.0,224316992,0.0,694.0,133503000.0,239000000.0
2016-06-25,,665.1229858398438,,,,,,691.7310180664062,,,,,,646.5590209960938,,,,,,665.281005859375,,,,,,126656000,,,,
2016-06-26,,629.3670043945312,,,,,,665.97998046875,,,,,,616.9340209960938,,,,,,665.9310302734375,,,,,,109225000,,,,
2016-06-27,111.96565246582031,655.2750244140625,1.103594422340393,1322.5,43.08952331542969,17140.240234375,114.74882761012661,655.2750244140625,1.1081929206848145,1331.699951171875,43.73012850211414,17355.2109375,111.64627342350835,620.5239868164062,1.0973997116088867,1320.0,42.74252997065649,17063.080078125,114.68495180166423,629.3489990234375,1.10349702835083,1330.0,43.68563939100565,17355.2109375,6169000.0,122134000,0.0,92.0,50216300.0,138740000.0
2016-06-28,113.05155944824219,647.0009765625,1.1015034914016724,1315.300048828125,43.988136291503906,17409.720703125,113.84545054284146,659.2479858398438,1.1110000610351562,1315.5999755859375,44.01483043046774,17409.720703125,111.96566363412506,637.7730102539062,1.1016006469726562,1314.0999755859375,43.30304555482394,17190.509765625,113.60819453262646,658.1019897460938,1.1016006469726562,1314.800048828125,43.525477479952166,17190.509765625,4438100.0,138384992,0.0,1072.0,38140700.0,112190000.0
2016-06-29,115.88035583496094,639.8900146484375,1.1073951721191406,1323.9000244140625,44.96683883666992,17694.6796875,116.18148765834933,644.6820068359375,1.1128050088882446,1327.4000244140625,45.126990094421565,17704.509765625,113.2979419392535,628.2839965820312,1.10515558719635,1311.5999755859375,44.30843884435298,17456.01953125,114.51158241440453,644.1220092773438,1.107800006866455,1311.5999755859375,44.40630943453918,17456.01953125,4916700.0,142456000,0.0,414.0,31304000.0,106380000.0
2016-06-30,118.50838470458984,673.3369750976562,1.1128050088882446,1318.4000244140625,45.527366638183594,17929.990234375,118.50838470458984,675.4030151367188,1.1154004335403442,1323.5,45.64303219423651,17930.609375,115.96247256085024,636.6079711914062,1.1053999662399292,1314.5,44.93125068399157,17711.80078125,115.96247256085024,640.5910034179688,1.1125946044921875,1315.800048828125,45.12699187207467,17712.759765625,4110800.0,138980000,0.0,560.0,28527800.0,133030000.0
2016-07-01,118.34416198730469,676.2960205078125,1.1106051206588745,1336.699951171875,45.51847839355469,17949.369140625,118.93729161586693,686.1539916992188,1.1170001029968262,1344.199951171875,46.0167272302735,18002.380859375,117.86052978582855,669.593994140625,1.1074001789093018,1321.9000244140625,45.438402748261346,17916.91015625,118.20727627956265,672.5150146484375,1.1103708744049072,1324.5,45.49178764313775,17924.240234375,3247900.0,134431008,0.0,137.0,21400400.0,82160000.0
2016-07-02,,703.7020263671875,,,,,,703.7020263671875,,,,,,676.3989868164062,,,,,,676.7340087890625,,,,,,112354000,,,,
2016-07-03,,658.6640014648438,,,,,,704.968017578125,,,,,,649.0089721679688,,,,,,704.968017578125,,,,,,129512000,,,,
2016-07-04,,683.6619873046875,1.1131023168563843,,,,,683.6619873046875,1.1150000095367432,,,,,650.5079956054688,1.1099998950958252,,,,,658.8040161132812,1.1131023168563843,,,,,92008400,0.0,,,
2016-07-05,115.86210632324219,670.6270141601562,1.1146035194396973,1356.4000244140625,45.527366638183594,17840.619140625,117.71451186897511,683.4910278320312,1.1180005073547363,1356.800048828125,45.625237232225146,17904.44921875,115.55184740043221,665.0659790039062,1.1075999736785889,1339.699951171875,45.144786834086034,17785.279296875,117.19437129585765,683.208984375,1.1145538091659546,1342.199951171875,45.224862466116214,17904.44921875,4829400.0,130476000,0.0,90.0,24806400.0,103650000.0
2016-07-06,115.85299682617188,677.3309936523438,1.1065007448196411,1364.9000244140625,45.714210510253906,17918.619140625,116.17237594088452,681.8980102539062,1.109000325202942,1374.9000244140625,45.85656680753208,17926.91015625,113.11544962244776,670.4180297851562,1.103399634361267,1359.0,44.83337858744141,17713.44921875,116.11762722463165,670.4180297851562,1.106439471244812,1359.0,45.18037184992935,17807.470703125,3981700.0,134960992,0.0,130.0,28167500.0,93000000.0
2016-07-07,116.04461669921875,640.56201171875,1.1099025011062622,1360.0999755859375,45.714210510253906,17895.880859375,116.95713237406412,682.4320068359375,1.1108001470565796,1368.5999755859375,45.918847475463664,17984.94921875,115.21423105531936,611.833984375,1.1057995557785034,1350.5,45.43839369938413,17816.650390625,115.81648778050742,678.0900268554688,1.1100010871887207,1366.800048828125,45.74979703904206,17924.240234375,3049400.0,258091008,0.0,207.0,19585200.0,81570000.0
2016-07-08,118.70915985107422,666.5230102539062,1.1065741777420044,1356.5999755859375,46.53276062011719,18146.740234375,119.04680011631238,666.7069702148438,1.1108001470565796,1365.800048828125,46.586145506942394,18166.76953125,116.49175346236916,636.4669799804688,1.1010003089904785,1335.0,45.8654648079911,17971.220703125,117.34952041769648,640.68798828125,1.1065007448196411,1361.300048828125,46.025616074424725,17971.220703125,3597800.0,141970000,0.0,249.0,28391000.0,93460000.0
2016-07-09,,650.9600219726562,,,,,,666.3839721679688,,,,,,633.3989868164062,,,,,,666.3839721679688,,,,,,180536000,,,,
2016-07-10,,649.3599853515625,,,,,,652.2940063476562,,,,,,641.2639770507812,,,,,,650.5989990234375,,,,,,102532000,,,,
2016-07-11,120.4885482788086,647.6589965820312,1.1043988466262817,1355.0,46.790775299072266,18226.9296875,121.59269823166065,659.6290283203125,1.107200264930725,1371.800048828125,47.004311419550625,18283.900390625,119.35703789698071,644.97998046875,1.1019999980926514,1353.0,46.68400893585383,18161.529296875,119.39353239283092,648.4840087890625,1.1047039031982422,1371.699951171875,46.71069967814807,18161.529296875,3929900.0,107910000,0.0,26.0,22269200.0,80880000.0
2016-07-12,119.36614990234375,664.551025390625,1.1058032512664795,1334.0999755859375,47.3424186706543,18347.669921875,121.36456106805225,675.2589721679688,1.1124002933502197,1356.0,47.5114691364365,18371.94921875,118.92814636258947,646.7789916992188,1.1053999662399292,1330.300048828125,46.9687345981635,18259.119140625,121.1820607534781,648.2830200195312,1.1058032512664795,1353.5999755859375,47.102191740892025,18259.119140625,4318400.0,138172992,0.0,252.0,27317600.0,90170000.0
2016-07-13,118.7274169921875,654.468017578125,1.1062926054000854,1342.4000244140625,47.609317779541016,18372.119140625,119.89543596156855,668.7000122070312,1.1119993925094604,1342.4000244140625,47.9207244458577,18390.16015625,118.05215036893603,654.468017578125,1.1044000387191772,1336.699951171875,47.31570946482993,18315.759765625,119.79505867870529,664.7969970703125,1.1060723066329956,1341.5,47.65380687047277,18356.779296875,3061400.0,131449000,0.0,7.0,25356800.0,80920000.0
2016-07-14,120.04143524169922,658.0780029296875,1.1094961166381836,1331.300048828125,47.81397247314453,18506.41015625,120.37906157289842,662.9019775390625,1.1170001029968262,1341.4000244140625,48.03640441852863,18537.5703125,118.80953355799262,652.9229736328125,1.1091995239257812,1322.699951171875,47.67161616386039,18414.30078125,120.11443816377434,652.9229736328125,1.109594702720642,1341.4000244140625,47.90294389368132,18414.30078125,3984100.0,98511400,0.0,20.0,24545500.0,87050000.0
2016-07-15,120.8079605102539,663.2550048828125,1.1106051206588745,1326.5,47.77838897705078,18516.55078125,121.13646673972383,667.0770263671875,1.115700364112854,1333.699951171875,48.0453066686235,18557.4296875,119.95019347086658,659.0399780273438,1.1058766841888428,1322.9000244140625,47.34242081204934,18471.619140625,120.26957955536542,659.1710205078125,1.1106421947479248,1333.699951171875,48.00082095236848,18508.880859375,2944900.0,81673104,0.0,52.0,32024400.0,123690000.0
2016-07-16,,660.7670288085938,,,,,,666.4600219726562,,,,,,659.333984375,,,,,,663.781005859375,,,,,,50330200,,,,
2016-07-17,,679.458984375,,,,,,682.364990234375,,,,,,661.9929809570312,,,,,,661.9929809570312,,,,,,74407904,,,,
2016-07-18,121.75695037841797,673.1060180664062,1.1053143739700317,1328.4000244140625,48.009708404541016,18533.05078125,122.17671368283605,681.5549926757812,1.109000325202942,1335.0,48.347805898669336,18556.130859375,120.40643118296161,668.625,1.1038258075714111,1326.199951171875,47.644920164101144,18489.83984375,120.7988201331658,679.8090209960938,1.105534315109253,1327.5,47.7783806837429,18521.55078125,3338400.0,69465000,0.0,54.0,31433900.0,75540000.0
2016-07-19,122.87940216064453,672.864013671875,1.1071866750717163,1331.5,47.23565673828125,18559.009765625,123.80103826498437,673.2769775390625,1.1080701351165771,1333.199951171875,47.95633759562432,18562.529296875,121.20949628779805,667.6320190429688,1.100199580192566,1326.4000244140625,47.09330040283552,18495.109375,121.28249923525395,672.7379760742188,1.107137680053711,1328.5,47.787287113878115,18503.119140625,3390000.0,61203300,0.0,322.0,53336500.0,85840000.0
2016-07-20,122.93411254882812,665.6849975585938,1.1013579368591309,1318.800048828125,49.74467849731445,18595.029296875,123.35386196092495,672.9290161132812,1.1030004024505615,1337.5,50.5721255785098,18622.009765625,122.31359465092807,663.3599853515625,1.0984002351760864,1315.5,49.406581001095205,18555.650390625,122.77898655532415,672.8060302734375,1.1014549732208252,1331.0,49.958214651253456,18582.69921875,2669400.0,94636400,0.0,751.0,89893300.0,93230000.0
2016-07-21,121.84820556640625,665.0120239257812,1.1019526720046997,1330.5,49.64682388305664,18517.23046875,123.17135038656085,666.218994140625,1.1057995557785034,1330.5,50.02940721123963,18590.439453125,121.3919477716024,660.4149780273438,1.0986005067825317,1312.800048828125,49.61123394693657,18469.669921875,122.97059584293652,665.22802734375,1.1017341613769531,1312.800048828125,49.806975201553854,18589.9609375,2814100.0,60491800,0.0,318.0,32776700.0,86800000.0
2016-07-22,121.79344177246094,650.6190185546875,1.1032899618148804,1323.0999755859375,50.33190155029297,18570.849609375,121.81169598067918,666.5830078125,1.1040000915527344,1330.699951171875,50.385286440334646,18571.30078125,119.14715245994405,646.7219848632812,1.0968003273010254,1320.4000244140625,49.62901577126756,18491.58984375,120.22391403884033,664.9219970703125,1.1033143997192383,1330.699951171875,49.89593682743372,18524.150390625,4844900.0,134169000,0.0,55.0,32157200.0,87710000.0
2016-07-23,,655.5560302734375,,,,,,656.3660278320312,,,,,,648.5239868164062,,,,,,650.7260131835938,,,,,,69532200,,,,
2016-07-24,,661.2849731445312,,,,,,663.1099853515625,,,,,,652.7930297851562,,,,,,655.4099731445312,,,,,,118184000,,,,
2016-07-25,121.30984497070312,654.0969848632812,1.097044587135315,1319.300048828125,50.47425079345703,18493.060546875,121.63835119478233,661.8280029296875,1.0998003482818604,1319.300048828125,50.48314997090531,18555.689453125,120.79883838299887,653.39501953125,1.0953621864318848,1313.800048828125,50.05607769847334,18452.619140625,121.52883983749912,661.2630004882812,1.0969241857528687,1315.699951171875,50.24292309042798,18554.490234375,3078600.0,78176496,0.0,548.0,25610600.0,76810000.0
2016-07-26,123.05274200439453,651.7839965820312,1.0991184711456299,1320.699951171875,50.500953674316406,18473.75,123.16223942767033,656.2249755859375,1.1023997068405151,1320.699951171875,50.97251176519132,18522.470703125,120.91744478332893,645.8790283203125,1.0979998111724854,1315.199951171875,50.27852170123811,18387.220703125,121.2733253328592,654.2260131835938,1.0989856719970703,1315.199951171875,50.287420880825074,18497.369140625,4667300.0,225135008,0.0,63.0,28079000.0,85370000.0
2016-07-27,124.06560516357422,654.3519897460938,1.0987803936004639,1326.5999755859375,49.993797302246094,18472.169921875,127.25027513313327,657.4559936523438,1.1010003089904785,1326.5999755859375,50.536531732100066,18542.390625,123.83747630391501,648.447021484375,1.0982855558395386,1326.0,49.92262085248456,18430.939453125,124.22985125906618,651.6270141601562,1.0988044738769531,1326.0,50.36748469412988,18473.26953125,5661700.0,147460992,0.0,215388.0,32327500.0,111370000.0
2016-07-28,121.37370300292969,655.0349731445312,1.1073460578918457,1332.300048828125,50.01158905029297,18456.349609375,123.97437820517446,657.594970703125,1.1119993925094604,1344.300048828125,50.153945334712375,18483.259765625,120.95395359643176,654.4920043945312,1.1060845851898193,1330.0999755859375,49.5756244141517,18368.8203125,123.55461487479255,654.4920043945312,1.1068191528320312,1339.5,49.82474706337528,18461.009765625,5142400.0,86428400,0.0,56908.0,37550400.0,85750000.0
2016-07-29,121.96682739257812,656.9920043945312,1.108438491821289,1349.0,50.42976760864258,18432.240234375,122.0945790080538,657.7960205078125,1.1196001768112183,1353.300048828125,50.50094406157722,18466.55078125,120.72580573200808,654.7860107421875,1.1074001789093018,1325.800048828125,49.86923819284886,18371.119140625,121.41019237003094,655.1110229492188,1.1083648204803467,1333.199951171875,50.05608020009946,18442.51953125,3559100.0,60703500,0.0,6076.0,30558700.0,111550000.0
2016-07-30,,655.0469970703125,,,,,,658.2230224609375,,,,,,654.208984375,,,,,,657.0120239257812,,,,,,38456100,,,,
2016-07-31,,624.6810302734375,,,,,,655.2849731445312,,,,,,624.364990234375,,,,,,655.0999755859375,,,,,,110818000,,,,
2016-08-01,121.55622100830078,606.27197265625,1.1168068647384644,1351.4000244140625,50.34078598022461,18404.509765625,122.48697698550193,626.1190185546875,1.1184005737304688,1353.5,50.49203803329911,18467.029296875,121.09082909581579,605.8839721679688,1.115599513053894,1345.5999755859375,49.94930368936595,18355.75,121.55622100830078,624.6019897460938,1.1167818307876587,1348.800048828125,50.35857754431707,18434.5,3067300.0,121887000,0.0,1257.0,26003400.0,83470000.0
2016-08-02,120.08707427978516,547.4650268554688,1.1168068647384644,1364.4000244140625,50.34078598022461,18313.76953125,121.72959143610595,612.8480224609375,1.1232004165649414,1366.0,50.62549852228115,18403.650390625,119.8589453498645,531.333984375,1.1163579225540161,1346.5999755859375,50.10055913648167,18247.7890625,121.31896214702574,606.39697265625,1.1167070865631104,1352.0999755859375,50.58100942992632,18401.150390625,3156800.0,330932992,0.0,2941.0,35122000.0,89680000.0
2016-08-03,120.33345031738281,566.35498046875,1.1219062805175781,1356.0999755859375,50.68778991699219,18355.0,120.86271113565454,573.3599853515625,1.1219995021820068,1364.699951171875,50.81235125627523,18355.0,120.10532137453563,541.5469970703125,1.1164003610610962,1353.300048828125,50.26072101343237,18283.23046875,120.24220709457535,548.656005859375,1.1218559741973877,1362.4000244140625,50.429768060453355,18313.080078125,2359300.0,207982000,0.0,715.0,22075600.0,78550000.0
2016-08-04,119.73117065429688,578.2890014648438,1.1151504516601562,1358.800048828125,51.06148910522461,18352.05078125,120.95393814152054,579.4959716796875,1.1155610084533691,1361.5999755859375,51.177154694941116,18397.869140625,119.50304176829773,565.7769775390625,1.1117781400680542,1347.0,50.4208838625399,18325.169921875,120.45205180754598,566.3289794921875,1.1152374744415283,1354.4000244140625,50.53654945225641,18351.4296875,3008500.0,125292000,0.0,381.0,26587700.0,64500000.0
2016-08-05,120.2056884765625,575.0430297851562,1.1134741306304932,1336.4000244140625,51.56863784790039,18543.529296875,120.85358074583664,578.281005859375,1.116146206855774,1360.800048828125,51.791069864215395,18543.529296875,119.54867606294644,569.9819946289062,1.1049113273620605,1333.699951171875,51.114878027996795,18402.80078125,120.64370603489621,578.281005859375,1.1134493350982666,1357.5999755859375,51.29282431985744,18402.80078125,3119500.0,66127900,0.0,1107.0,29335200.0,92420000.0
2016-08-06,,587.7780151367188,,,,,,588.39599609375,,,,,,569.468994140625,,,,,,575.030029296875,,,,,,80797296,,,,
2016-08-07,,592.6900024414062,,,,,,597.5130004882812,,,,,,586.8159790039062,,,,,,587.77099609375,,,,,,82398400,,,,
2016-08-08,120.62541961669922,591.0540161132812,1.1089547872543335,1333.4000244140625,51.65760040283203,18529.2890625,121.31892634640903,592.9940185546875,1.110600233078003,1335.4000244140625,51.68429115234695,18569.310546875,120.22391059070063,588.0469970703125,1.1073706150054932,1327.800048828125,51.408474295870555,18502.029296875,120.57979105940287,592.7360229492188,1.1087703704833984,1330.0,51.65760040283203,18541.890625,2443800.0,61194100,0.0,587.0,19473500.0,71810000.0
2016-08-09,121.01781463623047,587.801025390625,1.1083648204803467,1339.0,51.78215789794922,18533.05078125,121.3554548770844,591.0910034179688,1.1121997833251953,1339.4000244140625,52.04907555532193,18585.3203125,120.6619341085392,584.7930297851562,1.107200264930725,1328.5,51.622006624717166,18507.75,121.11819190936816,591.0380249023438,1.1086843013763428,1331.800048828125,51.75546375638244,18538.05078125,3013900.0,92228096,0.0,620.0,16920700.0,60090000.0
2016-08-10,121.7078857421875,592.10302734375,1.111580491065979,1344.300048828125,51.62199401855469,18495.66015625,122.85798294948763,599.9840087890625,1.1200001239776611,1354.199951171875,51.88891161074575,18561.75,121.18344871608036,586.3709716796875,1.111815333366394,1344.300048828125,51.44404782574687,18468.779296875,121.5422784831871,587.6480102539062,1.111815333366394,1344.800048828125,51.74655533530776,18541.48046875,2642200.0,102905000,0.0,110.0,15756900.0,62780000.0
2016-08-11,122.37033081054688,589.1199951171875,1.1186434030532837,1342.5,51.871131896972656,18613.51953125,122.88557206241315,597.5419921875,1.1190940141677856,1350.4000244140625,52.004592429312865,18638.33984375,121.72627924571401,589.1199951171875,1.113800287246704,1334.800048828125,51.63090497518568,18519.080078125,122.23232477496525,592.1240234375,1.1186057329177856,1341.5999755859375,51.63090497518568,18519.080078125,2275700.0,74514400,0.0,666.0,18162300.0,71470000.0
2016-08-12,122.46234893798828,587.5590209960938,1.113908290863037,1335.800048828125,51.55081558227539,18576.470703125,123.08799504255747,589.9099731445312,1.1219995021820068,1351.800048828125,51.77324748080892,18606.060546875,122.02991129071827,583.8109741210938,1.1132633686065674,1333.199951171875,51.26610302367579,18535.859375,122.27832216438867,588.7979736328125,1.1138957738876343,1336.800048828125,51.63089120150912,18595.650390625,2522600.0,69218000,0.0,113.0,21655200.0,61580000.0
2016-08-13,,585.5880126953125,,,,,,589.7739868164062,,,,,,584.97900390625,,,,,,587.3569946289062,,,,,,43563000,,,,
2016-08-14,,570.4730224609375,,,,,,585.666015625,,,,,,564.781005859375,,,,,,585.5889892578125,,,,,,60851100,,,,
2016-08-15,123.897705078125,567.239990234375,1.1166945695877075,1340.300048828125,51.710975646972656,18636.05078125,124.21052822422646,573.5800170898438,1.1205737590789795,1340.5999755859375,52.049073140783,18722.609375,122.87641795115478,563.239990234375,1.1155484914779663,1333.5999755859375,51.56861934337493,18559.9296875,123.01442403347133,570.4940185546875,1.1166945695877075,1336.5,51.61310505186634,18588.58984375,2812600.0,57262300,0.0,62.0,19283900.0,62350000.0
2016-08-16,124.2104721069336,577.4390258789062,1.1184055805206299,1350.5,51.42449188232422,18552.01953125,124.40369457415632,581.7379760742188,1.13237464427948,1355.0,51.585641333118666,18614.859375,122.7383423773658,566.7160034179688,1.1179429292678833,1341.0,51.27229707612739,18550.650390625,123.42840055573765,567.2429809570312,1.1184431314468384,1342.199951171875,51.57669010371731,18614.48046875,2759200.0,58405200,0.0,338.0,20523500.0,67570000.0
2016-08-17,123.95287322998047,573.2160034179688,1.1275991201400757,1342.699951171875,51.53192901611328,18573.939453125,124.20129814872044,580.8939819335938,1.129433035850525,1347.300048828125,51.6393608488506,18582.349609375,123.39162525165504,571.4299926757812,1.1256000995635986,1338.5999755859375,51.23648720709018,18468.6796875,124.0724878277575,577.760986328125,1.1279042959213257,1345.5,51.51402314145766,18537.08984375,2854600.0,54443000,0.0,135.0,18856400.0,71000000.0
2016-08-18,124.2104721069336,574.3179931640625,1.1298924684524536,1351.199951171875,51.567726135253906,18597.69921875,125.09375275252818,577.7919921875,1.1340440511703491,1354.4000244140625,51.6572554890611,18600.8203125,123.77803452534566,573.4299926757812,1.129611611366272,1348.199951171875,51.272287805679255,18533.2890625,123.95285151014966,573.7069702148438,1.1301988363265991,1351.300048828125,51.40657671359659,18566.5390625,2030800.0,59896600,0.0,140.0,14214300.0,70740000.0
2016-08-19,123.69525146484375,575.6300048828125,1.1349449157714844,1340.4000244140625,51.585636138916016,18552.5703125,124.2104927440169,578.2379760742188,1.1352026462554932,1350.0999755859375,51.684116728396106,18585.169921875,123.14319921471713,574.1820068359375,1.130600094795227,1338.5999755859375,51.209623068387565,18491.240234375,123.75045388200203,574.3389892578125,1.1349449157714844,1350.0999755859375,51.4155354758478,18585.169921875,1922600.0,50631600,0.0,197.0,17271000.0,93170000.0
2016-08-20,,581.697021484375,,,,,,582.8179931640625,,,,,,575.4569702148438,,,,,,576.083984375,,,,,,45301400,,,,
2016-08-21,,581.3079833984375,,,,,,584.1580200195312,,,,,,580.218017578125,,,,,,581.9390258789062,,,,,,38299400,,,,
2016-08-22,124.2012939453125,586.7529907226562,1.1298158168792725,1337.699951171875,51.63040542602539,18529.419921875,124.82694004330932,588.447998046875,1.1332728862762451,1337.699951171875,51.702028923568726,18570.919921875,123.14319616531687,580.593994140625,1.1273956298828125,1333.300048828125,51.26334353910661,18466.859375,123.56643808516942,581.3109741210938,1.1300712823867798,1334.4000244140625,51.56773657327313,18535.859375,2520500.0,72844000,0.0,117.0,15221900.0,73450000.0
2016-08-23,123.41921997070312,583.4149780273438,1.1319260597229004,1340.5999755859375,51.827369689941406,18547.30078125,125.4709892750357,589.4739990234375,1.1357183456420898,1341.199951171875,52.086999761074985,18631.599609375,122.9591811287012,581.6339721679688,1.1310003995895386,1334.300048828125,51.791557939054734,18545.51953125,124.50491893824872,586.77099609375,1.131861925125122,1337.0,51.836324335261345,18568.939453125,3481900.0,85349200,0.0,551.0,18732400.0,73990000.0
2016-08-24,122.63714599609375,580.1820068359375,1.1300839185714722,1324.4000244140625,51.881080627441406,18481.48046875,123.88845218416161,583.5900268554688,1.1313496828079224,1337.199951171875,51.96165534894996,18539.150390625,122.43474182558388,579.85498046875,1.1246000528335571,1322.9000244140625,51.675168209185344,18448.26953125,123.29960303914562,583.4119873046875,1.1303266286849976,1337.199951171875,51.74678828652845,18537.5,2135900.0,56328200,0.0,262.0,18151500.0,72270000.0
2016-08-25,122.35192108154297,577.760986328125,1.1263798475265503,1320.0999755859375,52.078033447265625,18448.41015625,122.64635266626455,580.4509887695312,1.1299996376037598,1324.0,52.18546867585395,18497.6796875,121.83667984755088,575.1669921875,1.1260627508163452,1317.0,51.72887749234302,18431.4609375,122.64635266626455,580.1799926757812,1.1262530088424683,1321.4000244140625,51.81840684949995,18471.2109375,1921400.0,136130000,0.0,58.0,18552600.0,64480000.0
2016-08-26,121.661865234375,579.6510009765625,1.1290504932403564,1321.5,51.95270919799805,18395.400390625,123.36401452365168,580.6229858398438,1.1340440511703491,1340.5,52.55254409288836,18572.08984375,121.28464406305173,576.8579711914062,1.1234692335128784,1320.0999755859375,51.64831613533654,18335.33984375,122.83036779533397,577.7529907226562,1.1289230585098267,1323.800048828125,52.17652752597866,18467.919921875,1973700.0,48856800,0.0,141.0,20971200.0,78730000.0
2016-08-27,,569.947021484375,,,,,,579.844970703125,,,,,,568.6300048828125,,,,,,579.4520263671875,,,,,,59698300,,,,
2016-08-28,,573.9119873046875,,,,,,574.0380249023438,,,,,,569.739990234375,,,,,,569.8300170898438,,,,,,86301600,,,,
2016-08-29,122.27830505371094,574.1069946289062,1.1199462413787842,1322.9000244140625,52.015380859375,18502.990234375,122.90396511000182,576.2780151367188,1.12100088596344,1323.0,52.46301753945635,18523.08984375,121.74467241061397,573.4650268554688,1.116071343421936,1315.0,52.015380859375,18419.919921875,122.11269782777114,574.0709838867188,1.1196954250335693,1315.0,52.0870043674825,18421.2890625,2380000.0,110398000,0.0,437.0,16417200.0,64480000.0
2016-08-30,120.35535430908203,577.5029907226562,1.1192818880081177,1311.699951171875,51.827369689941406,18454.30078125,122.77516300423721,578.3569946289062,1.1191942691802979,1322.0999755859375,52.095950991198386,18514.2890625,120.23573972285133,574.114013671875,1.1140000820159912,1308.0,51.57669426412777,18408.51953125,122.54514359334478,574.114013671875,1.1191942691802979,1322.0,51.90794442183815,18491.279296875,3437300.0,70342400,0.0,705.0,16930200.0,68920000.0
2016-08-31,119.10405731201172,575.4719848632812,1.1153244972229004,1306.9000244140625,51.442413330078125,18400.880859375,120.37376905035245,577.8610229492188,1.1164453029632568,1313.699951171875,51.74680644982048,18439.6796875,118.81883546685326,573.6420288085938,1.1125946044921875,1306.300048828125,51.29916970991685,18333.560546875,120.37376905035245,577.5910034179688,1.1150758266448975,1310.300048828125,51.612517476967774,18436.69921875,3639200.0,75840896,0.0,214.0,20860300.0,98250000.0
2016-09-01,119.51810455322266,572.302978515625,1.116071343421936,1312.199951171875,51.55878448486328,18419.30078125,119.63771916374216,576.3109741210938,1.1200001239776611,1313.0999755859375,51.76469691407599,18430.05078125,118.10119087168734,571.8140258789062,1.112999439239502,1301.5,51.039524381912386,18295.48046875,119.63771916374216,575.5460205078125,1.1158223152160645,1305.300048828125,51.039524381912386,18396.5703125,2807200.0,76923400,0.0,225.0,26075400.0,74780000.0
2016-09-02,120.67738342285156,575.5369873046875,1.1200717687606812,1322.0999755859375,51.63040542602539,18491.9609375,121.41344832313274,575.6430053710938,1.125112533569336,1326.699951171875,52.0959479144681,18544.759765625,120.14373672112947,570.8109741210938,1.1154004335403442,1309.199951171875,51.40658711899695,18439.099609375,120.42895853566174,572.4099731445312,1.1200717687606812,1309.5999755859375,51.63040542602539,18466.009765625,2631000.0,79910800,0.0,55.0,18900500.0,74350000.0
2016-09-03,,598.2119750976562,,,,,,599.5,,,,,,574.0560302734375,,,,,,575.5549926757812,,,,,,159014000,,,,
2016-09-04,,608.6339721679688,,,,,,611.8369750976562,,,,,,596.8480224609375,,,,,,598.5900268554688,,,,,,97942896,,,,
2016-09-05,,606.5900268554688,1.1161960363388062,,,,,609.0549926757812,1.1184431314468384,,,,,602.2420043945312,1.1141316890716553,,,,,608.989990234375,1.116071343421936,,,,,82446800,0.0,,,
2016-09-06,122.36116027832031,610.4359741210938,1.1153244972229004,1349.4000244140625,51.576690673828125,18538.119140625,122.3611602783203,610.8300170898438,1.1253999471664429,1349.4000244140625,51.74679135590416,18551.5390625,120.77862522792375,605.0910034179688,1.1144545078277588,1323.199951171875,51.21858002028287,18450.3203125,121.10985382078057,606.5059814453125,1.115200161933899,1323.300048828125,51.728885481707266,18493.400390625,4151800.0,78529104,0.0,46.0,16278400.0,83710000.0
2016-09-07,122.03907775878906,614.5440063476562,1.1253657341003418,1344.300048828125,51.6214485168457,18526.140625,122.44391410082712,614.5449829101562,1.1265066862106323,1350.5,51.782597953391615,18536.890625,121.45022872653418,608.5130004882812,1.1232799291610718,1343.9000244140625,51.39763023444259,18474.76953125,121.89186199090825,610.572998046875,1.1248594522476196,1348.4000244140625,51.45134785168988,18527.7109375,2198700.0,75032400,0.0,14.0,17493400.0,67570000.0
2016-09-08,122.27830505371094,626.3159790039062,1.1241008043289185,1336.800048828125,51.41553497314453,18479.91015625,122.28751481466522,628.77001953125,1.1329994201660156,1345.4000244140625,51.737833839129664,18506.240234375,120.99939777607563,613.843994140625,1.1238480806350708,1335.699951171875,51.19171669567662,18446.689453125,121.74467241061397,614.635009765625,1.1241008043289185,1344.800048828125,51.59459027815804,18486.689453125,2618300.0,86713000,0.0,30.0,20146100.0,79060000.0
2016-09-09,118.2575912475586,622.8610229492188,1.1271415948867798,1330.0999755859375,50.32329559326172,18085.44921875,121.39505972228298,626.8300170898438,1.128668189048767,1338.5,51.4961044779698,18404.169921875,118.2483955242617,620.2630004882812,1.1206001043319702,1328.0,50.32329559326172,18085.44921875,121.39505972228298,626.3519897460938,1.126887559890747,1338.5,50.842555583729514,18404.169921875,4892900.0,64550200,0.0,35.0,35113900.0,120670000.0
2016-09-10,,623.5089721679688,,,,,,625.094970703125,,,,,,622.39501953125,,,,,,622.927001953125,,,,,,45016800,,,,
2016-09-11,,606.718994140625,,,,,,628.8179931640625,,,,,,600.5059814453125,,,,,,623.4240112304688,,,,,,73610800,,,,
2016-09-12,119.7204818725586,608.2429809570312,1.1241133213043213,1321.0,51.075340270996094,18325.0703125,120.23572303516332,608.458984375,1.1262530088424683,1329.300048828125,51.21858386011383,18358.689453125,116.21498878337337,605.4110107421875,1.1214659214019775,1319.9000244140625,49.78614796893642,17994.83984375,116.73943268663443,607.0050048828125,1.1241008043289185,1327.0,50.13530400396113,18028.94921875,6381100.0,72812304,0.0,177.0,29303000.0,103260000.0
2016-09-13,118.46920013427734,609.2410278320312,1.1243535280227661,1319.0,50.60978317260742,18066.75,119.62850702666033,611.1929931640625,1.1260005235671997,1324.5999755859375,50.71721839489259,18262.990234375,118.00916128219433,606.9249877929688,1.1219995021820068,1315.0,50.18005252905347,18028.060546875,118.89244205547321,608.0250244140625,1.1241259574890137,1324.5999755859375,50.58292607463392,18262.990234375,4552400.0,86920600,0.0,79.0,30130200.0,102830000.0
2016-09-14,117.4663314819336,610.6840209960938,1.12186861038208,1321.5,50.36806869506836,18034.76953125,118.97525851802305,611.9520263671875,1.1275228261947632,1322.300048828125,50.69932223778443,18163.48046875,117.16270412208185,608.4099731445312,1.1214534044265747,1319.199951171875,50.16215626903191,17992.2109375,118.60723301235173,608.8410034179688,1.121956706047058,1319.199951171875,50.48445516724417,18073.390625,3955400.0,47877700,0.0,73.0,24062500.0,103360000.0
2016-09-15,117.55831909179688,607.155029296875,1.1247328519821167,1313.5,51.20066833496094,18212.48046875,118.1931819407516,611.0859985351562,1.1281588077545166,1320.699951171875,51.34391189708206,18250.109375,116.79465997176355,607.155029296875,1.1220952272415161,1310.800048828125,50.11738868297022,18015.490234375,117.37430636833629,610.5880126953125,1.1245431900024414,1320.699951171875,50.26958688877161,18024.91015625,3462400.0,59464600,0.0,37.0,26847000.0,99550000.0
2016-09-16,116.5738296508789,606.9730224609375,1.124593734741211,1305.800048828125,51.254390716552734,18123.80078125,117.50310999667127,609.260986328125,1.124985933303833,1312.5999755859375,51.59459548891755,18217.2109375,116.24260115177736,606.7349853515625,1.115599513053894,1305.800048828125,50.806754116408165,18070.2109375,117.50310999667127,607.2459716796875,1.1247961521148682,1312.199951171875,51.59459548891755,18217.2109375,8035600.0,64963400,0.0,4.0,44607000.0,278510000.0
2016-09-17,,605.9840087890625,,,,,,607.8599853515625,,,,,,605.1920166015625,,,,,,607.218017578125,,,,,,37140300,,,,
2016-09-18,,609.8740234375,,,,,,610.1580200195312,,,,,,605.8560180664062,,,,,,606.2830200195312,,,,,,48679400,,,,
2016-09-19,117.29150390625,609.2269897460938,1.1158473491668701,1313.5,50.967899322509766,18120.169921875,118.04596731130111,610.9320068359375,1.1209995746612549,1313.5,51.70202301241408,18254.880859375,117.09828141918335,608.27001953125,1.1153992414474487,1313.5,50.89627583315522,18093.05078125,117.30990237092347,609.8709716796875,1.116071343421936,1313.5,51.27229232187467,18154.8203125,3168100.0,54796400,0.0,20.0,20937100.0,78090000.0
2016-09-20,117.57672882080078,608.31201171875,1.118067979812622,1313.699951171875,50.8604621887207,18129.9609375,118.2299831381964,609.5250244140625,1.1213276386260986,1313.699951171875,51.343907030559755,18227.2109375,117.37431060590497,607.93798828125,1.1165997982025146,1313.699951171875,50.80674457731833,18128.80078125,117.72393760095684,609.2540283203125,1.1179429292678833,1313.699951171875,51.343907030559755,18175.359375,2639300.0,72710896,0.0,97.0,17384000.0,72450000.0
2016-09-21,120.12533569335938,597.1489868164062,1.1153992414474487,1326.9000244140625,51.71097183227539,18293.69921875,120.18974786768557,603.5880126953125,1.1169440746307373,1326.9000244140625,51.79154654644809,18307.4296875,117.93554639460132,595.8829956054688,1.112599492073059,1324.0,51.102189277098766,18121.5703125,117.93554639460132,603.5880126953125,1.1155734062194824,1326.300048828125,51.487153561261884,18164.9609375,3227800.0,82776200,0.0,76.0,33707300.0,94090000.0
2016-09-22,121.33064270019531,596.2979736328125,1.1193194389343262,1340.4000244140625,51.76469039916992,18392.4609375,121.89189066290051,598.4869995117188,1.1258726119995117,1340.4000244140625,51.925839830480186,18449.880859375,120.68659111330531,596.2130126953125,1.1182055473327637,1338.199951171875,51.59458973954058,18343.759765625,120.9442117480613,597.2789916992188,1.1193194389343262,1338.5999755859375,51.85421634314414,18343.759765625,3253100.0,67085300,0.0,23.0,19822200.0,73030000.0
2016-09-23,121.24781799316406,602.8419799804688,1.1210134029388428,1337.199951171875,51.41553497314453,18261.44921875,121.71705248789128,603.2050170898438,1.122999906539917,1337.199951171875,51.84526565605942,18383.759765625,120.53935435113851,595.7860107421875,1.1196001768112183,1337.199951171875,51.370772000690124,18254.83984375,120.7601780165056,596.198974609375,1.1209505796432495,1337.199951171875,51.80945391201754,18377.359375,2330700.0,51067000,0.0,40.0,19955300.0,87170000.0
2016-09-24,,602.625,,,,,,604.5800170898438,,,,,,602.0449829101562,,,,,,602.9609985351562,,,,,,35359500,,,,
2016-09-25,,600.8259887695312,,,,,,603.3809814453125,,,,,,599.7109985351562,,,,,,602.7490234375,,,,,,33977800,,,,
2016-09-26,120.13455963134766,608.0430297851562,1.123923897743225,1339.699951171875,50.9410400390625,18094.830078125,121.06383311302501,608.1430053710938,1.1279042959213257,1341.800048828125,51.155903667528534,18217.759765625,120.00573526749348,600.3489990234375,1.1221996545791626,1335.199951171875,50.87837119616026,18083.3203125,120.59459851046421,600.8070068359375,1.123974323272705,1335.199951171875,51.102189468009925,18217.759765625,2219900.0,59153800,0.0,24.0,21688700.0,95510000.0
2016-09-27,120.82460021972656,606.166015625,1.124985933303833,1325.9000244140625,51.881080627441406,18228.30078125,121.21103113676533,608.2479858398438,1.1260005235671997,1328.699951171875,51.97956122208476,18238.099609375,119.48128071255056,604.1099853515625,1.1193996667861938,1325.9000244140625,50.74408329735229,18052.16015625,119.87690735168415,608.02197265625,1.1250745058059692,1328.0,50.96790158874315,18099.2109375,1939000.0,49422400,0.0,48.0,28065100.0,84130000.0
2016-09-28,121.661865234375,604.72802734375,1.121956706047058,1319.4000244140625,51.95270919799805,18339.240234375,121.78147982292218,606.5900268554688,1.123721718788147,1319.4000244140625,51.979569719689444,18349.859375,120.15293843126908,604.6069946289062,1.1184005737304688,1319.4000244140625,51.63041025927449,18179.33984375,121.07301609265734,606.2429809570312,1.1218308210372925,1319.4000244140625,51.81842025032767,18240.220703125,1773000.0,48722600,0.0,10551.0,20536400.0,97650000.0
2016-09-29,120.55775451660156,605.6929931640625,1.1224982738494873,1321.699951171875,51.388671875,18143.44921875,122.16789015248305,606.823974609375,1.1249998807907104,1325.0,52.078029083772044,18366.23046875,120.23572177371784,604.8480224609375,1.1199462413787842,1314.699951171875,51.218567818252325,18091.640625,121.26621812738462,605.0189819335938,1.1224603652954102,1321.199951171875,51.755733670598765,18322.880859375,2199400.0,55658600,0.0,6108.0,25463500.0,95880000.0
2016-09-30,121.2110366821289,609.7349853515625,1.121956706047058,1313.300048828125,51.567726135253906,18308.150390625,122.02990524268432,609.7349853515625,1.1249998807907104,1327.699951171875,51.71992432912832,18369.619140625,120.77859905629134,604.1420288085938,1.1154004335403442,1312.9000244140625,51.33495664574647,18181.80078125,121.53305544142493,605.7150268554688,1.1222084760665894,1320.5999755859375,51.540869036709566,18181.80078125,3118900.0,56122400,0.0,868.0,29910800.0,135470000.0
2016-10-01,,613.9829711914062,,,,,,615.2369995117188,,,,,,609.9290161132812,,,,,,609.9290161132812,,,,,,56357000,,,,
2016-10-02,,610.8920288085938,,,,,,614.0050048828125,,,,,,609.6820068359375,,,,,,613.947998046875,,,,,,39249800,,,,
2016-10-03,121.79989624023438,612.1329956054688,1.1234692335128784,1309.0,51.40657043457031,18253.849609375,122.11271930376121,612.5679931640625,1.1243535280227661,1316.800048828125,51.5229568727059,18279.80078125,120.29096930168309,610.4550170898438,1.1206001043319702,1308.199951171875,51.08427504581792,18203.75,120.78780510615086,610.968017578125,1.1235954761505127,1313.5,51.39761920788076,18279.599609375,2439400.0,46798300,0.0,299.0,19189500.0,68520000.0
2016-10-04,121.68025970458984,610.2039794921875,1.121038556098938,1266.300048828125,51.24543380737305,18168.44921875,122.58193180013873,612.0540161132812,1.1249998807907104,1310.199951171875,51.567729254990205,18313.76953125,121.16501850713333,609.47900390625,1.1140000820159912,1266.300048828125,51.00370966026328,18116.259765625,122.15870397620075,612.052001953125,1.1213276386260986,1307.5999755859375,51.27229090754218,18267.6796875,2829200.0,49801600,0.0,1893.0,20085900.0,79710000.0
2016-10-05,123.897705078125,612.510986328125,1.121076226234436,1265.199951171875,51.60354232788086,18281.029296875,124.11851480983148,613.8140258789062,1.1239995956420898,1274.0,51.89002945438378,18315.8203125,121.95633996430865,609.6170043945312,1.1192004680633545,1261.300048828125,51.26333758446016,18205.5,122.30596005260254,610.218017578125,1.121076226234436,1272.0999755859375,51.29019810051702,18205.5,3137500.0,68077504,0.0,246.0,16726400.0,76190000.0
2016-10-06,123.67684936523438,613.02099609375,1.120824933052063,1249.800048828125,51.693077087402344,18268.5,124.21049614449376,613.8189697265625,1.1212018728256226,1265.300048828125,51.8005089172604,18288.119140625,122.99598677667467,611.468994140625,1.114951491355896,1249.800048828125,51.281248811753244,18162.970703125,124.0540846118393,612.469970703125,1.120824933052063,1265.300048828125,51.693077087402344,18280.419921875,3614900.0,56812100,0.0,114.0,16212600.0,78660000.0
2016-10-07,123.15242004394531,617.1209716796875,1.1144545078277588,1248.9000244140625,51.74679183959961,18240.490234375,123.89768082109732,617.9119873046875,1.1201971769332886,1263.5999755859375,51.90794129368167,18319.73046875,121.94710632416475,611.8209838867188,1.110600233078003,1248.9000244140625,51.406587057071235,18149.349609375,123.22601391392178,612.6079711914062,1.1145787239074707,1253.9000244140625,51.79155481791211,18295.349609375,4302000.0,64071400,0.0,169.0,20089000.0,82680000.0
2016-10-08,,619.1079711914062,,,,,,619.8489990234375,,,,,,617.3410034179688,,,,,,617.3410034179688,,,,,,42345900,,,,
2016-10-09,,616.7520141601562,,,,,,619.197998046875,,,,,,616.6069946289062,,,,,,619.1719970703125,,,,,,39243400,,,,
2016-10-10,124.98332977294922,618.9940185546875,1.1196954250335693,,51.961647033691406,18329.0390625,125.93100851683246,621.3179931640625,1.1201971769332886,,52.27499122541669,18399.9609375,123.83323284694828,616.197021484375,1.1150758266448975,,51.80944884399945,18282.94921875,123.83323284694828,616.822021484375,1.1195449829101562,,51.8452605845382,18282.94921875,3343300.0,67481104,0.0,,18196500.0,72110000.0
2016-10-11,123.05120849609375,641.072021484375,1.1140819787979126,1253.0,51.20066833496094,18128.66015625,124.84535737593032,642.0800170898438,1.1143302917480469,1258.9000244140625,51.94374666141144,18312.330078125,122.61877081232893,618.5,1.105600357055664,1253.0,50.93208708288333,18061.9609375,124.15529903451065,619.2379760742188,1.1143302917480469,1258.9000244140625,51.82736019993931,18308.4296875,3607300.0,103590000,0.0,26.0,26497400.0,88610000.0
2016-10-12,122.51751708984375,636.1920166015625,1.1061947345733643,1251.0999755859375,51.12905502319336,18144.19921875,123.54799934530202,641.3369750976562,1.1061947345733643,1254.0,51.2722986042581,18193.9609375,122.37030132784463,635.9650268554688,1.1006003618240356,1251.0999755859375,50.49341184566835,18082.08984375,123.06955513843877,640.8709716796875,1.1061947345733643,1251.699951171875,51.12905502319336,18132.630859375,2264200.0,92370200,0.0,127.0,22177500.0,72230000.0
2016-10-13,122.719970703125,636.7860107421875,1.1011881828308105,1255.0,50.95893478393555,18098.939453125,123.2260022173651,638.8330078125,1.1048502922058105,1259.0,51.29913946191944,18137.69921875,120.8890109874261,635.0289916992188,1.0986005067825317,1255.0,50.42177237886226,17959.94921875,121.83668991524308,636.030029296875,1.1013215780258179,1258.699951171875,50.761977056846156,18088.3203125,3544200.0,61620700,0.0,315.0,25313700.0,83160000.0
2016-10-14,122.83036804199219,640.3779907226562,1.1049723625183105,1253.0999755859375,51.40657043457031,18138.380859375,124.440503952655,641.2849731445312,1.1058276891708374,1253.9000244140625,51.69306091656449,18261.109375,122.8119625577316,637.0079956054688,1.098538875579834,1250.5999755859375,51.1379892363457,18138.380859375,123.80564811873889,637.0079956054688,1.1049723625183105,1253.9000244140625,51.1379892363457,18177.349609375,2317400.0,58144600,0.0,311.0,27402500.0,87050000.0
2016-10-15,,638.64599609375,,,,,,642.1019897460938,,,,,,637.3900146484375,,,,,,640.3109741210938,,,,,,39035400,,,,
2016-10-16,,641.6309814453125,,,,,,642.8980102539062,,,,,,638.9010009765625,,,,,,639.0830078125,,,,,,40298100,,,,
2016-10-17,123.2904052734375,639.1929931640625,1.0967799425125122,1254.4000244140625,51.2275390625,18086.400390625,124.56011692479031,642.3280029296875,1.1012003421783447,1255.0,51.44240274091464,18162.279296875,122.67395493178282,638.6630249023438,1.0965272188186646,1249.9000244140625,50.91419135995015,18063.01953125,122.83036644779035,641.8179931640625,1.0968520641326904,1249.9000244140625,51.3528767774413,18135.849609375,2435100.0,58063600,0.0,41.0,23830000.0,75960000.0
2016-10-18,124.30248260498047,637.9600219726562,1.1015641689300537,1260.800048828125,51.6214485168457,18161.939453125,124.8913316753352,640.7360229492188,1.1029006242752075,1261.699951171875,51.88107854408034,18225.80078125,124.13686134558142,635.9959716796875,1.09719979763031,1260.800048828125,51.39763023444259,18129.44921875,124.23807043763938,639.4110107421875,1.1012003421783447,1260.9000244140625,51.50506205374121,18145.060546875,2271000.0,65546700,0.0,11.0,19149500.0,74600000.0
2016-10-19,125.29620361328125,630.52001953125,1.0976948738098145,1267.9000244140625,51.50506591796875,18202.619140625,126.00466753819171,638.8740234375,1.100473165512085,1271.5,51.78260183844161,18252.19921875,124.51414580979875,628.0130004882812,1.0955997705459595,1262.9000244140625,51.38868286132845,18169.25,124.5969494526484,638.1339721679688,1.0975743532180786,1262.9000244140625,51.45135171188745,18178.2109375,2265900.0,69381696,0.0,219.0,22878400.0,88040000.0
2016-10-20,124.98332977294922,630.8569946289062,1.0975141525268555,1265.5999755859375,51.254390716552734,18162.349609375,125.82060370450249,631.9169921875,1.1029006242752075,1270.5,51.49611489045434,18249.05078125,124.55089220563133,628.2579956054688,1.0916005373001099,1265.5,50.726179391774295,18129.0703125,125.05693766092557,630.6630249023438,1.0975743532180786,1270.0,51.478209016625016,18161.869140625,2539700.0,56957300,0.0,415.0,49455600.0,88830000.0
2016-10-21,124.79015350341797,632.8280029296875,1.0930395126342773,1265.9000244140625,53.41200256347656,18145.7109375,125.30539481273469,634.093994140625,1.093135118484497,1265.9000244140625,54.11926925863606,18168.759765625,123.52044167740696,630.6939697265625,1.0862481594085693,1265.9000244140625,53.259807748546685,18049.76953125,123.95287935614193,630.8250122070312,1.0930275917053223,1265.9000244140625,53.96707102850973,18152.630859375,2205000.0,55951000,0.0,224.0,80032200.0,117810000.0
2016-10-22,,657.2940063476562,,,,,,658.197021484375,,,,,,632.8499755859375,,,,,,633.135986328125,,,,,,78556496,,,,
2016-10-23,,657.0709838867188,,,,,,661.1290283203125,,,,,,653.885986328125,,,,,,657.6209716796875,,,,,,54474600,,,,
2016-10-24,126.46467590332031,653.760986328125,1.0882576704025269,1262.0,54.61166763305664,18223.029296875,127.7803943027373,657.2520141601562,1.0901999473571777,1269.199951171875,54.61166763305664,18275.0390625,125.50780128133003,652.594970703125,1.0860475301742554,1261.800048828125,53.65372553959415,18191.1796875,125.50780128133003,657.1610107421875,1.0884946584701538,1269.199951171875,53.6626767693066,18197.140625,3814200.0,62218200,0.0,42.0,54067000.0,88540000.0
2016-10-25,127.9092025756836,657.5880126953125,1.0875475406646729,1271.9000244140625,54.60271072387695,18169.26953125,128.277228030741,664.4240112304688,1.0900002717971802,1274.0999755859375,54.942912060706476,18241.689453125,126.37267453994852,653.697998046875,1.0853402614593506,1264.0999755859375,54.432606640266165,18151.69921875,126.53828178294299,654.0020141601562,1.0875475406646729,1264.0999755859375,54.477369614565205,18206.51953125,5209100.0,90378800,0.0,61.0,35137200.0,83190000.0
2016-10-26,133.90809631347656,678.3040161132812,1.0887316465377808,1264.800048828125,54.28040313720703,18199.330078125,134.50615521538865,679.72802734375,1.0948106050491333,1274.0,54.790708475786595,18236.0390625,125.79301866152376,657.677978515625,1.0876659154891968,1264.800048828125,54.13715959331093,18062.30078125,127.36634359642082,657.677978515625,1.0887197256088257,1274.0,54.44155255098958,18103.80078125,13272000.0,88877104,0.0,279.0,29911600.0,86340000.0
2016-10-27,131.85633850097656,688.31298828125,1.091202735900879,1267.9000244140625,53.805912017822266,18169.6796875,134.5429638135565,688.593994140625,1.0942115783691406,1269.4000244140625,54.45946438709225,18253.19921875,130.44862068375613,678.0399780273438,1.0893957614898682,1267.9000244140625,53.79696078949615,18149.19921875,134.1749383337458,678.2139892578125,1.0911074876785278,1269.4000244140625,54.26250321195906,18234.810546875,7857100.0,96105296,0.0,338.0,28479900.0,83530000.0
2016-10-28,131.58030700683594,689.6510009765625,1.0900371074676514,1275.5,53.60000228881836,18161.189453125,132.49118898524728,690.4439697265625,1.0952903032302856,1281.5,54.181931199732205,18257.060546875,130.8074451071805,684.1619873046875,1.089751958847046,1262.0,53.34037567205614,18094.970703125,132.23356835202878,688.0,1.0900014638900757,1270.300048828125,53.72533998281309,18193.7890625,4636100.0,81145504,0.0,560.0,33574700.0,107850000.0
2016-10-29,,714.47900390625,,,,,,720.4019775390625,,,,,,690.052001953125,,,,,,690.2890014648438,,,,,,134760992,,,,
2016-10-30,,701.864013671875,,,,,,714.1179809570312,,,,,,696.4749755859375,,,,,,714.1179809570312,,,,,,100665000,,,,
2016-10-31,131.0466766357422,700.9719848632812,1.0984665155410767,1271.5,53.6447639465332,18142.419921875,131.89316058129214,709.2890014648438,1.0984183549880981,1276.5999755859375,54.09240050849772,18193.6796875,130.78905597032204,691.6820068359375,1.0939244031906128,1271.5,53.6447639465332,18130.580078125,131.61713442854963,702.6400146484375,1.0984183549880981,1276.5999755859375,53.85963099896238,18176.599609375,3075900.0,97064400,0.0,58.0,26434700.0,110080000.0
2016-11-01,131.0282745361328,729.7930297851562,1.0973334312438965,1286.4000244140625,53.537330627441406,18037.099609375,132.39918138583042,736.4520263671875,1.1050944328308105,1290.699951171875,53.73429180204832,18177.009765625,130.47622227552523,701.3369750976562,1.0961787700653076,1279.0,53.04493110611996,17940.83984375,131.5251103392619,701.3369750976562,1.0973334312438965,1279.300048828125,53.68952883014561,18158.240234375,3245000.0,130527000,0.0,49.0,24533000.0,101280000.0
2016-11-02,129.5009002685547,740.8289794921875,1.1057054996490479,1306.800048828125,53.20608139038086,17959.640625,131.45145995765395,740.8289794921875,1.1119760274887085,1307.0,53.65371794697825,18044.150390625,129.3536845080614,722.3489990234375,1.10515558719635,1288.300048828125,53.08969492941069,17931.890625,130.65099707378164,730.0659790039062,1.1059499979019165,1288.300048828125,53.555237358095475,18017.720703125,2782100.0,84865200,0.0,30.0,22147000.0,88610000.0
2016-11-03,128.82928466796875,688.7000122070312,1.1097548007965088,1302.0999755859375,53.00912094116211,17930.669921875,129.63894350469877,745.7730102539062,1.1128422021865845,1303.0999755859375,53.394088658342454,18006.9609375,128.2128342880208,678.156005859375,1.1060845851898193,1287.300048828125,52.91959499469057,17904.0703125,129.51013318708684,742.3460083007812,1.1097548007965088,1296.4000244140625,53.29560806810619,17978.75,2280800.0,172808000,0.0,73.0,21600400.0,77860000.0
2016-11-04,128.38763427734375,703.2349853515625,1.1102476119995117,1303.300048828125,52.56149673461914,17888.279296875,129.5929478404016,706.9299926757812,1.1125946044921875,1303.300048828125,53.07180226290113,17986.759765625,127.70678577404097,685.56298828125,1.1084016561508179,1296.699951171875,52.39139603025739,17883.560546875,127.99200761075119,689.1240234375,1.1102476119995117,1300.0,52.507782520187405,17928.349609375,2951500.0,99907696,0.0,11.0,28697000.0,97760000.0
2016-11-05,,703.4180297851562,,,,,,707.510009765625,,,,,,697.739013671875,,,,,,703.5250244140625,,,,,,53752300,,,,
2016-11-06,,711.52197265625,,,,,,714.2579956054688,,,,,,699.5599975585938,,,,,,703.81201171875,,,,,,59902200,,,,
2016-11-07,131.59869384765625,703.1309814453125,1.1101243495941162,1278.300048828125,54.09239959716797,18259.599609375,131.66310601647106,710.7360229492188,1.1112345457077026,1294.5,54.18192895717007,18263.30078125,130.18178056569533,699.9030151367188,1.1033873558044434,1278.300048828125,53.51942535393801,17994.640625,130.19097628726763,710.7360229492188,1.1096316576004028,1292.0,53.51942535393801,17994.640625,3228200.0,65047100,0.0,34.0,31664800.0,93450000.0
2016-11-08,131.83975219726562,709.8480224609375,1.1052166223526,1273.4000244140625,54.137168884277344,18332.740234375,132.86888165259768,712.9869995117188,1.1068068742752075,1289.4000244140625,54.414701377158416,18400.5,130.99604854124675,702.3900146484375,1.1030588150024414,1273.199951171875,53.85068174731852,18200.75,131.58015324881086,703.0889892578125,1.1050456762313843,1284.0999755859375,54.208788960919016,18251.380859375,2823800.0,79660800,0.0,50.0,22935400.0,79820000.0
2016-11-09,134.51919555664062,723.2730102539062,1.1019041538238525,1272.5999755859375,53.86858367919922,18589.689453125,135.22383340120282,740.0460205078125,1.1301988363265991,1318.5999755859375,54.24460017728442,18650.060546875,131.2278345614004,708.6099853515625,1.093398094177246,1270.0,53.00017104791878,18252.55078125,131.28347503366717,709.8250122070312,1.1020498275756836,1272.199951171875,53.716388883323894,18317.259765625,5494400.0,132429000,0.0,108.0,49632500.0,173110000.0
2016-11-10,136.92977905273438,715.5339965820312,1.0920606851577759,1265.5,52.55253982543945,18807.880859375,138.45955964687852,723.0180053710938,1.0955302715301514,1287.5,54.155079743296064,18873.66015625,135.72449008460873,711.2100219726562,1.0866104364395142,1253.300048828125,51.594597732686374,18603.140625,135.83574273957709,722.843994140625,1.0920368432998657,1274.4000244140625,54.14612509839386,18603.140625,6508300.0,68807800,0.0,63.0,57822400.0,164390000.0
2016-11-11,137.6992950439453,716.4110107421875,1.0889687538146973,,52.83903503417969,18847.66015625,137.7734681884481,718.3179931640625,1.0925379991531372,,52.928561005654906,18855.779296875,135.88208837132905,714.4099731445312,1.0856997966766357,,51.93480701237428,18736.9609375,136.40128623576777,715.5549926757812,1.0889687538146973,,52.13176824785603,18781.650390625,3585200.0,63119700,0.0,,38767800.0,107300000.0
2016-11-12,,705.0540161132812,,,,,,717.1480102539062,,,,,,704.0349731445312,,,,,,716.7520141601562,,,,,,64622500,,,,
2016-11-13,,702.031005859375,,,,,,705.2570190429688,,,,,,687.3150024414062,,,,,,705.1959838867188,,,,,,80318096,,,,
2016-11-14,139.0622100830078,705.02099609375,1.0824854373931885,1221.199951171875,52.03327178955078,18868.689453125,139.15491591237307,706.2839965820312,1.0874292850494385,1229.5,52.89273656397047,18934.05078125,137.41189636123545,699.8079833984375,1.0710800886154175,1210.4000244140625,51.281242246430956,18815.75,137.41189636123545,701.9970092773438,1.082602620124817,1227.800048828125,52.839018948320536,18876.76953125,4490900.0,62993000,0.0,216.0,41328400.0,112250000.0
2016-11-15,137.31918334960938,711.6190185546875,1.0750375986099243,1224.0,53.060791015625,18923.060546875,138.56155187335744,715.718017578125,1.0816657543182373,1226.0,53.61961277139854,18925.259765625,136.4662132819428,705.260009765625,1.072369933128357,1222.5,52.565064922438054,18806.060546875,137.62514231090546,705.7940063476562,1.0746910572052002,1224.300048828125,52.574080062065434,18858.2109375,3856600.0,72038496,0.0,20.0,35904100.0,100660000.0
2016-11-16,135.77084350585938,744.197998046875,1.0727311372756958,1223.4000244140625,53.763816833496094,18868.140625,137.5973166210142,747.614990234375,1.0760787725448608,1229.300048828125,53.77282853364367,18909.849609375,135.49269773481032,709.0390014648438,1.067121982574463,1223.0,53.00670680518787,18825.890625,136.56818717108982,711.1669921875,1.0726161003112793,1229.300048828125,53.12387609844579,18909.849609375,3559700.0,141294000,0.0,66.0,27332500.0,87320000.0
2016-11-17,134.74171447753906,740.9769897460938,1.0706638097763062,1216.5,54.65612030029297,18903.8203125,136.40129447642462,755.64501953125,1.0750375986099243,1225.0,54.93553112684951,18904.029296875,134.4357555431359,739.510986328125,1.0666905641555786,1211.0,54.05223671039468,18845.26953125,136.13242919005427,744.8759765625,1.0705492496490479,1224.5999755859375,54.4488168244353,18866.220703125,3656100.0,108579000,0.0,1139.0,32132700.0,89940000.0
2016-11-18,135.6874237060547,751.5850219726562,1.062304139137268,1208.5,54.39472961425781,18867.9296875,135.91920952437928,752.8820190429688,1.0639996528625488,1211.9000244140625,55.106774142536516,18915.740234375,133.93512348540403,736.8900146484375,1.057305932044983,1207.199951171875,54.34966424475339,18853.830078125,134.60265362686195,740.7050170898438,1.0624734163284302,1211.9000244140625,54.78229798087699,18905.330078125,2214400.0,87363104,0.0,607.0,27686300.0,109880000.0
2016-11-19,,751.6160278320312,,,,,,756.2369995117188,,,,,,744.4669799804688,,,,,,751.8330078125,,,,,,110608000,,,,
2016-11-20,,731.0260009765625,,,,,,755.47998046875,,,,,,717.9439697265625,,,,,,751.8790283203125,,,,,,154116000,,,,
2016-11-21,136.30862426757812,739.2479858398438,1.0584250688552856,1209.5999755859375,54.854408264160156,18956.689453125,137.6715261737321,741.7219848632812,1.0650999546051025,1209.5999755859375,54.95355414534677,18960.759765625,135.8450525756097,730.510009765625,1.0585371255874634,1209.5999755859375,54.45782473941369,18883.099609375,136.4847837740598,731.2650146484375,1.0585371255874634,1209.5999755859375,54.52993208510122,18898.6796875,2825900.0,60802400,0.0,19.0,19652600.0,80520000.0
2016-11-22,138.62646484375,751.3469848632812,1.0638864040374756,1211.0,55.08876037597656,19023.869140625,138.84897017305568,753.8699951171875,1.065870761871338,1211.0999755859375,55.21494481583103,19043.900390625,137.10595045613275,736.5269775390625,1.0587276220321655,1207.5999755859375,54.80935295580398,18962.8203125,137.1244831355192,739.6430053710938,1.0638750791549683,1210.4000244140625,54.96257593612209,18970.390625,3770000.0,129906000,0.0,19.0,23206700.0,85310000.0
2016-11-23,138.8303985595703,744.593994140625,1.0633772611618042,1189.0999755859375,54.4398078918457,19083.1796875,139.8224342177095,752.25,1.0645092725753784,1213.800048828125,55.07073005119127,19083.759765625,138.17212080178933,738.9240112304688,1.0529640913009644,1186.800048828125,54.30460832154714,19000.380859375,138.7098654419435,751.7410278320312,1.0634112358093262,1212.800048828125,54.98961099666571,19015.51953125,2857500.0,76543800,0.0,309.0,21848900.0,77880000.0
2016-11-24,,740.2890014648438,1.0545185804367065,,,,,746.8319702148438,1.0587612390518188,,,,,733.489990234375,1.0522550344467163,,,,,744.6199951171875,1.0546298027038574,,,,,85919296,0.0,,,
2016-11-25,139.10855102539062,741.6489868164062,1.0561892986297607,1178.199951171875,54.55697250366211,19152.140625,139.21053733705844,741.6489868164062,1.0628122091293335,1189.300048828125,54.55697250366211,19152.140625,138.17214154340928,734.5910034179688,1.0541073083877563,1177.0,54.19644607758313,19093.720703125,139.07147152436673,740.4420166015625,1.0564124584197998,1177.0,54.349669035056486,19093.720703125,962300.0,67807600,0.0,14.0,8409600.0,45890000.0
2016-11-26,,735.3820190429688,,,,,,742.2139892578125,,,,,,729.625,,,,,,741.510986328125,,,,,,54962700,,,,
2016-11-27,,732.0349731445312,,,,,,739.0180053710938,,,,,,731.0850219726562,,,,,,735.43701171875,,,,,,52601800,,,,
2016-11-28,138.8582305908203,735.81298828125,1.0612331628799438,1190.5999755859375,54.62907791137695,19097.900390625,139.1549090360438,738.0059814453125,1.0684902667999268,1190.5999755859375,54.998619461985406,19138.720703125,137.513875881257,732.4840087890625,1.056747317314148,1188.0,54.26854805983663,19072.25,138.14432641928283,732.4840087890625,1.0611205101013184,1188.0,54.38572077732736,19122.140625,4728800.0,61888600,0.0,189914.0,20732600.0,88460000.0
2016-11-29,140.59197998046875,735.60400390625,1.062134861946106,1187.9000244140625,55.06171417236328,19121.599609375,141.02773837190804,737.4710083007812,1.0633999109268188,1194.800048828125,55.35013669139495,19144.400390625,138.24630905484753,734.5590209960938,1.056859016418457,1179.4000244140625,54.54796134544639,19062.220703125,138.91385322270855,736.3289794921875,1.062022089958191,1193.199951171875,54.66513406826164,19064.0703125,3945600.0,68511104,0.0,42124.0,22366700.0,81510000.0
2016-11-30,139.59068298339844,745.6909790039062,1.0648492574691772,1170.800048828125,54.313621520996094,19123.580078125,141.92708789318868,747.9290161132812,1.066699743270874,1193.300048828125,55.14283892773261,19225.2890625,139.59068298339844,736.2650146484375,1.058500051498413,1167.9000244140625,54.27757128108685,19123.380859375,140.5456393822132,736.2839965820312,1.0648492574691772,1187.0999755859375,54.85441637885069,19135.640625,3991000.0,84070800,0.0,7158.0,34655400.0,164570000.0
2016-12-01,141.287353515625,756.7739868164062,1.0592098236083984,1166.9000244140625,53.35822677612305,19191.9296875,141.56549930865106,758.2750244140625,1.0637166500091553,1174.5999755859375,54.21448278107477,19214.30078125,139.43306709156164,746.0460205078125,1.0587612390518188,1160.0,53.12388129016916,19138.7890625,139.7575728746058,746.0460205078125,1.0592098236083984,1172.699951171875,54.17842910042521,19149.19921875,2843900.0,80461904,0.0,1588.0,34542100.0,108800000.0
2016-12-02,141.15757751464844,777.9439697265625,1.0663141012191772,1175.0999755859375,53.40327453613281,19170.419921875,141.3800970155039,781.2960205078125,1.0691757202148438,1177.300048828125,53.60156627600612,19196.140625,140.1099009836958,757.5449829101562,1.0627998113632202,1166.4000244140625,52.99767935833155,19141.1796875,141.34300335848548,757.5449829101562,1.0663254261016846,1172.300048828125,53.25005160133406,19161.25,2105600.0,127605000,0.0,1521.0,25515700.0,84920000.0
2016-12-03,,771.155029296875,,,,,,778.2479858398438,,,,,,764.8560180664062,,,,,,778.2479858398438,,,,,,69547296,,,,
2016-12-04,,773.8720092773438,,,,,,773.8720092773438,,,,,,768.1610107421875,,,,,,771.6380004882812,,,,,,60557900,,,,
2016-12-05,141.0740966796875,758.7000122070312,1.0582010746002197,1174.0,54.277565002441406,19216.240234375,142.54825080490713,773.468017578125,1.0741138458251953,1186.699951171875,54.611052891334126,19274.849609375,140.78668458387398,751.7130126953125,1.054185152053833,1157.0,53.68269313440172,19186.73046875,142.07541291957656,773.3939819335938,1.0570825338363647,1181.800048828125,53.80887755515747,19244.349609375,2855900.0,106363000,0.0,358.0,23552700.0,317800000.0
2016-12-06,141.1483154296875,764.2239990234375,1.0757315158843994,1167.5999755859375,54.03420639038086,19251.779296875,141.5191671285431,765.6220092773438,1.078515887260437,1174.5,54.493878687524656,19255.890625,139.0900559627423,758.719970703125,1.07260000705719,1167.0999755859375,53.899006835667535,19184.740234375,139.85030618952192,758.719970703125,1.0758472681045532,1170.9000244140625,54.466840151888995,19219.91015625,3476300.0,116218000,0.0,652.0,19907000.0,284960000.0
2016-12-07,142.9098663330078,768.1320190429688,1.0720411539077759,1175.0,55.31407928466797,19549.619140625,143.06747899485438,771.5430297851562,1.0769003629684448,1178.5,55.32309442180497,19558.419921875,140.06354378564043,759.75,1.0713521242141724,1166.4000244140625,53.89900532169138,19229.830078125,140.6198212720841,764.2109985351562,1.071926236152649,1167.699951171875,54.088281942359416,19241.990234375,2955800.0,96426096,0.0,182.0,30809000.0,385200000.0
2016-12-08,144.0687713623047,770.8099975585938,1.0761945247650146,1169.800048828125,54.98960494995117,19614.810546875,144.60651607892834,774.697998046875,1.0856584310531616,1177.800048828125,55.5033611976318,19664.970703125,142.9098424421024,765.9459838867188,1.0609999895095825,1169.0999755859375,54.83638199617806,19527.830078125,143.3363345094527,768.0759887695312,1.0760092735290527,1173.800048828125,55.250988923376795,19559.939453125,2928400.0,80111904,0.0,322.0,21220800.0,324570000.0
2016-12-09,145.08865356445312,772.7940063476562,1.062134861946106,1159.4000244140625,55.854862213134766,19756.849609375,145.45023886925728,774.5280151367188,1.063151240348816,1168.800048828125,55.87288904532105,19757.740234375,144.0966034876079,769.6489868164062,1.0538407564163208,1156.0,55.097752452644166,19623.189453125,144.30984247580434,769.9439697265625,1.062134861946106,1166.5999755859375,55.142817813976535,19631.349609375,2707900.0,68705296,0.0,365.0,27349400.0,334470000.0
2016-12-10,,774.6500244140625,,,,,,777.0919799804688,,,,,,772.9099731445312,,,,,,773.0230102539062,,,,,,53843100,,,,
2016-12-11,,769.7310180664062,,,,,,774.7979736328125,,,,,,765.4119873046875,,,,,,774.7520141601562,,,,,,57313400,,,,
2016-12-12,145.70982360839844,780.0869750976562,1.0547411441802979,1163.5,56.035133361816406,19796.4296875,146.48862047384577,781.9219970703125,1.062699317932129,1163.9000244140625,56.152306072184196,19824.58984375,143.05819358330504,770.0399780273438,1.0527424812316895,1153.0,55.62954160132386,19747.740234375,144.6343341387338,770.0399780273438,1.0546298027038574,1158.300048828125,55.71967233959614,19770.19921875,4250600.0,76571000,0.0,331.0,20198100.0,333660000.0
2016-12-13,145.2462615966797,780.5560302734375,1.0641694068908691,1156.699951171875,56.76520919799805,19911.2109375,148.4078234016994,788.4600219726562,1.065303087234497,1164.0,57.16178929125793,19953.75,143.59594778143716,777.9619750976562,1.0606703758239746,1155.4000244140625,56.09823343032154,19846.44921875,147.50849333813565,780.64697265625,1.0642826557159424,1163.5,56.33257543127794,19852.2109375,5650400.0,81645600,0.0,637.0,35718900.0,388420000.0
2016-12-14,143.21578979492188,781.4810180664062,1.062925100326538,1161.300048828125,56.494815826416016,19792.529296875,144.9773559523647,782.0339965820312,1.0666667222976685,1164.0,57.188833596610934,19966.4296875,142.94691038480963,776.8389892578125,1.0615001916885376,1142.0,56.359616264562945,19748.669921875,144.84755648968027,780.0050048828125,1.0630381107330322,1159.800048828125,56.7832383493194,19876.130859375,3640200.0,75979000,0.0,487.0,30352700.0,408430000.0
2016-12-15,142.5668182373047,778.0880126953125,1.051414132118225,1127.800048828125,56.40468978881836,19852.240234375,143.92971991525002,781.4349975585938,1.052520751953125,1143.300048828125,56.91844266554529,19951.2890625,141.90854032021616,777.802001953125,1.0403661727905273,1123.9000244140625,56.15231748149659,19811.5,142.7151504021125,780.0700073242188,1.0515247583389282,1139.800048828125,56.51284738437457,19811.5,2889300.0,81580096,0.0,244.0,27669900.0,357350000.0
2016-12-16,143.24362182617188,784.906982421875,1.0418837070465088,1135.300048828125,56.15230178833008,19843.41015625,144.63433660118326,785.031982421875,1.0472300052642822,1140.9000244140625,56.738161857206535,19923.169921875,141.98270653094494,778.9630126953125,1.0403661727905273,1126.9000244140625,55.99006372120328,19821.0,142.66879757956684,778.9630126953125,1.041775107383728,1126.9000244140625,56.738161857206535,19909.009765625,5888300.0,83608200,0.0,146.0,42453100.0,573470000.0
2016-12-17,,790.8289794921875,,,,,,792.5089721679688,,,,,,784.864013671875,,,,,,785.166015625,,,,,,78989800,,,,
2016-12-18,,790.530029296875,,,,,,794.7369995117188,,,,,,788.0260009765625,,,,,,791.0079956054688,,,,,,60524400,,,,
2016-12-19,144.80123901367188,792.7139892578125,1.0449975728988647,1140.5,57.3420524597168,19883.060546875,145.65422332979813,793.6110229492188,1.0481960773468018,1140.699951171875,57.47725201190785,19917.779296875,143.77212349484267,790.3200073242188,1.0413411855697632,1137.9000244140625,56.260466356990726,19832.94921875,143.85556299954484,790.6920166015625,1.0448229312896729,1139.4000244140625,56.38665421022717,19836.66015625,3002800.0,74886400,0.0,249.0,34338200.0,302310000.0
2016-12-20,144.99594116210938,800.8759765625,1.0405826568603516,1131.5,57.269962310791016,19974.619140625,146.38665612209397,801.3369750976562,1.0419923067092896,1133.5,57.504304360846554,19987.630859375,144.5879958436471,791.4970092773438,1.0355182886123657,1126.5,56.81028647353108,19920.419921875,145.5244196375039,792.2470092773438,1.040474534034729,1133.5,57.40515845719173,19920.58984375,2270100.0,99629296,0.0,46.0,26028400.0,284080000.0
2016-12-21,146.00648498535156,834.281005859375,1.039047360420227,1131.0999755859375,57.269962310791016,19941.9609375,146.9521748668126,834.281005859375,1.0451505184173584,1136.0999755859375,57.4141735965794,19986.560546875,145.23695454865174,799.405029296875,1.0385295152664185,1130.0,56.89140553667882,19941.9609375,145.27404819338062,800.6439819335938,1.0393929481506348,1136.0999755859375,57.17081640713619,19968.970703125,2326000.0,155576000,0.0,50.0,17096300.0,256640000.0
2016-12-22,145.98797607421875,864.5399780273438,1.0428615808486938,1128.800048828125,57.27897644042969,19918.880859375,147.40650405378034,875.781982421875,1.0497585535049438,1132.800048828125,57.774702541453365,19933.830078125,144.86612656538009,834.1489868164062,1.0427528619766235,1128.300048828125,57.1527919897984,19882.189453125,146.95219878792156,834.1799926757812,1.0427528619766235,1131.199951171875,57.540360481462166,19922.6796875,3958500.0,200027008,0.0,104.0,22176600.0,258290000.0
2016-12-23,146.31246948242188,921.9840087890625,1.0437650680541992,1131.9000244140625,56.99956512451172,19933.810546875,146.73896158891475,925.1170043945312,1.0467915534973145,1132.800048828125,57.26996084867817,19934.150390625,145.10718046537625,864.677001953125,1.0429704189300537,1130.300048828125,56.602981520017295,19899.060546875,146.73896158891475,864.8880004882812,1.0439503192901611,1130.9000244140625,57.18884178760142,19908.609375,2135800.0,275564000,0.0,70.0,12403800.0,158260000.0
2016-12-24,,898.822021484375,,,,,,923.47900390625,,,,,,886.3350219726562,,,,,,922.1799926757812,,,,,,137727008,,,,
2016-12-25,,896.1829833984375,,,,,,899.6519775390625,,,,,,862.4240112304688,,,,,,899.6519775390625,,,,,,143664992,,,,
2016-12-26,,907.6099853515625,1.045478343963623,,,,,913.1840209960938,1.0470107793807983,,,,,896.8980102539062,1.044600248336792,,,,,896.905029296875,1.0455876588821411,,,,,123771000,0.0,,,
2016-12-27,146.00648498535156,933.197998046875,1.0456969738006592,1137.300048828125,57.035614013671875,19945.0390625,146.93362804444817,940.0479736328125,1.0461344718933105,1142.199951171875,57.74765870642883,19980.240234375,145.4780207981483,904.2550048828125,1.0435363054275513,1134.300048828125,56.97252179413828,19939.80078125,146.86873538679322,908.35400390625,1.0455766916275024,1134.300048828125,56.97252179413828,19943.4609375,1858700.0,167308000,0.0,84.0,11763200.0,158540000.0
2016-12-28,144.72706604003906,975.9210205078125,1.046233057975769,1139.4000244140625,56.774227142333984,19833.6796875,145.88599509498147,975.9210205078125,1.048218011856079,1141.199951171875,57.14376871790208,19981.109375,144.64361239629997,934.8309936523438,1.0387451648712158,1138.0,56.63001587963102,19827.310546875,145.67274196297217,934.8309936523438,1.0462440252304077,1141.199951171875,57.14376871790208,19964.310546875,1810400.0,236630000,0.0,1570.0,14653300.0,188350000.0
2016-12-29,144.34690856933594,973.4970092773438,1.0416991710662842,1156.4000244140625,56.69310760498047,19819.779296875,145.32967797183264,979.39697265625,1.0490977764129639,1158.800048828125,56.96350329044143,19878.439453125,143.85552386808757,954.5029907226562,1.041775107383728,1143.5999755859375,56.53988120564972,19788.939453125,144.63432066096263,975.125,1.041775107383728,1143.800048828125,56.657053930047624,19835.4609375,1804000.0,199320000,0.0,950.0,10250600.0,172040000.0
2016-12-30,144.33767700195312,961.2379760742188,1.0575296878814697,1150.0,56.00810623168945,19762.599609375,145.36680673670688,972.5349731445312,1.0590976476669312,1162.0,56.77423141606222,19852.55078125,143.6701467725991,934.8330078125,1.0509997606277466,1150.0,55.908960336442675,19718.669921875,145.08867503576167,972.5349731445312,1.0569037199020386,1162.0,56.74718943846075,19833.169921875,2027700.0,187474000,0.0,16.0,25579900.0,271910000.0
2016-12-31,,963.7429809570312,,,,,,963.7429809570312,,,,,,947.2360229492188,,,,,,960.6270141601562,,,,,,99135104,,,,
2017-01-01,,998.3250122070312,,,,,,1003.0800170898438,,,,,,958.698974609375,,,,,,963.6580200195312,,,,,,147775008,,,,
2017-01-02,,1021.75,1.052698016166687,,,,,1031.3900146484375,1.0540739297866821,,,,,996.7020263671875,1.0465724468231201,,,,,998.6170043945312,1.0530749559402466,,,,,222184992,0.0,,,
2017-01-03,145.5336456298828,1043.8399658203125,1.0460032224655151,1160.4000244140625,56.40468978881836,19881.759765625,145.6912582506678,1044.0799560546875,1.0492078065872192,1160.800048828125,56.639031818901465,19938.529296875,143.90187895550875,1021.5999755859375,1.0347682237625122,1146.5,55.99909450764763,19775.9296875,144.9124614842902,1021.5999755859375,1.0459157228469849,1155.199951171875,56.59396644060871,19872.859375,3426100.0,185168000,0.0,52.0,20694100.0,339180000.0
2017-01-04,147.06346130371094,1154.72998046875,1.0419923067092896,1163.800048828125,56.15230178833008,19942.16015625,147.6290192656148,1159.4200439453125,1.0478885173797607,1165.0,56.55789695614708,19956.140625,146.31247751679084,1044.4000244140625,1.0391337871551514,1156.300048828125,55.99006372120328,19878.830078125,146.31247751679084,1044.4000244140625,1.0418403148651123,1156.300048828125,56.31453985545688,19890.939453125,3189800.0,344945984,0.0,36.0,21340000.0,280010000.0
2017-01-05,147.14691162109375,1013.3800048828125,1.0500892400741577,1179.699951171875,56.15230178833008,19899.2890625,148.06477438563863,1191.0999755859375,1.060895323753357,1183.300048828125,56.47677792258368,19948.599609375,145.9323420784848,910.4169921875,1.048657774925232,1171.5,55.908944687639874,19811.119140625,146.86876581632006,1156.72998046875,1.0498688220977783,1172.0,56.05315592083403,19924.560546875,2796000.0,510199008,0.0,500.0,24876000.0,269920000.0
2017-01-06,147.50848388671875,902.2009887695312,1.0605915784835815,1171.9000244140625,56.63901138305664,19963.80078125,148.02768179796638,1046.81005859375,1.060895323753357,1176.5,56.91842212888666,19999.630859375,146.38663442720855,883.9439697265625,1.0539628267288208,1171.9000244140625,55.917955275731934,19834.080078125,147.3972170863928,1014.239990234375,1.0605578422546387,1176.5,56.152297221262444,19906.9609375,2426000.0,351876000,0.0,16.0,19922900.0,277700000.0
2017-01-07,,908.5850219726562,,,,,,908.5850219726562,,,,,,823.5560302734375,,,,,,903.4869995117188,,,,,,279550016,,,,
2017-01-08,,911.198974609375,,,,,,942.7239990234375,,,,,,887.2490234375,,,,,,908.1749877929688,,,,,,158715008,,,,
2017-01-09,146.78529357910156,902.8280029296875,1.0531858205795288,1183.5,56.45876693725586,19887.380859375,147.6382634822947,913.6859741210938,1.0560777187347412,1183.5999755859375,56.85535051856547,19943.779296875,146.64621363419434,879.8070068359375,1.0513478517532349,1173.0,56.36863618055893,19887.380859375,147.41574405869122,913.2440185546875,1.0534077882766724,1173.9000244140625,56.56692453294576,19931.41015625,2839400.0,141876992,0.0,62.0,20382700.0,287510000.0
2017-01-10,147.48069763183594,907.6790161132812,1.0588620901107788,1184.199951171875,56.44074249267578,19855.529296875,148.2873078091875,914.8729858398438,1.0625863075256348,1188.9000244140625,56.84633779155467,19957.119140625,147.01712596262982,901.0599975585938,1.0561892986297607,1182.300048828125,56.13429309333041,19836.029296875,147.3787112987272,902.4400024414062,1.0587612390518188,1184.300048828125,56.5398883922093,19876.349609375,2988300.0,115808000,0.0,8.0,18593000.0,299410000.0
2017-01-11,147.78660583496094,777.7570190429688,1.0552419424057007,1195.5999755859375,56.954490661621094,19954.279296875,148.06475159692508,919.447998046875,1.056747317314148,1197.0,56.99054433814223,19973.419921875,146.74821008051467,762.7650146484375,1.0456969738006592,1176.5,56.26948799905868,19833.16015625,147.9164053042667,908.114990234375,1.0554089546203613,1187.5,56.43172610513596,19887.380859375,2416500.0,310928992,0.0,20.0,21517300.0,336150000.0
2017-01-12,146.75747680664062,804.833984375,1.0597710609436035,1198.9000244140625,56.43172836303711,19891.0,147.56410093317726,826.2459716796875,1.0686043500900269,1204.300048828125,57.14377303061405,19929.2890625,145.255509493977,755.7559814453125,1.0575296878814697,1192.300048828125,55.83685642970817,19770.470703125,147.5548204479359,775.177978515625,1.0596587657928467,1192.699951171875,56.83732364445866,19926.2109375,3020500.0,222326000,0.0,110.0,20968200.0,306290000.0
2017-01-13,147.2581329345703,823.9840087890625,1.0616837739944458,1195.300048828125,56.512840270996094,19885.73046875,147.9534902249291,829.0009765625,1.0667804479599,1196.0,56.66606322555859,19952.029296875,146.80382774525364,780.0029907226562,1.0600003004074097,1187.699951171875,56.19737578611898,19849.380859375,147.17469345502653,803.7369995117188,1.0617965459823608,1195.699951171875,56.4407329241896,19912.5390625,2435400.0,168968000,0.0,65.0,19422300.0,263780000.0
2017-01-14,,818.4119873046875,,,,,,835.0850219726562,,,,,,812.4559936523438,,,,,,825.1420288085938,,,,,,93063296,,,,
2017-01-15,,821.7979736328125,,,,,,823.3070068359375,,,,,,812.8709716796875,,,,,,818.1420288085938,,,,,,71013600,,,,
2017-01-16,,831.5339965820312,1.0628687143325806,,,,,834.530029296875,1.0633434057235718,,,,,820.27099609375,1.058133840560913,,,,,821.7830200195312,1.0626879930496216,,,,,82755200,0.0,,,
2017-01-17,146.18267822265625,907.93798828125,1.0602991580963135,1212.0,56.35962677001953,19826.76953125,147.4528599801764,910.5609741210938,1.071799874305725,1214.5999755859375,56.51285319789899,19882.990234375,145.7747329188176,830.7960205078125,1.0601418018341064,1200.800048828125,55.9089660641962,19775.349609375,146.67406302580275,830.9459838867188,1.0603891611099243,1205.5,56.49482635707386,19848.8203125,2758800.0,155095008,0.0,79.0,20664000.0,341900000.0
2017-01-18,146.78529357910156,886.6179809570312,1.0696789026260376,1211.300048828125,56.33258056640625,19804.720703125,147.46210404032695,917.4990234375,1.0714668035507202,1214.699951171875,56.51284551187232,19828.19921875,145.32967220880406,858.3040161132812,1.0659617185592651,1203.0999755859375,55.990077513847496,19739.0,146.0713894737355,909.3729858398438,1.0697818994522095,1213.5999755859375,56.4858035351783,19822.73046875,2087000.0,225676992,0.0,114.0,19670100.0,279760000.0
2017-01-19,147.41580200195312,899.072998046875,1.062778353691101,1200.9000244140625,56.15230178833008,19732.400390625,148.22241224055676,904.614013671875,1.0676802396774292,1204.0,56.765200388972,19824.140625,146.40521908164283,884.3380126953125,1.058974266052246,1195.800048828125,56.062171056933856,19677.939453125,147.29526883173946,888.3350219726562,1.0629477500915527,1200.5,56.09822472479915,19813.55078125,3144000.0,105625000,0.0,26.0,18451700.0,301750000.0
2017-01-20,147.90713500976562,895.0260009765625,1.0659730434417725,1204.300048828125,56.54889678955078,19827.25,148.6210391453918,899.3980102539062,1.0695186853408813,1212.0999755859375,56.62100070171751,19843.939453125,146.70184617154868,887.0079956054688,1.0626766681671143,1202.800048828125,56.215405451193064,19759.140625,148.1667339414332,898.1719970703125,1.0661321878433228,1202.800048828125,56.48580113878679,19795.060546875,3384500.0,86728400,0.0,38.0,30213500.0,435260000.0
2017-01-21,,921.7890014648438,,,,,,927.3670043945312,,,,,,895.5349731445312,,,,,,895.5490112304688,,,,,,111158000,,,,
2017-01-22,,924.6729736328125,,,,,,937.5250244140625,,,,,,897.5640258789062,,,,,,922.2050170898438,,,,,,116573000,,,,
2017-01-23,146.34030151367188,921.0120239257812,1.0713750123977661,1215.0,56.74717712402344,19799.849609375,147.8793628546697,928.2659912109375,1.0756157636642456,1215.0,56.89138836628743,19833.98046875,145.83036984682505,916.7379760742188,1.070835828781128,1210.0,56.395662435896654,19732.359375,147.36016484736552,925.4990234375,1.0711455345153809,1212.0,56.512835144694655,19794.7890625,3931200.0,73588600,0.0,16.0,23097600.0,326690000.0
2017-01-24,148.8528289794922,892.68701171875,1.0760787725448608,1210.300048828125,57.251930236816406,19912.7109375,149.2051337408973,924.14501953125,1.077284336090088,1219.0,57.450222025999956,19949.240234375,146.34026492938438,892.2860107421875,1.0727771520614624,1207.699951171875,56.72916222470267,19786.7109375,147.02635592299416,910.677001953125,1.0757546424865723,1219.0,56.963507691604676,19794.6796875,3927500.0,111349000,0.0,24.0,24672900.0,374460000.0
2017-01-25,155.16668701171875,901.5419921875,1.0728693008422852,1197.300048828125,57.39613723754883,20068.509765625,156.36269551880886,903.2520141601562,1.076878309249878,1202.800048828125,57.77469051061383,20082.0,151.34686154262812,891.68701171875,1.0712143182754517,1194.9000244140625,57.1888337634988,19994.48046875,151.67135317541135,891.9240112304688,1.0727887153625488,1202.0,57.63949438663391,19994.48046875,7480000.0,120831000,0.0,403.0,23672700.0,372240000.0
2017-01-26,156.79843139648438,917.5859985351562,1.0751993656158447,1189.5,57.92791748046875,20100.91015625,157.61432182476065,919.3259887695312,1.076658010482788,1199.699951171875,58.17127808466101,20125.580078125,155.06467838347777,902.2239990234375,1.0670650005340576,1185.5999755859375,57.27896847627181,20067.529296875,155.06467838347777,902.39501953125,1.0755001306533813,1199.699951171875,57.79272478540179,20076.25,5436800.0,131958000,0.0,19.0,43554600.0,356730000.0
2017-01-27,155.48191833496094,919.75,1.068296194076538,1188.0999755859375,59.28891372680664,20093.779296875,157.4289247954948,923.2230224609375,1.0724780559539795,1188.300048828125,59.40608989622244,20115.970703125,154.84218723658316,915.8460083007812,1.0660525560379028,1187.9000244140625,58.486738323811885,20072.640625,156.88191367984075,918.3590087890625,1.0682847499847412,1187.9000244140625,58.93739897163077,20103.359375,4883200.0,125594000,0.0,234352.0,44818000.0,343130000.0
2017-01-28,,921.5900268554688,,,,,,923.9110107421875,,,,,,919.8109741210938,,,,,,919.8109741210938,,,,,,68979600,,,,
2017-01-29,,919.4959716796875,,,,,,923.4180297851562,,,,,,919.1480102539062,,,,,,922.0670166015625,,,,,,60851700,,,,
2017-01-30,153.50709533691406,920.3820190429688,1.0713980197906494,1193.199951171875,58.70303726196289,19971.130859375,153.89649375516362,923.0479736328125,1.0740330219268799,1198.5,59.29791245317603,20028.619140625,151.88459485400017,919.4739990234375,1.0620898008346558,1187.0999755859375,58.405606542890176,19870.390625,153.83158694524795,920.1510009765625,1.071914792060852,1191.699951171875,59.2077817238651,20028.619140625,5456300.0,78227296,0.0,50503.0,31651400.0,317280000.0
2017-01-31,151.51373291015625,970.4030151367188,1.0708587169647217,1208.5999755859375,58.270423889160156,19864.08984375,153.0713407692769,972.0189819335938,1.0810343027114868,1214.699951171875,58.72108454278624,19918.169921875,151.32830710830618,920.958984375,1.0686043500900269,1193.5,57.918909129454676,19784.76953125,152.94154129327367,920.958984375,1.0707095861434937,1194.9000244140625,58.45970053849881,19913.16015625,5350700.0,164582000,0.0,3212.0,25270500.0,373750000.0
2017-02-01,152.02366638183594,989.0230102539062,1.0803803205490112,1205.5999755859375,57.30602264404297,19890.939453125,153.72960641557893,989.114013671875,1.0808473825454712,1211.9000244140625,58.243397829614686,19967.73046875,151.23558903023886,970.7420043945312,1.0739407539367676,1197.9000244140625,57.206876728879024,19845.990234375,152.28326533709762,970.9409790039062,1.080263614654541,1211.9000244140625,58.00905231408743,19923.810546875,3138000.0,150110000,0.0,1145.0,39671500.0,426670000.0
2017-02-02,150.43824768066406,1011.7999877929688,1.0767391920089722,1216.699951171875,56.93647003173828,19884.91015625,152.02366874725675,1013.52001953125,1.0826611518859863,1224.199951171875,57.15278867618475,19922.75,149.10317338158032,983.2210083007812,1.076843500137329,1208.9000244140625,56.55791670179224,19831.08984375,151.3283113604688,990.0009765625,1.076843500137329,1209.699951171875,57.008577392643176,19858.33984375,3791700.0,145820992,0.0,1512.0,45827000.0,347220000.0
2017-02-03,150.56805419921875,1029.9100341796875,1.0761713981628418,1218.5,57.39613723754883,20071.4609375,151.64354373636186,1033.8699951171875,1.079715371131897,1220.5999755859375,57.41416407506636,20081.48046875,150.48461470420324,1008.7899780273438,1.0728923082351685,1206.199951171875,56.84633072720116,19964.2109375,151.11507945418066,1011.4600219726562,1.0763335227966309,1214.9000244140625,57.233899138158776,19964.2109375,2981700.0,201278000,0.0,865.0,30301800.0,344220000.0
2017-02-04,,1042.9000244140625,,,,,,1045.9000244140625,,,,,,1015.1599731445312,,,,,,1031.3299560546875,,,,,,155064000,,,,
2017-02-05,,1027.3399658203125,,,,,,1043.6300048828125,,,,,,1022.3699951171875,,,,,,1043.52001953125,,,,,,114208000,,,,
2017-02-06,152.0329132080078,1038.1500244140625,1.0782949924468994,1230.0,57.36008071899414,20052.419921875,152.12563317173635,1044.6400146484375,1.0788882970809937,1235.4000244140625,57.36909585643984,20094.94921875,150.54949281791284,1028.1600341796875,1.0706638097763062,1218.5,56.90942011819969,20002.810546875,150.5865723151561,1028.4000244140625,1.0783414840698242,1221.9000244140625,57.2338963008945,20025.609375,3110500.0,111762000,0.0,908.0,19796400.0,281720000.0
2017-02-07,154.3693389892578,1061.3499755859375,1.0743216276168823,1234.199951171875,57.17080307006836,20090.2890625,155.2223090145516,1061.9300537109375,1.0743446350097656,1236.199951171875,57.48626410967943,20155.349609375,152.8580910834979,1040.1400146484375,1.0656777620315552,1228.5,56.99053814531883,20068.6796875,152.97862422358884,1040.1400146484375,1.0743216276168823,1234.199951171875,57.45021387534349,20107.619140625,4243200.0,146007008,0.0,1177.0,20277200.0,279670000.0
2017-02-08,153.18173217773438,1063.0699462890625,1.0678056478500366,1237.5999755859375,57.08969497680664,20054.33984375,154.51895881658487,1078.969970703125,1.0707440376281738,1243.9000244140625,57.51331711548723,20068.279296875,153.06952254353865,1037.489990234375,1.0642147064208984,1231.0,56.98153737651709,20015.330078125,154.29452527942,1062.3199462890625,1.067896842956543,1232.0999755859375,57.296998476640006,20049.2890625,3041600.0,201855008,0.0,288.0,18096400.0,280410000.0
2017-02-09,153.62124633789062,994.3829956054688,1.0692213773727417,1235.0999755859375,57.73863983154297,20172.400390625,154.37868994275084,1088.989990234375,1.0710078477859497,1243.5,58.081146323880404,20206.359375,153.4155191527713,953.343994140625,1.0657345056533813,1226.9000244140625,57.07166400012463,20061.73046875,153.9859419353705,1064.699951171875,1.0692099332809448,1239.4000244140625,57.25192894638586,20061.73046875,3451100.0,407220000,0.0,885.0,22644400.0,325310000.0
2017-02-10,155.44473266601562,988.6740112304688,1.0658594369888306,1234.4000244140625,57.68456268310547,20269.369140625,155.6504598621737,998.905029296875,1.066894292831421,1234.4000244140625,57.95496182129682,20298.2109375,153.79892936552594,946.6909790039062,1.0609854459762573,1221.5,57.666535844674854,20204.759765625,154.5283205996228,995.6320190429688,1.0656890869140625,1227.5999755859375,57.90989300608635,20211.23046875,2689700.0,190452000,0.0,391.0,18170700.0,312230000.0
2017-02-11,,1004.4500122070312,,,,,,1009.2899780273438,,,,,,982.8300170898438,,,,,,988.8980102539062,,,,,,102261000,,,,
2017-02-12,,999.1810302734375,,,,,,1004.760009765625,,,,,,996.9210205078125,,,,,,1003.52001953125,,,,,,67530000,,,,
2017-02-13,157.12794494628906,990.6420288085938,1.061954379081726,1224.4000244140625,58.33351516723633,20412.16015625,158.1004760810705,1002.0999755859375,1.0658026933670044,1231.0999755859375,58.45969959809892,20441.48046875,155.55695286994532,976.0020141601562,1.0593445301055908,1219.0,57.80173202871332,20322.94921875,155.65045614947556,998.885009765625,1.061931848526001,1230.5,57.90087792103904,20338.5390625,3765000.0,100607000,0.0,398.0,22920100.0,314620000.0
2017-02-14,157.5674285888672,1004.5499877929688,1.059849739074707,1223.9000244140625,58.551143646240234,20504.41015625,157.8479669237888,1011.510009765625,1.0633207559585571,1233.5,58.6871628646141,20504.41015625,156.37047834405593,986.4710083007812,1.056178092956543,1222.0999755859375,58.05240881827765,20374.01953125,156.81933111866704,991.7349853515625,1.0599170923233032,1225.9000244140625,58.40606155333965,20374.220703125,2580300.0,137946000,0.0,159.0,23108400.0,356580000.0
2017-02-15,158.31552124023438,1007.47998046875,1.0578316450119019,1231.699951171875,58.51485824584961,20611.859375,158.92334239008653,1008.8400268554688,1.0587948560714722,1231.699951171875,58.551130490481015,20620.44921875,157.42716176399966,1001.5800170898438,1.0522106885910034,1217.300048828125,58.17935208989987,20496.029296875,157.49261262118478,1006.2100219726562,1.0578652620315552,1225.5,58.48765579193188,20504.26953125,4033200.0,89759400,0.0,175.0,17005200.0,384380000.0
2017-02-16,159.72756958007812,1027.43994140625,1.0607378482818604,1240.0,58.50579071044922,20619.76953125,159.72756958007812,1033.3699951171875,1.0674750804901123,1240.699951171875,59.158677302535736,20639.869140625,157.80122798369584,1007.6500244140625,1.0600519180297852,1233.199951171875,58.43325313661347,20556.830078125,158.72700032462558,1007.6500244140625,1.0601868629455566,1234.5,58.70528460450049,20627.310546875,3070100.0,122277000,0.0,87.0,20546300.0,354120000.0
2017-02-17,161.50433349609375,1046.2099609375,1.0672245025634766,1237.5999755859375,58.596492767333984,20624.05078125,162.0092912424838,1053.1700439453125,1.0676915645599365,1241.199951171875,58.65996748780975,20624.05078125,159.34419762708802,1025.6400146484375,1.0625863075256348,1234.800048828125,58.30632162826964,20532.609375,159.35355794474694,1026.1199951171875,1.06670081615448,1240.699951171875,58.46047353253571,20564.130859375,4982900.0,136474000,0.0,301.0,21248800.0,340620000.0
2017-02-18,,1054.4200439453125,,,,,,1061.0999755859375,,,,,,1046.9599609375,,,,,,1049.2099609375,,,,,,99073504,,,,
2017-02-19,,1047.8699951171875,,,,,,1056.81005859375,,,,,,1043.4599609375,,,,,,1054.760009765625,,,,,,77423296,,,,
2017-02-20,,1079.97998046875,1.062665343284607,,,,,1080.489990234375,1.063151240348816,,,,,1041.68994140625,1.0605241060256958,,,,,1048.68994140625,1.0626766681671143,,,,,109478000,0.0,,,
2017-02-21,164.16940307617188,1115.300048828125,1.0609403848648071,1237.5,58.47860336303711,20743.0,164.73982593713194,1117.25,1.061255693435669,1237.5,58.895723922803,20757.640625,162.41137571410945,1076.9300537109375,1.0526647567749023,1228.0999755859375,58.44233110763677,20663.369140625,162.6358092929183,1079.280029296875,1.061030387878418,1237.300048828125,58.58742012923812,20663.4296875,4231700.0,186868992,0.0,119.0,20655900.0,336880000.0
2017-02-22,163.98236083984375,1117.43994140625,1.0542073249816895,1232.0,58.3607177734375,20775.599609375,164.34705643985546,1125.3900146484375,1.0556206703186035,1238.5999755859375,58.3879202326589,20781.58984375,162.7199453104632,1100.550048828125,1.0496814250946045,1231.800048828125,58.07961647051683,20692.390625,163.62701128693902,1114.800048828125,1.0542184114456177,1236.0999755859375,58.33351531421609,20715.41015625,2832100.0,136100000,0.0,36.0,19292700.0,310530000.0
2017-02-23,165.3850555419922,1166.719970703125,1.0554089546203613,1250.199951171875,58.596492767333984,20810.3203125,165.51597155891488,1176.6199951171875,1.0595015287399292,1250.300048828125,58.696239744971,20840.69921875,164.30031467676093,1116.9599609375,1.0538963079452515,1236.0999755859375,58.206574650632625,20746.41015625,164.55280066253172,1117.27001953125,1.0551751852035522,1236.0999755859375,58.41513148152773,20817.2109375,3502600.0,189454000,0.0,112.0,20273100.0,302110000.0
2017-02-24,165.92742919921875,1173.6800537109375,1.0584474802017212,1256.9000244140625,58.596492767333984,20821.759765625,167.19919093208685,1200.3900146484375,1.0618078708648682,1258.800048828125,58.75971446544678,20821.759765625,164.67437383163906,1131.9599609375,1.0566245317459106,1250.0,58.16123259962464,20733.94921875,165.2821951501405,1172.7099609375,1.0584698915481567,1250.0,58.514878459164755,20751.91015625,4197200.0,330759008,0.0,1264.0,21796800.0,292540000.0
2017-02-25,,1143.8399658203125,,,,,,1174.8499755859375,,,,,,1124.5899658203125,,,,,,1170.4100341796875,,,,,,139960992,,,,
2017-02-26,,1165.199951171875,,,,,,1167.469970703125,,,,,,1130.199951171875,,,,,,1144.27001953125,,,,,,116486000,,,,
2017-02-27,167.78829956054688,1179.969970703125,1.055275321006775,1257.4000244140625,58.24284362792969,20837.439453125,168.2091142854056,1181.97998046875,1.0614584684371948,1263.0999755859375,58.52394495731747,20851.330078125,166.03028654665601,1163.3800048828125,1.0552864074707031,1250.4000244140625,58.0796219390085,20774.759765625,166.4510870027393,1163.780029296875,1.0552864074707031,1254.699951171875,58.52394495731747,20808.7109375,2892600.0,131570000,0.0,544.0,15871500.0,256540000.0
2017-02-28,168.53639221191406,1179.969970703125,1.0584250688552856,1252.5999755859375,58.01613998413086,20812.240234375,170.1260907039516,1193.25,1.062699317932129,1257.300048828125,58.2156304560643,20841.240234375,168.01272816924524,1171.8199462890625,1.0576637983322144,1247.199951171875,57.816646053085016,20781.2109375,168.63925581092224,1180.719970703125,1.0582793951034546,1253.5999755859375,58.106820616020975,20833.880859375,4785100.0,184956000,0.0,721.0,23239800.0,339210000.0
2017-03-01,171.97763061523438,1222.5,1.0569148063659668,1248.9000244140625,58.88664627075195,21115.55078125,172.80988543135604,1222.5,1.05880606174469,1248.9000244140625,58.931981389957095,21169.109375,170.02323655820788,1179.68994140625,1.0515247583389282,1236.9000244140625,58.052398442338934,20957.2890625,170.05128896907243,1180.0400390625,1.0569260120391846,1247.800048828125,58.15214539010328,20957.2890625,5461800.0,229056992,0.0,138.0,26937500.0,392820000.0
2017-03-02,171.11732482910156,1251.010009765625,1.0535852909088135,1231.9000244140625,58.04335021972656,21002.970703125,173.66084807324944,1262.1300048828125,1.0545185804367065,1247.5999755859375,58.71436965005264,21129.19921875,171.09861846544283,1215.6199951171875,1.050045132637024,1230.699951171875,57.92546711905908,20996.609375,172.06178929663398,1224.6800537109375,1.053629755973816,1247.199951171875,58.659964725985084,21128.91015625,4909000.0,368275008,0.0,79.0,24539600.0,319910000.0
2017-03-03,170.35986328125,1274.989990234375,1.0509721040725708,1225.5,58.2609748840332,21005.7109375,171.66903760265498,1280.31005859375,1.057373046875,1235.199951171875,58.28817734515642,21039.9609375,169.67723084443367,1250.7099609375,1.05035400390625,1222.9000244140625,57.6896989866577,20953.859375,171.1173211711017,1250.7099609375,1.0508506298065186,1231.699951171875,58.02521214970267,21008.75,3917500.0,315739008,0.0,121.0,18135900.0,254420000.0
2017-03-04,,1255.1500244140625,,,,,,1279.4000244140625,,,,,,1230.510009765625,,,,,,1277.4300537109375,,,,,,183270000,,,,
2017-03-05,,1267.1199951171875,,,,,,1267.2900390625,,,,,,1238.06005859375,,,,,,1254.2900390625,,,,,,134127000,,,,
2017-03-06,169.1909637451172,1272.8299560546875,1.062044620513916,1224.5,58.27910614013672,20954.33984375,170.4720856443904,1276.0,1.0638071298599243,1235.199951171875,58.542074788332194,20986.4296875,168.72340454931182,1264.5999755859375,1.057820439338684,1224.5,57.86198906293997,20912.109375,169.63047053067618,1267.469970703125,1.0618754625320435,1235.199951171875,58.00707461726981,20955.7109375,4244000.0,153656992,0.0,29.0,18750300.0,266620000.0
2017-03-07,170.21023559570312,1223.5400390625,1.0579211711883545,1215.0999755859375,58.396995544433594,20924.759765625,170.97702517578946,1275.550048828125,1.060400366783142,1225.4000244140625,58.741571590846085,20970.5390625,168.90106142494255,1204.800048828125,1.0560777187347412,1213.699951171875,58.206571393661534,20901.259765625,168.91976778604888,1273.2099609375,1.0581226348876953,1224.300048828125,58.206571393661534,20934.890625,2452000.0,291256000,0.0,53.0,18521000.0,274630000.0
2017-03-08,169.9484405517578,1150.0,1.0570154190063477,1208.5,58.931983947753906,20855.73046875,170.83680026895152,1232.1600341796875,1.0575296878814697,1212.199951171875,59.013598235023174,20951.439453125,169.7146609278239,1148.0799560546875,1.0537296533584595,1206.699951171875,58.26096465767097,20835.580078125,170.56560791467368,1223.22998046875,1.0568925142288208,1212.199951171875,58.27003444919509,20940.439453125,2321700.0,332603008,0.0,24.0,21510900.0,296780000.0
2017-03-09,168.8543243408203,1188.489990234375,1.0547411441802979,1202.4000244140625,58.69622802734375,20858.189453125,170.74325310110453,1197.4599609375,1.0614020824432373,1205.5999755859375,59.12241139790099,20900.5703125,167.92855205383268,1141.22998046875,1.052565097808838,1202.300048828125,58.469531654010964,20777.16015625,169.65851240966364,1150.3499755859375,1.0544073581695557,1204.5,59.11334852408916,20864.3203125,3100500.0,212283008,0.0,37.0,19846800.0,275960000.0
2017-03-10,167.10565185546875,1116.719970703125,1.0578428506851196,1200.699951171875,58.877586364746094,20902.98046875,170.16349295704427,1270.469970703125,1.0669056177139282,1203.300048828125,59.17682725827953,20940.2890625,166.37626065968365,1077.25,1.058133840560913,1196.199951171875,58.71436468811193,20827.66015625,170.09802782135307,1189.3599853515625,1.058133840560913,1196.199951171875,59.04080804138027,20919.009765625,4595600.0,563795968,0.0,3.0,19538200.0,315430000.0
2017-03-11,,1175.8299560546875,,,,,,1193.8299560546875,,,,,,1116.3199462890625,,,,,,1116.3199462890625,,,,,,283320000,,,,
2017-03-12,,1221.3800048828125,,,,,,1226.97998046875,,,,,,1175.3599853515625,,,,,,1176.6199951171875,,,,,,227176000,,,,
2017-03-13,167.43295288085938,1231.9200439453125,1.0690041780471802,1202.4000244140625,58.67808532714844,20881.48046875,167.5638688865049,1237.3699951171875,1.0715816020965576,1210.0,59.113345384851414,20926.060546875,165.58142243850847,1217.030029296875,1.0656890869140625,1202.300048828125,58.551135918281716,20845.7109375,165.6655796702575,1221.780029296875,1.068798542022705,1206.199951171875,58.950123727990785,20899.279296875,3499000.0,380276992,0.0,35.0,20100000.0,289260000.0
2017-03-14,167.13372802734375,1240.0,1.0651443004608154,1201.9000244140625,58.40605926513672,20837.369140625,168.03144807912787,1244.81005859375,1.0662117004394531,1205.9000244140625,58.53300868578549,20874.0,166.17991741649482,1220.719970703125,1.0627444982528687,1196.800048828125,58.170293090407064,20786.310546875,166.95605322666322,1232.1600341796875,1.065200924873352,1203.0999755859375,58.51486910099306,20848.599609375,2346700.0,245306000,0.0,22.0,14280200.0,246820000.0
2017-03-15,167.1150360107422,1249.6099853515625,1.0612443685531616,1200.0999755859375,58.71437072753906,20950.099609375,167.61064768194345,1251.6099853515625,1.0641003847122192,1221.199951171875,58.86852262737625,20977.470703125,166.42304317322714,1239.75,1.0610530376434326,1197.699951171875,58.26097790338818,20859.599609375,167.3862141016957,1240.1600341796875,1.0612443685531616,1198.199951171875,58.5330163651689,20874.779296875,3569000.0,297804992,0.0,36.0,24833800.0,306590000.0
2017-03-16,166.62875366210938,1187.81005859375,1.0737909078598022,1226.5,58.6146240234375,20934.55078125,168.32131572051728,1257.97998046875,1.0745755434036255,1231.4000244140625,58.723440792297374,21000.109375,166.11443567698618,1152.43994140625,1.0707095861434937,1222.199951171875,58.306320222339444,20893.5,168.15300125380864,1251.3299560546875,1.0737909078598022,1222.199951171875,58.714370998669345,20969.26953125,3100700.0,638568000,0.0,47.0,20674300.0,264360000.0
2017-03-17,168.41481018066406,1100.22998046875,1.077470064163208,1229.800048828125,58.823177337646484,20914.619140625,168.67664216105277,1180.1600341796875,1.078299641609192,1230.9000244140625,59.15868354191484,20980.509765625,166.61002445644255,1099.5699462890625,1.0729843378067017,1227.0999755859375,58.650885880390234,20911.0703125,166.74094044663687,1180.1600341796875,1.077052354812622,1227.0999755859375,58.859449587501715,20965.369140625,5037400.0,706598976,0.0,26.0,49219700.0,535280000.0
2017-03-18,,973.8179931640625,,,,,,1114.0699462890625,,,,,,957.655029296875,,,,,,1099.68994140625,,,,,,621302016,,,,
2017-03-19,,1036.739990234375,,,,,,1069.9100341796875,,,,,,976.72998046875,,,,,,976.72998046875,,,,,,406648000,,,,
2017-03-20,167.75088500976562,1054.22998046875,1.0742985010147095,1233.5999755859375,58.877586364746094,20905.859375,168.46156983923245,1063.030029296875,1.0777000188827515,1234.4000244140625,59.104282753503284,20955.44921875,167.5171054156125,1036.6800537109375,1.0742292404174805,1229.300048828125,58.68716222837703,20885.69921875,168.41482533542109,1037.239990234375,1.0742292404174805,1229.300048828125,58.859453697664414,20916.26953125,2062200.0,286529984,0.0,23.0,14598100.0,253610000.0
2017-03-21,164.5434112548828,1120.5400390625,1.073767900466919,1246.0999755859375,58.224700927734375,20668.009765625,168.5550622132094,1122.4300537109375,1.0818997621536255,1246.0999755859375,59.39445514941364,20970.0390625,164.11325058761858,1055.3599853515625,1.0736756324768066,1226.4000244140625,58.15215642137638,20653.259765625,168.311936608356,1055.3599853515625,1.0736756324768066,1226.4000244140625,59.11335383505754,20956.330078125,3239600.0,337391008,0.0,11.0,26640500.0,369320000.0
2017-03-22,165.49725341796875,1049.1400146484375,1.081244707107544,1249.300048828125,58.96825408935547,20661.30078125,165.60947733075693,1120.6500244140625,1.0820754766464233,1249.5,59.06800103788625,20686.2109375,164.11328215629507,1014.2100219726562,1.0776559114456177,1247.699951171875,58.14308296395606,20578.94921875,164.54344290630462,1120.6500244140625,1.0811277627944946,1247.9000244140625,58.14308296395606,20640.419921875,2505700.0,380840992,0.0,3.0,20680000.0,325090000.0
2017-03-23,165.7590789794922,1038.5899658203125,1.0790164470672607,1246.9000244140625,58.823177337646484,20656.580078125,166.3108096682183,1058.010009765625,1.0804970264434814,1247.5,59.15868354191484,20757.890625,165.13255137685235,1028.9300537109375,1.077052354812622,1244.800048828125,58.73249325389629,20618.619140625,165.83389016218004,1050.050048828125,1.0789697170257568,1246.4000244140625,58.886652045337065,20645.0703125,2006400.0,248540000,0.0,16.0,19269200.0,280050000.0
2017-03-24,164.4125213623047,937.52001953125,1.0783880949020386,1248.199951171875,58.92292785644531,20596.720703125,166.01156581074991,1040.469970703125,1.08119797706604,1248.300048828125,59.34911125199777,20718.330078125,163.43064420392605,934.3579711914062,1.0761598348617554,1247.5999755859375,58.72343392929646,20529.669921875,165.37569215771944,1038.449951171875,1.078399658203125,1248.0,59.267503873559434,20674.44921875,2386800.0,491038016,0.0,3.0,22617100.0,292980000.0
2017-03-25,,972.7789916992188,,,,,,975.760986328125,,,,,,903.7130126953125,,,,,,936.5399780273438,,,,,,435803008,,,,
2017-03-26,,966.7249755859375,,,,,,1007.9600219726562,,,,,,954.1859741210938,,,,,,974.0150146484375,,,,,,303668000,,,,
2017-03-27,164.6743621826172,1045.77001953125,1.0849517583847046,1255.4000244140625,59.031742095947266,20550.98046875,164.99229902614945,1046.4000244140625,1.0904886722564697,1257.699951171875,59.14055886020344,20578.4609375,162.47682815190163,971.9840087890625,1.0839051008224487,1253.800048828125,58.351652885352884,20412.80078125,163.05659701584577,972.0549926757812,1.0845986604690552,1255.800048828125,58.60555175039209,20488.349609375,2750700.0,372535008,0.0,72.0,18614700.0,269380000.0
2017-03-28,165.85260009765625,1047.1500244140625,1.0860947370529175,1255.300048828125,59.20402145385742,20701.5,166.1518305660792,1064.6500244140625,1.0874292850494385,1255.9000244140625,59.36724310770784,20735.609375,163.645720101536,1027.72998046875,1.0846928358078003,1255.300048828125,58.623679333105656,20520.099609375,164.8520165600237,1044.5799560546875,1.0862716436386108,1255.9000244140625,58.904780602094355,20542.140625,2412600.0,326332000,0.0,19.0,20080400.0,299670000.0
2017-03-29,166.10508728027344,1039.969970703125,1.0817711353302002,1253.4000244140625,59.36726379394531,20659.3203125,166.44173047770423,1055.1300048828125,1.0826494693756104,1253.4000244140625,59.39446625936166,20684.73046875,165.48790570685455,1015.8800048828125,1.0740907192230225,1252.0999755859375,58.89573133264142,20625.029296875,165.88999977304368,1046.0799560546875,1.0817476511001587,1252.199951171875,59.049890167044346,20675.75,1640600.0,298457984,0.0,190678.0,13618400.0,238320000.0
2017-03-30,166.432373046875,1026.4300537109375,1.0759629011154175,1245.0,59.58488464355469,20728.490234375,166.90929257495495,1049.2900390625,1.0769003629684448,1253.5999755859375,59.82972064495487,20753.779296875,165.72168818165605,1020.0399780273438,1.0721906423568726,1241.0999755859375,59.267511047504016,20643.599609375,165.74974059286373,1042.2099609375,1.0759977102279663,1253.0999755859375,59.32191597304826,20662.7890625,1737200.0,352968992,0.0,51328.0,15122800.0,270900000.0
2017-03-31,165.3850555419922,1071.7900390625,1.0687072277069092,1247.300048828125,59.720890045166016,20663.220703125,166.61940452029532,1074.9200439453125,1.0700910091400146,1248.800048828125,60.02013090281069,20722.58984375,165.33829676406785,1026.6400146484375,1.0672245025634766,1238.699951171875,59.349104691445554,20660.6796875,166.46979640722344,1026.6400146484375,1.0687528848648071,1242.0999755859375,59.53046593163502,20700.33984375,2032700.0,447287008,0.0,8223.0,21040300.0,303770000.0
2017-04-01,,1080.5,,,,,,1091.719970703125,,,,,,1061.0899658203125,,,,,,1071.7099609375,,,,,,289633984,,,,
2017-04-02,,1102.1700439453125,,,,,,1107.5899658203125,,,,,,1075.449951171875,,,,,,1080.6099853515625,,,,,,514187008,,,,
2017-04-03,165.1886749267578,1143.81005859375,1.0668829679489136,1250.800048828125,59.43980407714844,20650.2109375,166.1986046043945,1151.739990234375,1.068376064300537,1252.4000244140625,59.79344993880624,20692.33984375,164.1132943748319,1102.949951171875,1.064373254776001,1243.5999755859375,59.11336067896804,20517.8203125,165.5907832957017,1102.949951171875,1.0668145418167114,1247.5,59.67556337276984,20665.169921875,2934800.0,580444032,0.0,1160.0,20400900.0,285670000.0
2017-04-04,167.10565185546875,1133.25,1.067008137702942,1255.0,59.60301971435547,20689.240234375,167.18980908526532,1156.43994140625,1.067463755607605,1260.300048828125,59.675557303509294,20701.2890625,165.29151991305866,1120.52001953125,1.0636826753616333,1253.0,59.19496204901835,20605.30078125,165.40374382156153,1145.52001953125,1.0670194625854492,1253.0999755859375,59.29470901710798,20634.939453125,2326500.0,436310016,0.0,724.0,12997400.0,237390000.0
2017-04-05,165.5907745361328,1124.780029296875,1.0680338144302368,1245.4000244140625,59.4488410949707,20648.150390625,168.48963312956644,1135.0899658203125,1.0689127445220947,1255.4000244140625,60.16520230059906,20887.5,165.41309975009892,1113.6300048828125,1.065405249595642,1243.0,59.34003128838893,20639.55078125,167.38620022291894,1134.1400146484375,1.0679539442062378,1255.4000244140625,60.11986718726422,20745.060546875,2567200.0,414784000,0.0,907.0,21448600.0,284980000.0
2017-04-06,165.8619384765625,1182.6800537109375,1.0672472715377808,1250.300048828125,59.60301971435547,20662.94921875,166.65679478781664,1188.3699951171875,1.0683988332748413,1257.5,59.902253700399356,20746.4609375,165.62815888722585,1125.81005859375,1.0631964206695557,1249.0,59.376323317465406,20612.169921875,166.03961324746217,1125.81005859375,1.0673270225524902,1256.0999755859375,59.485133160308635,20653.76953125,2343600.0,511222016,0.0,169.0,18103500.0,251720000.0
2017-04-07,167.2459259033203,1176.9000244140625,1.0644639730453491,1254.300048828125,59.55768966674805,20656.099609375,167.47034517973103,1186.5799560546875,1.0660412311553955,1269.0999755859375,59.811588575501816,20726.0703125,165.75907685322971,1163.3900146484375,1.0611655712127686,1249.5,59.340063018991444,20606.94921875,166.81576517557656,1178.93994140625,1.064305305480957,1249.5,59.71184158731621,20647.810546875,2806900.0,317022016,0.0,445.0,14108500.0,219730000.0
2017-04-08,,1175.949951171875,,,,,,1184.97998046875,,,,,,1162.5799560546875,,,,,,1172.6500244140625,,,,,,209312000,,,,
2017-04-09,,1187.8699951171875,,,,,,1197.2099609375,,,,,,1171.8599853515625,,,,,,1176.5699462890625,,,,,,242343008,,,,
2017-04-10,166.03961181640625,1187.1300048828125,1.0582010746002197,1251.0999755859375,59.42165756225586,20658.01953125,168.29325046269372,1190.3399658203125,1.060782790184021,1255.199951171875,59.68462620892476,20750.330078125,165.96480063621044,1179.0400390625,1.0570378303527832,1246.800048828125,59.267505675036986,20614.859375,167.3861845223834,1187.300048828125,1.0584250688552856,1252.699951171875,59.49420206855588,20668.220703125,2309300.0,215883008,0.0,182.0,17952700.0,230480000.0
2017-04-11,166.98411560058594,1205.010009765625,1.0597598552703857,1271.199951171875,59.37632369995117,20651.30078125,167.01216801378257,1208.0699462890625,1.0629477500915527,1273.5,59.49420333653236,20660.029296875,165.47857426100458,1187.4599609375,1.0579211711883545,1254.5,58.805044348444184,20512.560546875,165.98353196731986,1187.4599609375,1.0597823858261108,1254.5,59.48513354349533,20644.3203125,2266300.0,216182000,0.0,401.0,18791500.0,255120000.0
2017-04-12,164.62759399414062,1200.3699951171875,1.0611318349838257,1275.300048828125,59.14962387084961,20591.859375,166.6848515806519,1207.1400146484375,1.0623831748962402,1285.0999755859375,59.40352271535958,20642.5390625,164.52473040137636,1196.760009765625,1.0596587657928467,1272.0,59.040807115391914,20553.029296875,166.6848515806519,1204.81005859375,1.0609629154205322,1275.0,59.321908419210146,20637.94921875,2922700.0,288702016,0.0,492.0,17108500.0,267670000.0
2017-04-13,164.2255096435547,1169.280029296875,1.0670650005340576,1285.9000244140625,58.895721435546875,20453.25,165.40376810881398,1205.8900146484375,1.0678056478500366,1287.5999755859375,59.72089964504904,20612.26953125,164.16940481545208,1156.43994140625,1.0611768960952759,1282.0,58.895721435546875,20453.25,164.3377335685361,1201.02001953125,1.0671560764312744,1285.300048828125,59.204032134316655,20561.689453125,2024100.0,351968992,0.0,915.0,17896500.0,235810000.0
2017-04-14,,1167.5400390625,1.0616387128829956,,,,,1190.800048828125,1.063151240348816,,,,,1159.7900390625,1.0607041120529175,,,,,1170.3299560546875,1.0617965459823608,,,,,254827008,0.0,,,
2017-04-15,,1172.52001953125,,,,,,1188.0,,,,,,1164.9599609375,,,,,,1167.300048828125,,,,,,203559008,,,,
2017-04-16,,1182.93994140625,,,,,,1187.219970703125,,,,,,1172.6099853515625,,,,,,1172.6099853515625,,,,,,183231008,,,,
2017-04-17,167.40489196777344,1193.9100341796875,1.0610530376434326,1289.4000244140625,59.37632369995117,20636.919921875,167.46099678608988,1194.9000244140625,1.0669853687286377,1294.800048828125,59.38538657476315,20644.41015625,164.25353340751997,1172.6500244140625,1.0609742403030396,1284.300048828125,58.95013336413645,20484.75,164.43120817803788,1183.25,1.0611205101013184,1291.800048828125,58.977335825022486,20484.75,2450200.0,253206000,0.0,73.0,16689300.0,229240000.0
2017-04-18,166.3108367919922,1211.6700439453125,1.0644525289535522,1291.699951171875,59.294715881347656,20523.279296875,168.29328351582967,1217.5699462890625,1.0708587169647217,1291.699951171875,59.584887026229545,20600.119140625,165.62818998942242,1193.77001953125,1.063795804977417,1278.5999755859375,59.08615904627126,20462.279296875,167.00281537435544,1193.77001953125,1.0643846988677979,1283.9000244140625,59.24031095362787,20561.390625,2960200.0,270524000,0.0,394.0,15155600.0,263180000.0
2017-04-19,166.82513427734375,1210.2900390625,1.0728693008422852,1281.4000244140625,58.97732162475586,20404.490234375,168.22781202385318,1215.510009765625,1.0736525058746338,1288.0,59.62113841086893,20546.689453125,166.6007149699188,1205.0799560546875,1.070159673690796,1274.0,58.84130243485065,20379.55078125,166.8905994211933,1212.1300048828125,1.0728347301483154,1288.0,59.530461257006586,20503.51953125,2124500.0,288060992,0.0,194.0,26992800.0,294790000.0
2017-04-20,167.66671752929688,1229.0799560546875,1.0715012550354004,1281.9000244140625,59.39445877075195,20578.7109375,168.15298305066202,1240.7900390625,1.077818512916565,1281.9000244140625,59.62115517827391,20629.779296875,166.77835797958377,1208.4100341796875,1.0710651874542236,1276.199951171875,59.068015390462314,20406.6796875,167.14305355341435,1211.0799560546875,1.0714898109436035,1279.699951171875,59.3581865153614,20406.6796875,2335200.0,315108000,0.0,127.0,22299500.0,312440000.0
2017-04-21,168.67666625976562,1222.050048828125,1.0714898109436035,1287.4000244140625,60.21056365966797,20547.759765625,169.19096997908198,1235.93994140625,1.0737563371658325,1287.4000244140625,60.48259518166686,20601.400390625,167.7789462924815,1215.56005859375,1.0687072277069092,1279.199951171875,59.3491132111092,20505.330078125,167.7789462924815,1229.4200439453125,1.071329116821289,1279.800048828125,59.54860714484333,20578.099609375,3146600.0,272167008,0.0,474.0,32522600.0,369600000.0
2017-04-22,,1231.7099609375,,,,,,1235.56005859375,,,,,,1208.469970703125,,,,,,1222.7099609375,,,,,,249320000,,,,
2017-04-23,,1207.2099609375,,,,,,1232.199951171875,,,,,,1203.93994140625,,,,,,1231.9200439453125,,,,,,258951008,,,,
2017-04-24,170.24765014648438,1250.1500244140625,1.087393879890442,1275.800048828125,61.23523712158203,20763.890625,170.62170606011506,1250.93994140625,1.0877995491027832,1276.4000244140625,61.35312369006851,20792.19921875,169.8268497288272,1209.6300048828125,1.0821690559387207,1265.0,60.84531899444201,20723.58984375,169.9577657314044,1209.6300048828125,1.0875357389450073,1275.0,61.18990198758603,20723.58984375,3141900.0,235806000,0.0,605.0,29770000.0,342400000.0
2017-04-25,171.60354614257812,1265.489990234375,1.0864840745925903,1265.5999755859375,61.58887481689453,20996.119140625,171.92149719410878,1267.5799560546875,1.0940918922424316,1276.9000244140625,61.69769157684998,21026.970703125,170.68713424630937,1249.969970703125,1.085198998451233,1262.0999755859375,61.298703708571615,20909.380859375,170.68713424630937,1250.449951171875,1.086767554283142,1275.5999755859375,61.57074214934776,20915.509765625,3735400.0,242556000,0.0,356.0,30242700.0,348180000.0
2017-04-26,169.92039489746094,1281.0799560546875,1.0928245782852173,1262.0999755859375,61.50727081298828,20975.08984375,171.12669152668246,1294.8299560546875,1.0950744152069092,1266.0,61.94252404026014,21070.900390625,168.42419953725806,1265.9300537109375,1.0860711336135864,1262.0999755859375,61.31684666127868,20972.26953125,170.48145745595468,1265.989990234375,1.0928484201431274,1266.0,61.73396722000809,21009.94921875,4471600.0,329631008,0.0,1156.0,26190800.0,328550000.0
2017-04-27,171.33242797851562,1317.72998046875,1.090893268585205,1263.699951171875,61.90623474121094,20981.330078125,171.83738573524977,1319.699951171875,1.0930753946304321,1267.199951171875,62.00598168629581,21005.80078125,170.74329870501145,1281.300048828125,1.085257887840271,1262.199951171875,61.28055753448805,20935.80078125,170.74329870501145,1281.8800048828125,1.0909289121627808,1266.699951171875,61.79742492346265,20991.119140625,3129100.0,449196992,0.0,206.0,34971000.0,305690000.0
2017-04-28,172.83792114257812,1316.47998046875,1.0864251852035522,1266.0999755859375,62.078548431396484,20940.509765625,172.93142441350068,1331.280029296875,1.0948106050491333,1267.199951171875,62.69516298650526,20987.759765625,171.14535926300601,1292.3699951171875,1.0858235359191895,1264.699951171875,61.38032648372118,20926.75,171.51940088424277,1317.739990234375,1.0866730213165283,1265.9000244140625,62.486606148906844,20987.390625,2181600.0,527488992,0.0,85.0,39548800.0,329990000.0
2017-04-29,,1321.7900390625,,,,,,1327.199951171875,,,,,,1315.2099609375,,,,,,1317.8399658203125,,,,,,422705984,,,,
2017-04-30,,1347.8900146484375,,,,,,1347.9100341796875,,,,,,1314.9200439453125,,,,,,1321.8699951171875,,,,,,413115008,,,,
2017-05-01,170.5562286376953,1421.5999755859375,1.0907504558563232,1253.300048828125,62.939979553222656,20913.4609375,172.51998280366027,1434.3199462890625,1.0925379991531372,1269.300048828125,63.06692895902923,20976.619140625,170.00451225720616,1348.300048828125,1.0885419845581055,1253.300048828125,62.11480149725623,20898.380859375,172.27684291012238,1348.300048828125,1.0906076431274414,1268.699951171875,62.27802315018236,20962.73046875,3516700.0,713624000,0.0,34.0,31954400.0,288160000.0
2017-05-02,171.53810119628906,1452.8199462890625,1.090893268585205,1255.0999755859375,62.84025192260742,20949.890625,171.97760793356738,1473.9000244140625,1.0925379991531372,1256.199951171875,63.21203046298971,20960.919921875,170.68714012889714,1415.68994140625,1.0889095067977905,1251.199951171875,62.68609309539928,20904.060546875,170.69648617502784,1421.030029296875,1.0909645557403564,1256.199951171875,63.21203046298971,20941.189453125,1979800.0,477337984,0.0,90.0,23906100.0,338810000.0
2017-05-03,171.49134826660156,1490.0899658203125,1.0935654640197754,1246.4000244140625,62.640750885009766,20957.900390625,171.8279914328127,1492.77001953125,1.0939722061157227,1255.800048828125,62.91278241397325,20972.740234375,170.42531395172853,1447.489990234375,1.0905719995498657,1238.699951171875,62.30523772257388,20874.1796875,171.54745308284123,1453.780029296875,1.0935654640197754,1255.0999755859375,62.91278241397325,20915.0,2983200.0,583795968,0.0,195.0,28928000.0,310920000.0
2017-05-04,171.192138671875,1537.6700439453125,1.0888975858688354,1226.5,62.395912170410156,20951.470703125,172.29557157569516,1608.9100341796875,1.0968520641326904,1239.800048828125,62.640748145818556,20990.7890625,170.35986956705395,1490.719970703125,1.0876303911209106,1224.199951171875,62.241760285582515,20847.94921875,171.43526432811294,1490.719970703125,1.0888738632202148,1239.800048828125,62.59540610052817,20987.830078125,2289300.0,933548992,0.0,72.0,21749400.0,274720000.0
2017-05-05,173.00625610351562,1555.449951171875,1.098152995109558,1224.800048828125,62.56821060180664,21006.939453125,173.06237519525064,1618.030029296875,1.0999890565872192,1233.699951171875,62.59541306471742,21006.939453125,171.2762955642211,1530.31005859375,1.0953261852264404,1224.800048828125,62.10574797764665,20905.0,171.2762955642211,1540.8699951171875,1.098140835762024,1227.0,62.47753341936218,20929.0390625,2636900.0,946035968,0.0,16.0,19128800.0,260960000.0
2017-05-06,,1578.800048828125,,,,,,1578.800048828125,,,,,,1542.5,,,,,,1556.81005859375,,,,,,582529984,,,,
2017-05-07,,1596.7099609375,,,,,,1596.719970703125,,,,,,1559.760009765625,,,,,,1579.469970703125,,,,,,1080029952,,,,
2017-05-08,173.9507293701172,1723.3499755859375,1.0965152978897095,1225.300048828125,62.51380157470703,21012.279296875,174.29671861331641,1723.3499755859375,1.0996261835098267,1234.0,62.61354854431961,21017.890625,172.99690460353276,1596.9200439453125,1.0919533967971802,1224.0,62.04226918777026,20971.05078125,173.35225416278027,1596.9200439453125,1.0966956615447998,1224.0,62.54100403583317,20991.259765625,1963400.0,1340320000,0.0,43.0,18566100.0,276150000.0
2017-05-09,174.78298950195312,1755.3599853515625,1.0927767753601074,1214.300048828125,62.60446548461914,20975.779296875,175.0635278852316,1833.489990234375,1.093400478363037,1226.199951171875,62.82209204573587,21046.849609375,173.97878707990148,1716.300048828125,1.087263822555542,1214.0,62.27802218383223,20938.0390625,174.0348919028022,1723.8900146484375,1.0927289724349976,1226.0999755859375,62.44124383422569,21022.279296875,3004000.0,1167920000,0.0,55.0,22858400.0,273000000.0
2017-05-10,172.60629272460938,1787.1300048828125,1.0886842012405396,1217.300048828125,62.849308013916016,20943.109375,174.9337180482113,1788.43994140625,1.0900371074676514,1220.199951171875,63.076004414968345,20976.279296875,167.89490775829069,1719.0999755859375,1.0859414339065552,1217.300048828125,62.49566218173239,20884.150390625,174.4531619577289,1756.52001953125,1.0886961221694946,1219.800048828125,62.55913689729804,20958.490234375,7060100.0,915723008,0.0,23.0,17977800.0,283340000.0
2017-05-11,173.32244873046875,1848.5699462890625,1.087074637413025,1222.699951171875,62.078548431396484,20919.419921875,173.6899362172583,1873.9300537109375,1.0892000198364258,1222.699951171875,62.32338444554788,20933.359375,171.65461426980517,1755.3499755859375,1.0839990377426147,1218.300048828125,61.77024461295505,20798.900390625,172.3424725136918,1780.3699951171875,1.0866730213165283,1218.5,61.9878712446917,20925.720703125,2883800.0,799489984,0.0,13.0,28789400.0,287680000.0
2017-05-12,172.6722869873047,1724.239990234375,1.0864958763122559,1226.199951171875,62.00598907470703,20896.609375,173.36014527797388,1856.1500244140625,1.0933741331100464,1229.5,62.21455278061531,20916.099609375,172.0880797578055,1694.010009765625,1.0857645273208618,1226.0999755859375,61.69768533005263,20869.740234375,173.10574080074514,1845.760009765625,1.0866022109985352,1228.0,62.21455278061531,20893.189453125,3479200.0,740984000,0.0,29.0,18714100.0,288500000.0
2017-05-13,,1804.9100341796875,,,,,,1812.989990234375,,,,,,1651.0799560546875,,,,,,1723.1199951171875,,,,,,579635008,,,,
2017-05-14,,1808.9100341796875,,,,,,1831.4200439453125,,,,,,1776.6199951171875,,,,,,1800.8599853515625,,,,,,437196000,,,,
2017-05-15,171.86195373535156,1738.4300537109375,1.0927289724349976,1228.5999755859375,62.05132293701172,20981.939453125,173.4826718186151,1812.800048828125,1.099000096321106,1232.699951171875,62.09666497264847,21000.830078125,171.75830265870061,1708.5400390625,1.0923231840133667,1227.5,61.27148696797818,20923.630859375,172.71942951691744,1808.43994140625,1.0928006172180176,1227.5,61.78835435040987,20923.630859375,3365000.0,731529024,0.0,13.0,31530300.0,313170000.0
2017-05-16,172.154052734375,1734.449951171875,1.0981770753860474,1235.0,63.300743103027344,20979.75,172.57807462628526,1785.93994140625,1.108930230140686,1237.300048828125,63.32810147965155,21033.529296875,171.5321462913013,1686.5400390625,1.0979599952697754,1230.4000244140625,62.1607643578313,20932.880859375,172.18231990196836,1741.699951171875,1.0980684757232666,1230.4000244140625,62.22460288924715,20984.48046875,2156100.0,959044992,0.0,20.0,34956000.0,311580000.0
2017-05-17,168.46029663085938,1839.0899658203125,1.1093976497650146,1257.5,61.54062271118164,20606.9296875,172.15402109020548,1864.050048828125,1.1150261163711548,1259.199951171875,63.01803088162075,20846.169921875,168.3660631708629,1661.9100341796875,1.1083157062530518,1240.699951171875,61.495020772984354,20601.080078125,172.15402109020548,1726.72998046875,1.109570026397705,1241.0,62.826515265374155,20846.169921875,2535700.0,1064729984,0.0,26.0,30548800.0,423200000.0
2017-05-18,167.15997314453125,1888.6500244140625,1.115635633468628,1251.699951171875,61.750370025634766,20663.01953125,168.196483838155,1904.47998046875,1.11720609664917,1260.0,62.13340122771921,20759.19921875,165.34138501063882,1807.1199951171875,1.1104941368103027,1245.800048828125,61.23053997769779,20553.44921875,168.17763426790475,1818.699951171875,1.1154240369796753,1254.800048828125,61.467657513316965,20579.650390625,3118100.0,894321024,0.0,43.0,25201300.0,422590000.0
2017-05-19,170.32601928710938,1987.7099609375,1.1113580465316772,1252.699951171875,61.732139587402344,20804.83984375,170.94792568176658,2004.52001953125,1.1198208332061768,1252.699951171875,62.106049048311924,20857.130859375,166.56634250979107,1890.25,1.1100751161575317,1252.699951171875,61.495022028118825,20687.939453125,167.47092055837535,1897.3699951171875,1.111086368560791,1252.699951171875,61.55886056817065,20698.279296875,4038900.0,1157289984,0.0,14.0,26961100.0,365180000.0
2017-05-20,,2084.72998046875,,,,,,2084.72998046875,,,,,,1974.9200439453125,,,,,,1984.239990234375,,,,,,961336000,,,,
2017-05-21,,2041.199951171875,,,,,,2119.080078125,,,,,,2037.5,,,,,,2067.030029296875,,,,,,1147859968,,,,
2017-05-22,173.0680389404297,2173.39990234375,1.120485782623291,1260.699951171875,62.42524719238281,20894.830078125,174.6228048335194,2303.89990234375,1.1263290643692017,1260.699951171875,62.470849135487576,20914.259765625,171.98442599088884,2017.8699951171875,1.116233468055725,1251.699951171875,61.55886593642936,20860.16015625,173.171689999969,2043.18994140625,1.1202348470687866,1251.699951171875,61.9145388274317,20867.76953125,2946800.0,1942220032,0.0,14.0,16237600.0,276120000.0
2017-05-23,172.8984375,2320.419921875,1.123885989189148,1254.800048828125,62.63500213623047,20937.91015625,173.8124474755401,2320.820068359375,1.1266716718673706,1261.5999755859375,62.69884067751423,20961.140625,172.3047983011625,2178.5,1.1196328401565552,1250.5999755859375,62.36140441194056,20896.220703125,173.3789936650539,2191.56005859375,1.1237092018127441,1261.5,62.67148229666107,20908.669921875,2123800.0,1378749952,0.0,20.0,15425800.0,244950000.0
2017-05-24,174.55685424804688,2443.639892578125,1.11793053150177,1252.4000244140625,62.717079162597656,21012.419921875,174.69819007923024,2523.719970703125,1.1202473640441895,1257.800048828125,62.81739786732524,21022.8203125,172.8701843578851,2321.3701171875,1.1169440746307373,1249.699951171875,62.425244828266315,20933.580078125,172.8701843578851,2321.3701171875,1.1180930137634277,1251.9000244140625,62.808283045353186,20949.2109375,2424700.0,1725379968,0.0,14.0,14593900.0,283180000.0
2017-05-25,176.27182006835938,2304.97998046875,1.1230907440185547,1255.800048828125,63.492271423339844,21082.94921875,176.60160849403837,2763.7099609375,1.1250998973846436,1258.300048828125,63.729382040193634,21112.3203125,174.87723932282555,2285.300048828125,1.119557499885559,1255.800048828125,62.84476420123084,21051.41015625,174.91493846622402,2446.239990234375,1.12311589717865,1257.0999755859375,62.89948096544641,21062.9609375,2363300.0,2406700032,0.0,11.0,21854100.0,268970000.0
2017-05-26,175.81948852539062,2202.419921875,1.121076226234436,1267.5999755859375,63.802337646484375,21080.279296875,176.78061523634804,2573.7900390625,1.123204231262207,1267.5999755859375,64.03945520368379,21092.8203125,175.51796731642852,2071.989990234375,1.1163455247879028,1267.5999755859375,63.40106285089751,21050.490234375,175.95140675018806,2320.889892578125,1.1210637092590332,1267.5999755859375,63.656423966739396,21070.150390625,1735800.0,1763480064,0.0,271457.0,19827900.0,208000000.0
2017-05-27,,2038.8699951171875,,,,,,2260.199951171875,,,,,,1855.8299560546875,,,,,,2196.27001953125,,,,,,1700480000,,,,
2017-05-28,,2155.800048828125,,,,,,2267.340087890625,,,,,,2054.080078125,,,,,,2054.080078125,,,,,,1147139968,,,,
2017-05-29,,2255.610107421875,1.1176055669784546,,,,,2307.050048828125,1.11906898021698,,,,,2107.169921875,1.1162956953048706,,,,,2159.429931640625,1.1175181865692139,,,,,994625024,0.0,,,
2017-05-30,176.09275817871094,2175.469970703125,1.1129041910171509,1262.0999755859375,64.21276092529297,21029.470703125,176.60158151276823,2301.9599609375,1.1201595067977905,1270.0,64.21276092529297,21063.619140625,175.4425846455207,2124.570068359375,1.1110740900039673,1258.4000244140625,63.62908508994528,21009.599609375,175.97967514380292,2255.360107421875,1.1129412651062012,1267.4000244140625,63.64732865617463,21045.490234375,2231600.0,1443970048,0.0,129819.0,17072800.0,242810000.0
2017-05-31,176.79945373535156,2286.409912109375,1.117168664932251,1272.0,63.69289779663086,21008.650390625,177.3930785207682,2311.080078125,1.125226378440857,1273.199951171875,64.51368399666559,21051.69921875,175.941978138852,2145.570068359375,1.1165823936462402,1258.5,63.665539416276204,20942.5703125,176.55445249177612,2187.18994140625,1.1173683404922485,1262.4000244140625,64.32216837630399,21048.4609375,5186700.0,1544829952,0.0,2712.0,30436400.0,371580000.0
2017-06-01,176.50733947753906,2407.8798828125,1.1243535280227661,1267.0,63.929996490478516,21144.1796875,177.0632794723647,2448.389892578125,1.1257203817367554,1269.199951171875,64.39510969289017,21144.1796875,173.8783785223358,2288.330078125,1.1203100681304932,1260.800048828125,63.3372062455032,20994.220703125,176.59214095918912,2288.330078125,1.123822808265686,1268.0,64.05767353304219,21030.55078125,2870200.0,1653180032,0.0,825.0,21603600.0,276730000.0
2017-06-02,179.24935913085938,2488.550048828125,1.1215791702270508,1276.800048828125,65.44391632080078,21206.2890625,180.63450754409916,2488.550048828125,1.1281461715698242,1279.0,65.53511324914207,21225.0390625,176.8182826173774,2373.320068359375,1.1206239461898804,1259.0,64.0576979616465,21129.560546875,176.97848236846542,2404.030029296875,1.1213276386260986,1265.199951171875,64.24009877620871,21142.08984375,3034300.0,1317030016,0.0,1732.0,34770300.0,329700000.0
2017-06-03,,2515.35009765625,,,,,,2581.909912109375,,,,,,2423.570068359375,,,,,,2493.719970703125,,,,,,1514950016,,,,
2017-06-04,,2511.81005859375,,,,,,2585.889892578125,,,,,,2452.5400390625,,,,,,2547.7900390625,,,,,,1355120000,,,,
2017-06-05,178.0432586669922,2686.81005859375,1.128082513809204,1279.300048828125,65.91813659667969,21184.0390625,179.72994276081067,2686.81005859375,1.1279042959213257,1282.0,66.47444683791242,21224.41015625,177.911340445521,2510.219970703125,1.1236207485198975,1277.0,65.48950343134835,21168.689453125,179.09861881676943,2512.39990234375,1.127548336982727,1279.199951171875,65.63542406545213,21195.029296875,2522100.0,1369309952,0.0,433.0,33316800.0,269790000.0
2017-06-06,175.97027587890625,2863.199951171875,1.1256824731826782,1294.4000244140625,66.13702392578125,21136.23046875,177.95848144521537,2999.909912109375,1.1279042959213257,1295.199951171875,66.2282278194258,21180.470703125,175.91374154456727,2690.840087890625,1.1241259574890137,1279.4000244140625,65.90902810743029,21118.4609375,177.5344595596633,2690.840087890625,1.125821828842163,1279.4000244140625,65.93639345025177,21145.48046875,2725000.0,2089609984,0.0,942.0,31511100.0,283550000.0
2017-06-07,177.24232482910156,2732.159912109375,1.1271415948867798,1290.0999755859375,66.01847839355469,21173.689453125,177.6569146675472,2869.3798828125,1.1279934644699097,1293.0999755859375,66.36502958399402,21189.83984375,175.6310246929793,2700.56005859375,1.120523452758789,1284.300048828125,65.61720346723878,21113.310546875,176.06447847690924,2869.3798828125,1.127052664756775,1291.5999755859375,66.24647424571033,21171.5703125,2383500.0,1517709952,0.0,641.0,22301800.0,273400000.0
2017-06-08,178.96665954589844,2805.6201171875,1.125517725944519,1276.300048828125,65.61717987060547,21182.529296875,180.04086910379868,2815.300048828125,1.1270145177841187,1287.5999755859375,66.13700994826866,21265.689453125,176.8653859106145,2670.949951171875,1.1196452379226685,1268.0999755859375,65.20679026745827,21138.16015625,177.24230532865116,2720.489990234375,1.12546706199646,1285.4000244140625,66.1278951271347,21169.759765625,2340300.0,1281170048,0.0,319.0,24588300.0,330330000.0
2017-06-09,179.0609130859375,2823.81005859375,1.1184805631637573,1268.5,64.13064575195312,21271.970703125,179.9655054127171,2901.7099609375,1.1217050552368164,1277.9000244140625,65.73573781695757,21305.349609375,178.32593811080724,2795.6201171875,1.1167818307876587,1264.5999755859375,62.552912064315414,21159.44921875,179.03264592366384,2807.43994140625,1.1193194389343262,1277.9000244140625,65.69925766117585,21208.9609375,3344900.0,1348950016,0.0,467.0,49187400.0,397200000.0
2017-06-10,,2947.7099609375,,,,,,2950.989990234375,,,,,,2746.550048828125,,,,,,2828.139892578125,,,,,,2018889984,,,,
2017-06-11,,2958.110107421875,,,,,,2996.60009765625,,,,,,2840.530029296875,,,,,,2942.409912109375,,,,,,1752400000,,,,
2017-06-12,179.0326690673828,2659.6298828125,1.1201971769332886,1266.0999755859375,63.638160705566406,21235.669921875,179.5320748361195,2997.260009765625,1.1230995655059814,1269.300048828125,63.78408129801297,21277.080078125,177.1952313920299,2518.56005859375,1.1194071769714355,1263.199951171875,62.13338764587605,21186.150390625,179.31535510466998,2953.219970703125,1.1202348470687866,1266.4000244140625,63.15481091937158,21259.94921875,2730100.0,2569530112,0.0,255.0,47761700.0,528080000.0
2017-06-13,180.0597381591797,2717.02001953125,1.1196202039718628,1265.800048828125,64.43158721923828,21328.470703125,180.50260957242025,2789.0400390625,1.1225234270095825,1266.9000244140625,64.58662262777254,21332.76953125,178.42018511085,2650.3798828125,1.1185808181762695,1259.699951171875,63.802316850876444,21256.830078125,179.07977624397162,2680.909912109375,1.1199086904525757,1264.0999755859375,63.85703359321167,21256.830078125,1882700.0,1781200000,0.0,150.0,25258600.0,323510000.0
2017-06-14,181.27528381347656,2506.3701171875,1.1208877563476562,1272.800048828125,64.08505249023438,21374.560546875,182.2175609691711,2786.830078125,1.1295095682144165,1278.0,64.84200016991494,21391.970703125,179.80533375107444,2412.93994140625,1.1198583841323853,1256.800048828125,63.3189899887836,21294.08984375,180.02205347104183,2716.8798828125,1.121076226234436,1269.4000244140625,64.66872810385111,21342.7109375,2210000.0,1696560000,0.0,336.0,25510700.0,295090000.0
2017-06-15,184.1680450439453,2464.580078125,1.1215791702270508,1252.199951171875,63.74760437011719,21359.900390625,184.262278499379,2534.7099609375,1.1228384971618652,1264.199951171875,64.03031683491764,21367.279296875,180.32355298595851,2212.9599609375,1.1133625507354736,1250.300048828125,62.74442459894018,21261.869140625,180.38008730801607,2499.580078125,1.1216169595718384,1263.199951171875,63.17305070568123,21291.689453125,2894100.0,2026259968,0.0,743.0,26068700.0,317200000.0
2017-06-16,185.1009063720703,2518.56005859375,1.1146905422210693,1254.0,63.83880615234375,21384.279296875,186.52373954432886,2539.919921875,1.1199712753295898,1255.300048828125,63.86616452743432,21384.419921875,184.50726722842285,2385.14990234375,1.113908290863037,1251.300048828125,63.127460568478064,21308.009765625,184.6957197631978,2469.570068359375,1.114740252494812,1252.800048828125,63.59257381865089,21335.9296875,6939100.0,1195190016,0.0,34.0,48345100.0,603260000.0
2017-06-17,,2655.8798828125,,,,,,2685.18994140625,,,,,,2484.9599609375,,,,,,2514.010009765625,,,,,,1534509952,,,,
2017-06-18,,2548.2900390625,,,,,,2662.10009765625,,,,,,2516.330078125,,,,,,2655.35009765625,,,,,,1178659968,,,,
2017-06-19,187.5885467529297,2589.60009765625,1.120824933052063,1244.199951171875,64.63224792480469,21528.990234375,187.95603428591036,2662.85009765625,1.1213276386260986,1252.199951171875,64.69608646657414,21528.990234375,185.6286084510298,2549.030029296875,1.1159842014312744,1241.9000244140625,64.15801279347792,21436.080078125,186.45781698822066,2549.030029296875,1.1203352212905884,1252.0999755859375,64.2948116566637,21444.75,2726400.0,1446840064,0.0,108.0,23798300.0,289400000.0
2017-06-20,186.8817901611328,2721.7900390625,1.1144545078277588,1241.0,63.75673294067383,21467.140625,189.62381955017958,2763.449951171875,1.1165997982025146,1245.5,64.63223575923809,21535.029296875,186.86294059619632,2589.820068359375,1.1120872497558594,1240.5,63.72025278683224,21464.240234375,187.2775447567676,2591.260009765625,1.114466905593872,1242.199951171875,64.58663382746663,21521.25,3077400.0,1854189952,0.0,75.0,21512200.0,310200000.0
2017-06-21,187.67337036132812,2689.10009765625,1.1136974096298218,1243.4000244140625,64.08505249023438,21410.029296875,188.18220816110275,2772.010009765625,1.1154489517211914,1245.0,64.40425215705142,21492.619140625,186.15630331505454,2660.39990234375,1.112866997718811,1240.0,63.78410334059541,21390.0,188.05970750967353,2709.429931640625,1.1136353015899658,1244.0999755859375,64.03033572809623,21466.390625,3151100.0,1626579968,0.0,205.0,19891100.0,292500000.0
2017-06-22,187.92776489257812,2705.409912109375,1.1167196035385132,1247.5999755859375,64.07592010498047,21397.2890625,188.84177491623606,2723.739990234375,1.117817997932434,1252.699951171875,64.37686917212801,21456.470703125,187.68276362148904,2642.360107421875,1.114715337753296,1246.300048828125,63.574326729939045,21394.810546875,187.7487299261696,2691.030029296875,1.1168441772460938,1251.0,64.33127420213708,21407.98046875,3339300.0,1097939968,0.0,156.0,22965700.0,270680000.0
2017-06-23,190.5567169189453,2744.909912109375,1.1149640083312988,1256.199951171875,64.94230651855469,21394.759765625,190.66979996164642,2765.169921875,1.120862603187561,1273.5999755859375,64.97878667233363,21421.7890625,187.21162993438833,2706.3701171875,1.1146284341812134,1249.800048828125,63.76584765122604,21333.890625,187.75815244374775,2707.340087890625,1.114976406097412,1250.0,63.920883086378105,21380.919921875,4310100.0,961318976,0.0,269.0,27617300.0,368400000.0
2017-06-24,,2608.719970703125,,,,,,2757.93994140625,,,,,,2583.18994140625,,,,,,2738.52001953125,,,,,,982750016,,,,
2017-06-25,,2589.409912109375,,,,,,2682.260009765625,,,,,,2552.1201171875,,,,,,2607.25,,,,,,1161100032,,,,
2017-06-26,188.4365997314453,2478.449951171875,1.1198835372924805,1246.300048828125,64.32217407226562,21409.55078125,192.59204583928158,2615.25,1.12186861038208,1260.199951171875,65.39831452807863,21506.2109375,188.39891496790915,2376.2900390625,1.1172560453414917,1241.5999755859375,64.24009892393362,21381.25,191.06556130089672,2590.570068359375,1.1199712753295898,1260.199951171875,65.11560196220663,21434.6796875,3077600.0,1663280000,0.0,194.0,19607000.0,241880000.0
2017-06-27,187.40951538085938,2552.449951171875,1.118355631828308,1246.4000244140625,63.11834716796875,21310.66015625,189.3223369838523,2552.449951171875,1.1330161094665527,1251.800048828125,64.00297185532017,21440.599609375,187.40951538085938,2332.989990234375,1.1180554628372192,1245.9000244140625,63.09098878924714,21310.66015625,188.26699110027258,2478.449951171875,1.118067979812622,1251.5999755859375,63.939133319010196,21411.189453125,2296900.0,1489789952,0.0,111.0,25215100.0,292170000.0
2017-06-28,188.0973358154297,2574.7900390625,1.1339154243469238,1248.0,63.656429290771484,21454.609375,189.3505659886103,2603.97998046875,1.1387965679168701,1248.5,63.69290249534902,21478.75,187.7958146428935,2484.419921875,1.129726529121399,1248.0,62.73532432289908,21372.359375,187.9842671729794,2553.030029296875,1.1336840391159058,1248.5,63.11835559187906,21372.359375,2096800.0,1183869952,0.0,370.0,25806200.0,271510000.0
2017-06-29,186.06207275390625,2539.320068359375,1.1382650136947632,1244.199951171875,62.46171569824219,21287.029296875,188.2292989339831,2588.830078125,1.1435105800628662,1250.699951171875,63.37369872709965,21487.380859375,185.11036352619317,2510.47998046875,1.13779878616333,1238.0999755859375,62.09692109512353,21197.080078125,188.09738069364792,2567.56005859375,1.13779878616333,1248.199951171875,63.27338003729506,21487.380859375,2428900.0,949979008,0.0,540.0,28918700.0,336750000.0
2017-06-30,186.33531188964844,2480.840087890625,1.144164800643921,1240.699951171875,62.862998962402344,21349.630859375,187.92776262043833,2559.25,1.1445000171661377,1243.699951171875,63.27338859775984,21426.119140625,185.99609153055704,2478.429931640625,1.1392894983291626,1239.0999755859375,62.68971993695487,21325.080078125,187.04201977292144,2539.239990234375,1.1440469026565552,1243.699951171875,62.72620009799009,21348.599609375,2225600.0,860273024,0.0,43.0,24161100.0,313260000.0
2017-07-01,,2434.550048828125,,,,,,2515.27001953125,,,,,,2419.22998046875,,,,,,2492.60009765625,,,,,,779913984,,,,
2017-07-02,,2506.469970703125,,,,,,2514.280029296875,,,,,,2394.840087890625,,,,,,2436.39990234375,,,,,,803747008,,,,
2017-07-03,187.1268310546875,2564.06005859375,1.1423088312149048,1217.9000244140625,62.16990280151367,21479.26953125,187.92777244882194,2595.0,1.1425960063934326,1236.0,63.474039259880385,21562.75,186.33532163474888,2480.469970703125,1.1356925964355469,1217.9000244140625,62.033103908533526,21391.7109375,186.63685724882615,2498.56005859375,1.1425045728683472,1236.0,63.2278068188207,21392.30078125,1511200.0,964112000,0.0,33.0,16165500.0,186810000.0
2017-07-04,,2601.639892578125,1.1371389627456665,,,,,2631.590087890625,1.1379153728485107,,,,,2559.35009765625,1.1337867975234985,,,,,2561.0,1.1375269889831543,,,,,985516032,0.0,,,
2017-07-05,190.1609649658203,2601.989990234375,1.1360150575637817,1220.4000244140625,62.99980163574219,21478.169921875,190.47191817623113,2622.64990234375,1.1368803977966309,1225.0,63.328116147029576,21505.359375,187.38125002052337,2538.550048828125,1.1315033435821533,1217.0999755859375,62.215495520764506,21404.759765625,187.79585430107116,2602.8701171875,1.1359893083572388,1222.5,62.25197568400529,21492.830078125,2716700.0,941566016,0.0,40.0,21176300.0,273690000.0
2017-07-06,189.84999084472656,2608.56005859375,1.1346874237060547,1222.199951171875,62.53468322753906,21320.0390625,190.8016999415259,2616.719970703125,1.1409013271331787,1225.0999755859375,62.72619885075646,21433.099609375,189.1903997337816,2581.68994140625,1.1330673694610596,1222.199951171875,62.124293600341666,21305.380859375,190.0007586352305,2608.10009765625,1.1344943046569824,1225.0999755859375,62.26108550415471,21423.9296875,2737400.0,761956992,0.0,5.0,21117600.0,320450000.0
2017-07-07,190.68861389160156,2518.659912109375,1.1424784660339355,1208.5999755859375,63.34636306762695,21414.33984375,191.54608951126264,2916.139892578125,1.1438244581222534,1220.4000244140625,63.692914238041475,21425.8203125,189.64268572579712,2498.8701171875,1.1382910013198853,1208.5999755859375,62.653253768917075,21350.720703125,190.5661276445126,2608.590087890625,1.142126202583313,1219.0999755859375,62.653253768917075,21354.66015625,3090400.0,917411968,0.0,116.0,16878300.0,242240000.0
2017-07-08,,2571.340087890625,,,,,,2571.340087890625,,,,,,2492.31005859375,,,,,,2520.27001953125,,,,,,733329984,,,,
2017-07-09,,2518.43994140625,,,,,,2635.489990234375,,,,,,2517.590087890625,,,,,,2572.610107421875,,,,,,527856000,,,,
2017-07-10,192.18685913085938,2372.56005859375,1.140380859375,1212.0999755859375,63.820587158203125,21408.51953125,192.77106637897884,2537.159912109375,1.1417349576950073,1212.0999755859375,64.06681955981296,21446.390625,190.51902450360478,2321.1298828125,1.1383039951324463,1209.5999755859375,63.1092344202511,21371.109375,190.64152513743963,2525.25,1.1406410932540894,1211.4000244140625,63.34635199956844,21381.23046875,2701900.0,1111200000,0.0,28.0,15014500.0,270340000.0
2017-07-11,194.363525390625,2337.7900390625,,1213.5999755859375,63.829708099365234,21409.0703125,194.7310129297833,2413.469970703125,,1214.9000244140625,64.45897879185098,21441.619140625,192.22455208423722,2296.81005859375,,1208.699951171875,63.6108340594103,21279.30078125,192.22455208423722,2385.889892578125,,1208.699951171875,63.83882988041177,21410.169921875,2815800.0,1329760000,,12.0,17460000.0,247570000.0
2017-07-12,194.52369689941406,2398.840087890625,1.1473942995071411,1218.0999755859375,64.88758087158203,21532.140625,196.568436586956,2423.7099609375,1.149100422859192,1219.4000244140625,65.00613613670278,21580.7890625,194.41062824252032,2275.139892578125,1.1394842863082886,1217.9000244140625,64.34039255566614,21467.9296875,195.00425306922074,2332.77001953125,1.1473942995071411,1218.300048828125,64.46806959745062,21467.9296875,2817400.0,1117410048,0.0,7.0,17750900.0,267870000.0
2017-07-13,194.32582092285156,2357.89990234375,1.1418914794921875,1216.300048828125,65.45301818847656,21553.08984375,195.05137838519937,2425.219970703125,1.1455278396606445,1221.4000244140625,65.69925749992927,21568.720703125,193.49662677246295,2340.830078125,1.137255311012268,1216.300048828125,65.03350683483377,21512.359375,194.86292582274783,2402.699951171875,1.1419044733047485,1221.4000244140625,65.2067858349021,21537.189453125,1943600.0,835769984,0.0,7.0,20269800.0,232270000.0
2017-07-14,196.4741973876953,2233.340087890625,1.140393853187561,1226.5999755859375,66.3741226196289,21637.740234375,196.68149950462353,2363.25,1.1466838121414185,1227.5,66.82099234810775,21681.529296875,194.8063772351471,2183.219970703125,1.139237642288208,1214.800048828125,65.62629682675731,21521.720703125,194.8629115619443,2360.590087890625,1.140393853187561,1214.9000244140625,65.88165095731665,21532.76953125,3229000.0,882502976,0.0,23.0,25868100.0,235590000.0
2017-07-15,,1998.8599853515625,,,,,,2231.139892578125,,,,,,1990.4100341796875,,,,,,2230.1201171875,,,,,,993608000,,,,
2017-07-16,,1929.8199462890625,,,,,,2058.77001953125,,,,,,1843.030029296875,,,,,,1991.97998046875,,,,,,1182870016,,,,
2017-07-17,196.93592834472656,2228.409912109375,1.1475391387939453,1232.800048828125,66.89396667480469,21629.720703125,197.61436905672898,2230.489990234375,1.1487255096435547,1233.4000244140625,66.98516360370098,21661.810546875,196.52132408983525,1932.6199951171875,1.1436283588409424,1229.9000244140625,66.31941976066632,21617.66015625,196.68150948322352,1932.6199951171875,1.1475127935409546,1229.9000244140625,66.39238008693523,21633.970703125,2416000.0,1201760000,0.0,7.0,21803900.0,244780000.0
2017-07-18,196.2197723388672,2318.8798828125,1.1474337577819824,1241.0999755859375,66.8483657836914,21574.73046875,197.11493263462899,2387.610107421875,1.1584800481796265,1241.199951171875,66.93044092508339,21589.939453125,195.5507493265783,2164.77001953125,1.1472363471984863,1236.199951171875,66.26469714086272,21471.140625,197.03954874746924,2233.52001953125,1.1473416090011597,1236.199951171875,66.65684320468534,21589.939453125,1942300.0,1512450048,0.0,29.0,26435300.0,251110000.0
2017-07-19,198.7073974609375,2273.429931640625,1.1549744606018066,1241.199951171875,67.35906982421875,21640.75,198.75449981306025,2397.169921875,1.1553213596343994,1241.199951171875,67.52322705444516,21640.75,196.92649433487537,2260.22998046875,1.1510659456253052,1240.0999755859375,66.9851534273058,21565.83984375,197.34108417720117,2323.080078125,1.154961109161377,1240.4000244140625,67.03075536376593,21569.25,2258400.0,1245100032,0.0,3.0,22416200.0,253040000.0
2017-07-20,198.14202880859375,2817.60009765625,1.1528440713882446,1244.800048828125,67.68739318847656,21611.779296875,199.0560387521579,2900.699951171875,1.1649987697601318,1244.800048828125,67.76035351325875,21661.91015625,197.80280847512657,2269.889892578125,1.1480133533477783,1236.5999755859375,66.83012676698472,21576.9609375,198.91470293738305,2269.889892578125,1.1528840065002441,1236.5999755859375,67.65091302608548,21641.5390625,2235100.0,2249260032,0.0,5.0,42361000.0,313950000.0
2017-07-21,199.8946533203125,2667.760009765625,1.1628718376159668,1254.300048828125,67.29521942138672,21580.0703125,199.9511876429752,2838.409912109375,1.1675150394439697,1254.300048828125,67.75121087406623,21592.609375,197.32224099311145,2621.85009765625,1.1620204448699951,1250.5,66.72978751522827,21503.779296875,197.86876340886232,2838.409912109375,1.1628042459487915,1250.699951171875,66.98514161546841,21591.720703125,2098400.0,1489449984,0.0,16.0,46717100.0,362830000.0
2017-07-22,,2810.1201171875,,,,,,2862.419921875,,,,,,2657.7099609375,,,,,,2668.6298828125,,,,,,1177129984,,,,
2017-07-23,,2730.39990234375,,,,,,2832.179931640625,,,,,,2653.93994140625,,,,,,2808.10009765625,,,,,,1072840000,,,,
2017-07-24,199.93234252929688,2754.860107421875,1.1681697368621826,1253.9000244140625,67.12195587158203,21513.169921875,200.3657963093769,2777.260009765625,1.1681697368621826,1256.0,67.25875473040611,21577.779296875,199.19736756229747,2699.18994140625,1.1631693840026855,1253.9000244140625,66.69332269427677,21496.130859375,199.76273955753106,2732.699951171875,1.1681560277938843,1256.0,67.058117331848,21577.779296875,2392700.0,866473984,0.0,8.0,21394800.0,284080000.0
2017-07-25,200.1962127685547,2576.47998046875,1.1638869047164917,1251.699951171875,67.66004180908203,21613.4296875,201.6473132760869,2768.080078125,1.1706860065460205,1253.5999755859375,67.76947534970233,21670.619140625,199.71564221256006,2480.9599609375,1.1631559133529663,1249.199951171875,67.03077111899428,21577.369140625,200.9123382377512,2757.5,1.1638869047164917,1252.699951171875,67.30436888630554,21638.560546875,2889000.0,1460089984,0.0,18.0,22018700.0,304300000.0
2017-07-26,219.974609375,2529.449951171875,1.1644561290740967,1249.0,67.53238677978516,21711.009765625,220.47401514055633,2610.760009765625,1.1655012369155884,1249.0,67.83333607273825,21742.69921875,210.14666508443844,2450.800048828125,1.1615750789642334,1244.800048828125,67.31350571124152,21683.2890625,210.58010454457724,2577.77001953125,1.1643340587615967,1244.800048828125,67.79685589464763,21690.380859375,14140000.0,937404032,0.0,7.0,16252200.0,278240000.0
2017-07-27,227.0888214111328,2671.780029296875,1.1728004217147827,1259.5999755859375,66.72069549560547,21796.55078125,228.67184031869505,2693.320068359375,1.1774957180023193,1259.5999755859375,67.86978933935382,21798.470703125,223.03702628628653,2529.340087890625,1.1654876470565796,1259.5999755859375,65.9546259752268,21687.849609375,223.44221298777617,2538.7099609375,1.1730343103408813,1259.5999755859375,67.26788403423036,21717.419921875,10860600.0,789104000,0.0,220309.0,36844200.0,407320000.0
2017-07-28,227.34320068359375,2809.010009765625,1.1688660383224487,1268.4000244140625,66.61123657226562,21830.310546875,228.0310589429929,2897.449951171875,1.1763322353363037,1270.0,66.85746891125223,21841.1796875,224.78020581300217,2679.72998046875,1.1672561168670654,1256.9000244140625,66.15524508994552,21756.119140625,226.91917886281368,2679.72998046875,1.1690027713775635,1258.4000244140625,66.27380037051273,21787.509765625,4602400.0,1380099968,0.0,64180.0,18306700.0,285630000.0
2017-07-29,,2726.449951171875,,,,,,2808.760009765625,,,,,,2692.800048828125,,,,,,2807.02001953125,,,,,,803745984,,,,
2017-07-30,,2757.179931640625,,,,,,2758.530029296875,,,,,,2644.85009765625,,,,,,2724.389892578125,,,,,,705942976,,,,
2017-07-31,228.46450805664062,2875.340087890625,1.1747292280197144,1266.5999755859375,66.30117797851562,21891.119140625,232.2618835539839,2889.6201171875,1.1824663877487183,1270.800048828125,66.97605057778519,21929.80078125,227.8614512981496,2720.610107421875,1.1723741292953491,1265.800048828125,66.03670896498657,21861.7109375,227.88971846042205,2763.239990234375,1.1746878623962402,1268.9000244140625,66.84837348232983,21863.390625,5777300.0,860574976,0.0,7780.0,23600100.0,307610000.0
2017-08-01,225.61883544921875,2718.260009765625,1.182410478591919,1272.5999755859375,66.19173431396484,21963.919921875,229.90619921200187,2921.35009765625,1.1837540864944458,1273.300048828125,66.9577967694575,21990.9609375,225.35499900640204,2685.610107421875,1.1791062355041504,1262.0,66.10965221780275,21940.810546875,229.3314095948638,2871.300048828125,1.1823545694351196,1268.4000244140625,66.66596245909666,21961.419921875,5018400.0,1324669952,0.0,1061.0,22132300.0,328410000.0
2017-08-02,224.21482849121094,2710.669921875,1.1811256408691406,1271.800048828125,65.89990997314453,22016.240234375,227.61644932787436,2762.530029296875,1.186760425567627,1272.0999755859375,66.17350076669065,22036.099609375,224.14887657212148,2668.590087890625,1.1794956922531128,1262.9000244140625,65.15208400484404,21967.4609375,225.2607566259747,2727.1298828125,1.180930256843567,1268.5,66.16438594408835,22004.359375,5119900.0,1094950016,0.0,393.0,26499200.0,336820000.0
2017-08-03,224.49754333496094,2804.72998046875,1.1851149797439575,1267.800048828125,65.79956817626953,22026.099609375,225.76019133468512,2813.31005859375,1.18948495388031,1269.800048828125,66.06404405442426,22044.849609375,222.41510439260225,2685.139892578125,1.1833997964859009,1256.5999755859375,65.52597052083293,21991.3203125,223.37623116430694,2709.56005859375,1.1851431131362915,1265.9000244140625,65.83604832751956,22007.580078125,5112700.0,804796992,0.0,878.0,18214400.0,278730000.0
2017-08-04,223.98867797851562,2895.889892578125,1.1884952783584595,1258.300048828125,66.2829360961914,22092.810546875,225.89206721718622,2899.330078125,1.1891002655029297,1269.5999755859375,66.61125058917887,22092.810546875,222.7354478096842,2743.719970703125,1.1736950874328613,1253.9000244140625,65.8816612807891,22024.640625,224.80845438944795,2806.929931640625,1.1887779235839844,1269.0,66.02758192561878,22058.390625,5590500.0,1002120000,0.0,521.0,22579000.0,253640000.0
2017-08-05,,3252.909912109375,,,,,,3290.010009765625,,,,,,2874.830078125,,,,,,2897.6298828125,,,,,,1945699968,,,,
2017-08-06,,3213.93994140625,,,,,,3293.2900390625,,,,,,3155.60009765625,,,,,,3257.610107421875,,,,,,1105030016,,,,
2017-08-07,226.36326599121094,3378.93994140625,1.1778424978256226,1258.199951171875,66.02758026123047,22118.419921875,227.49399584682675,3397.679931640625,1.1812511682510376,1259.0999755859375,66.48357182800986,22121.150390625,223.51759896981335,3180.889892578125,1.177773118019104,1255.300048828125,65.89990317916258,22081.970703125,223.88508653233873,3212.780029296875,1.177773118019104,1258.699951171875,66.3923749062298,22100.19921875,3674700.0,1482279936,0.0,260.0,18705700.0,213010000.0
2017-08-08,225.67538452148438,3419.93994140625,1.1800941228866577,1256.4000244140625,66.38323974609375,22085.33984375,226.63651127054985,3484.85009765625,1.1824523210525513,1264.0999755859375,66.69331060922205,22179.109375,225.13827962765086,3345.830078125,1.1718658208847046,1251.4000244140625,65.43477664342491,22057.2890625,226.06172161585494,3370.219970703125,1.18002450466156,1256.9000244140625,65.74484750655321,22095.140625,4871500.0,1752760064,0.0,555.0,22044600.0,262000000.0
2017-08-09,222.10177612304688,3342.469970703125,1.1754610538482666,1273.0,66.0914306640625,22048.69921875,226.2630439809247,3422.760009765625,1.1760278940200806,1277.800048828125,66.12791083089765,22057.189453125,221.90272582374476,3247.669921875,1.169235110282898,1260.199951171875,65.70839934911403,21996.689453125,225.60899264140707,3420.39990234375,1.1753367185592651,1260.199951171875,65.89079322540938,22022.33984375,5680400.0,1468960000,0.0,574.0,22213400.0,277800000.0
2017-08-10,220.74632263183594,3381.280029296875,1.1761523485183716,1283.699951171875,65.12471008300781,21844.009765625,223.85542454520564,3453.449951171875,1.1764705181121826,1287.4000244140625,65.83605571753776,21988.19921875,219.82686111547966,3319.469970703125,1.1704667806625366,1274.9000244140625,65.06998637105137,21843.939453125,221.83639871555005,3341.840087890625,1.1764705181121826,1276.5999755859375,65.57157980969592,21988.19921875,6817700.0,1515110016,0.0,608.0,24734500.0,303310000.0
2017-08-11,222.64212036132812,3650.6201171875,1.177024483680725,1287.699951171875,66.11878204345703,21858.3203125,223.13501653878802,3679.719970703125,1.1831799745559692,1291.0999755859375,66.30117590042505,21911.08984375,218.90740272020255,3372.1201171875,1.1749224662780762,1282.0,65.00616142546501,21842.740234375,220.63256826884185,3373.820068359375,1.1769968271255493,1286.300048828125,65.30711755155393,21883.3203125,3461700.0,2021190016,0.0,139.0,21443700.0,237790000.0
2017-08-12,,3884.7099609375,,,,,,3949.919921875,,,,,,3613.699951171875,,,,,,3650.6298828125,,,,,,2219589888,,,,
2017-08-13,,4073.260009765625,,,,,,4208.39013671875,,,,,,3857.800048828125,,,,,,3880.0400390625,,,,,,3159089920,,,,
2017-08-14,224.7938232421875,4325.1298828125,1.182550311088562,1284.199951171875,67.11284637451172,21993.7109375,225.10663106503773,4325.1298828125,1.1839994192123413,1288.4000244140625,67.2314086542008,22019.23046875,223.4383371402671,3989.159912109375,1.1773293018341064,1278.800048828125,66.52917763073246,21945.640625,223.71322097405212,4066.10009765625,1.1826341152191162,1288.4000244140625,66.6294963483708,21945.640625,2953500.0,2463089920,0.0,338.0,20096600.0,235030000.0
2017-08-15,226.70858764648438,4181.93017578125,1.1775789260864258,1273.699951171875,67.13117980957031,21998.990234375,227.15410051914185,4455.97021484375,1.1792453527450562,1280.5,67.47040691045098,22038.919921875,223.71322881101506,3906.179931640625,1.1689002513885498,1267.4000244140625,66.96614795145672,21971.48046875,224.85071710259592,4326.990234375,1.1777037382125854,1280.5,67.47040691045098,22029.91015625,2851100.0,3258050048,0.0,188.0,19181400.0,269070000.0
2017-08-16,225.21090698242188,4376.6298828125,1.1741223335266113,1276.9000244140625,67.52543640136719,22024.869140625,227.74179093603084,4381.22998046875,1.1757513284683228,1282.5999755859375,67.93801263598763,22085.7109375,225.0402924178876,3994.419921875,1.1683608293533325,1269.4000244140625,67.08534902214734,22002.470703125,227.21097078357172,4200.33984375,1.1739845275878906,1271.300048828125,67.2412105334527,22031.9296875,3012700.0,2272039936,0.0,110.0,18150400.0,264920000.0
2017-08-17,223.3151092529297,4331.68994140625,1.1774264574050903,1286.4000244140625,66.37936401367188,21750.73046875,225.22039197879818,4484.7001953125,1.1790227890014648,1288.5,67.72712290970885,21984.740234375,222.99282765981508,4243.7099609375,1.1666978597640991,1283.199951171875,66.37936401367188,21750.3203125,225.01185342707362,4384.43994140625,1.1774264574050903,1283.800048828125,67.46123788304617,21984.740234375,2810900.0,2553359872,0.0,43.0,22977500.0,311030000.0
2017-08-18,223.48573303222656,4160.6201171875,1.1715501546859741,1285.699951171875,66.46187591552734,21674.509765625,224.8980906422105,4370.1298828125,1.176816701889038,1300.699951171875,66.78276922278575,21793.349609375,222.3482592537368,4015.39990234375,1.1712207794189453,1284.300048828125,65.94844662391388,21641.630859375,222.75584811832542,4324.33984375,1.1717286109924316,1288.5999755859375,66.26016955240792,21724.880859375,2939500.0,2941710080,0.0,358.0,18761500.0,309070000.0
2017-08-19,,4193.7001953125,,,,,,4243.259765625,,,,,,3970.550048828125,,,,,,4137.75,,,,,,2975820032,,,,
2017-08-20,,4087.659912109375,,,,,,4196.2900390625,,,,,,4069.8798828125,,,,,,4189.31005859375,,,,,,2109769984,,,,
2017-08-21,223.40040588378906,4001.739990234375,1.1756268739700317,1290.800048828125,66.15013885498047,21703.75,224.59476561650257,4109.14013671875,1.1824663877487183,1290.800048828125,66.45269833502199,21718.740234375,222.13971533177914,3988.60009765625,1.1731857061386108,1284.699951171875,65.73755583811985,21600.33984375,223.48572762452824,4090.47998046875,1.175723671913147,1285.199951171875,66.44352795821675,21671.359375,2545400.0,2800890112,0.0,18.0,17734800.0,277880000.0
2017-08-22,227.25836181640625,4100.52001953125,1.1811953783035278,1285.0999755859375,67.076171875,21899.890625,227.3910668505952,4128.759765625,1.1825922727584839,1288.4000244140625,67.14951392736431,21912.830078125,223.80801646372961,3674.580078125,1.1746463775634766,1283.199951171875,66.33352501210375,21738.130859375,223.8554142181751,3998.35009765625,1.1811814308166504,1287.199951171875,66.33352501210375,21739.779296875,2915700.0,3764239872,0.0,100.0,14343700.0,244980000.0
2017-08-23,225.68484497070312,4151.52001953125,1.176221489906311,1288.9000244140625,66.67273712158203,21812.08984375,226.88867848639487,4255.77978515625,1.1818654537200928,1289.4000244140625,67.06697937719166,21866.66015625,224.83174326073294,4078.409912109375,1.1743566989898682,1286.9000244140625,66.49853494039819,21808.390625,226.88867848639487,4089.010009765625,1.1760832071304321,1289.4000244140625,66.89277719600783,21850.26953125,2518300.0,2369819904,0.0,250.0,13766500.0,234810000.0
2017-08-24,226.3009796142578,4334.68017578125,1.1816558837890625,1286.5,66.64524841308594,21783.400390625,226.4526321717063,4376.39013671875,1.1818934679031372,1288.699951171875,66.80110987709212,21870.109375,224.2724802127814,4130.259765625,1.1785225868225098,1284.0,66.07680384471406,21765.8203125,226.0924410760325,4137.60009765625,1.1816420555114746,1288.699951171875,66.69108631693803,21839.900390625,2553100.0,2037750016,0.0,550.0,17098300.0,228480000.0
2017-08-25,223.59947204589844,4371.60009765625,1.1802195310592651,1292.5,66.76444244384766,21813.669921875,226.63274022185672,4455.7001953125,1.188424825668335,1292.699951171875,67.25036764494583,21906.859375,223.32458821935248,4307.35009765625,1.1774818897247314,1280.300048828125,66.45271948274703,21812.810546875,226.54743294435247,4332.81982421875,1.1798295974731445,1285.4000244140625,66.80111696779188,21819.080078125,2270300.0,1727970048,0.0,280.0,12794300.0,217570000.0
2017-08-26,,4352.39990234375,,,,,,4379.27978515625,,,,,,4269.52001953125,,,,,,4372.06005859375,,,,,,1511609984,,,,
2017-08-27,,4382.8798828125,,,,,,4416.58984375,,,,,,4317.2900390625,,,,,,4345.10009765625,,,,,,1537459968,,,,
2017-08-28,224.82225036621094,4382.66015625,1.1951857805252075,1309.699951171875,66.77359771728516,21808.400390625,225.17298216465406,4403.93017578125,1.197604775428772,1311.300048828125,67.01197157656968,21861.490234375,222.38616208973042,4224.64013671875,1.1917815208435059,1293.5,66.51688310270268,21767.939453125,223.9122771562951,4384.4501953125,1.1951429843902588,1293.5,66.98446743857136,21832.5,2395000.0,1959330048,0.0,145.0,14569700.0,218740000.0
2017-08-29,227.95980834960938,4579.02001953125,1.1963869333267212,1313.0999755859375,66.97532653808594,21865.369140625,228.6043715185958,4625.68017578125,1.2066947221755981,1323.800048828125,67.07617974123318,21879.220703125,223.77957812518076,4352.1298828125,1.196300983428955,1313.0999755859375,66.05848432398456,21673.580078125,224.8507066154971,4389.2099609375,1.1965157985687256,1318.800048828125,66.24184996882445,21718.0,3535500.0,2486080000,0.0,1178.0,11478400.0,227340000.0
2017-08-30,227.93136596679688,4565.2998046875,1.1970456838607788,1308.0999755859375,67.85549926757812,21892.4296875,228.86030116842232,4626.52001953125,1.1986095905303955,1312.5,68.03886492604663,21914.259765625,226.54742969747608,4471.41015625,1.189668893814087,1304.9000244140625,66.77362509473033,21839.470703125,228.43375032325088,4570.35986328125,1.1970313787460327,1308.199951171875,66.9386569853326,21859.759765625,2801100.0,1937849984,0.0,1178.0,16897800.0,242840000.0
2017-08-31,227.1730499267578,4703.39013671875,1.1893434524536133,1316.199951171875,68.55227661132812,21948.099609375,228.53802423001054,4736.0498046875,1.1908164024353027,1322.300048828125,68.72647883822252,21985.759765625,225.98817840848477,4549.39990234375,1.1824384927749634,1301.699951171875,67.66294570363752,21910.5,228.44322872304323,4555.58984375,1.1890040636062622,1306.5999755859375,67.87381545676787,21936.009765625,3075800.0,1944930048,0.0,373.0,27652800.0,376790000.0
2017-09-01,227.8081512451172,4892.009765625,1.1910432577133179,1324.5,67.79131317138672,21987.560546875,229.8935223336435,4892.009765625,1.1978631019592285,1327.699951171875,68.52478271997217,22038.970703125,226.7085869473211,4678.52978515625,1.1851149797439575,1316.9000244140625,67.51625771882297,21974.91015625,227.173061813743,4701.759765625,1.191085934638977,1320.199951171875,68.49727857370594,21981.76953125,3270700.0,2599079936,0.0,313.0,21736200.0,256240000.0
2017-09-02,,4578.77001953125,,,,,,4975.0400390625,,,,,,4469.240234375,,,,,,4901.419921875,,,,,,2722139904,,,,
2017-09-03,,4582.9599609375,,,,,,4714.080078125,,,,,,4417.58984375,,,,,,4585.27001953125,,,,,,1933190016,,,,
2017-09-04,,4236.31005859375,1.1882835626602173,,,,,4591.6298828125,1.1923214197158813,,,,,4108.39990234375,1.1879446506500244,,,,,4591.6298828125,1.1882553100585938,,,,,2987330048,0.0,,,
2017-09-05,224.65162658691406,4376.52978515625,1.1893434524536133,1339.199951171875,67.48873138427734,21753.310546875,227.83656161834236,4427.83984375,1.193816065788269,1339.199951171875,67.7454459916297,21921.08984375,223.92174172494268,3998.110107421875,1.187042236328125,1328.5999755859375,66.91112351773457,21709.630859375,227.7796901030287,4228.2900390625,1.18944251537323,1335.199951171875,67.24118015936727,21912.369140625,3866600.0,2697969920,0.0,39.0,21556000.0,332840000.0
2017-09-06,222.3956298828125,4597.1201171875,1.1924067735671997,1333.9000244140625,67.29618072509766,21807.640625,225.4668219272761,4617.25,1.1949286460876465,1340.300048828125,67.88295884082491,21849.240234375,222.13021983173377,4376.58984375,1.1903769969940186,1332.5999755859375,67.25033584310928,21794.0703125,225.15401412484124,4376.58984375,1.1923640966415405,1340.0,67.60790353878849,21815.759765625,4252700.0,2172100096,0.0,20.0,16535800.0,318760000.0
2017-09-07,223.9976043701172,4599.8798828125,1.1927765607833862,1345.0999755859375,68.15805053710938,21784.779296875,224.21561669509865,4655.0400390625,1.205690860748291,1349.0,68.39643148429703,21850.009765625,222.08284781083765,4491.330078125,1.1915684938430786,1336.4000244140625,67.47958922044599,21745.7109375,222.51888692456524,4589.14013671875,1.1927480697631836,1336.4000244140625,67.55293828034239,21820.380859375,2994500.0,1844620032,0.0,26.0,17471200.0,333810000.0
2017-09-08,226.33889770507812,4228.75,1.2029062509536743,1346.0,67.82798767089844,21797.7890625,226.9171155895418,4661.0,1.2093360424041748,1355.800048828125,68.2497342350301,21846.630859375,222.95491214080948,4075.179931640625,1.2018941640853882,1345.5999755859375,67.69962333012289,21731.119140625,223.4667702770699,4605.16015625,1.2028627395629883,1351.0,68.1488810354605,21764.4296875,3404200.0,2700890112,0.0,37.0,14703800.0,289400000.0
2017-09-09,,4226.06005859375,,,,,,4308.81982421875,,,,,,4114.10986328125,,,,,,4229.81005859375,,,,,,1386230016,,,,
2017-09-10,,4122.93994140625,,,,,,4245.43994140625,,,,,,3951.0400390625,,,,,,4229.33984375,,,,,,1679090048,,,,
2017-09-11,228.0546112060547,4161.27001953125,1.2017642259597778,1331.0,68.54312133789062,22057.369140625,229.24897107799165,4261.669921875,1.2029350996017456,1331.0,68.70815320527926,22067.099609375,226.84130380175677,4099.39990234375,1.1962437629699707,1327.300048828125,68.13053817194377,21927.7890625,227.02140660554187,4122.47021484375,1.2015330791473389,1331.0,68.13053817194377,21927.7890625,3628100.0,1557330048,0.0,9.0,17910400.0,312770000.0
2017-09-12,228.0451202392578,4130.81005859375,1.1959433555603027,1328.0,68.46977233886719,22118.859375,229.1162487512315,4344.64990234375,1.1977481842041016,1328.0,68.98320170671064,22134.5703125,226.5000431062358,4085.219970703125,1.1927480697631836,1325.199951171875,68.1855535095182,22087.08984375,228.0545940047237,4168.8798828125,1.1958575248718262,1327.0,68.54312138997355,22090.560546875,2702700.0,1864530048,0.0,15.0,14394900.0,364580000.0
2017-09-13,229.3247833251953,3882.590087890625,1.1974613666534424,1323.4000244140625,68.9556884765625,22158.1796875,230.79402701038862,4131.97998046875,1.1996002197265625,1323.4000244140625,68.974029234398,22158.1796875,224.7369639349432,3789.919921875,1.188565969467163,1323.4000244140625,68.3505763720332,22095.7890625,227.4953485068928,4131.97998046875,1.1971603631973267,1323.4000244140625,68.69897382646222,22103.470703125,4529100.0,2219409920,0.0,16.0,13380800.0,291890000.0
2017-09-14,232.45281982421875,3154.949951171875,1.1890605688095093,1324.699951171875,68.55227661132812,22203.48046875,232.81302537857874,3920.60009765625,1.1910008192062378,1329.300048828125,69.2124040027704,22216.439453125,229.86506459023187,3153.860107421875,1.1845674514770508,1319.5999755859375,68.3230661001301,22135.259765625,230.33901317701583,3875.3701171875,1.1890465021133423,1319.5999755859375,68.76315335940818,22144.9609375,4995200.0,2716310016,0.0,316.0,15733900.0,297780000.0
2017-09-15,236.02639770507812,3637.52001953125,1.1921650171279907,1320.4000244140625,69.04736328125,22268.33984375,236.92689713288706,3733.449951171875,1.198552131652832,1321.199951171875,69.1207123141948,22275.01953125,233.3817709382216,2946.6201171875,1.1902352571487427,1319.800048828125,67.91048125040071,22214.51953125,234.4718469091856,3166.300048828125,1.1922788619995117,1320.5999755859375,68.60728307347875,22252.439453125,9033300.0,4148069888,0.0,15.0,38578400.0,527540000.0
2017-09-16,,3625.0400390625,,,,,,3808.840087890625,,,,,,3487.7900390625,,,,,,3637.75,,,,,,1818400000,,,,
2017-09-17,,3582.8798828125,,,,,,3664.81005859375,,,,,,3445.639892578125,,,,,,3606.280029296875,,,,,,1239149952,,,,
2017-09-18,239.89382934570312,4065.199951171875,1.193716287612915,1306.300048828125,68.90985870361328,22331.349609375,240.56682826987384,4079.22998046875,1.1968880891799927,1310.4000244140625,69.65249859974604,22355.619140625,235.94109968759028,3591.090087890625,1.1916821002960205,1306.0,68.79983512846566,22283.349609375,236.945868423122,3591.090087890625,1.1937447786331177,1309.800048828125,68.97403737371178,22297.919921875,5193000.0,1943209984,0.0,129.0,23307000.0,302740000.0
2017-09-19,239.30613708496094,3924.969970703125,1.1959290504455566,1306.199951171875,69.16658020019531,22370.80078125,241.8749304359926,4094.070068359375,1.2005378007888794,1310.300048828125,69.41412452498429,22386.009765625,238.51938066144447,3868.8701171875,1.196000576019287,1305.0999755859375,68.7723377607528,22340.7109375,239.89382872941943,4073.7900390625,1.1961722373962402,1307.9000244140625,68.95570340911863,22349.69921875,4124700.0,1563980032,0.0,20.0,16093300.0,295570000.0
2017-09-20,242.1498260498047,3905.949951171875,1.199256420135498,1312.0,68.7081527709961,22412.58984375,243.31573556063935,4031.389892578125,1.2019230127334595,1312.0,69.26742704055869,22413.259765625,239.10706966151304,3857.72998046875,1.198667049407959,1298.699951171875,68.13053774131153,22314.6796875,240.06444063040806,3916.360107421875,1.1992852687835693,1312.0,69.08405441409117,22351.380859375,3853200.0,1213830016,0.0,12.0,21587900.0,334560000.0
2017-09-21,242.69960021972656,3631.0400390625,1.1872113943099976,1290.5999755859375,68.03885650634766,22359.23046875,243.60008517735724,3916.419921875,1.1953572034835815,1304.0999755859375,68.98320282100698,22419.509765625,241.16399696445507,3613.6298828125,1.1866196393966675,1290.300048828125,67.947173688459,22356.55078125,242.78490749397412,3901.469970703125,1.187295913696289,1299.0999755859375,68.8640158572468,22414.01953125,2809400.0,1411480064,0.0,336.0,19186100.0,287390000.0
2017-09-22,243.0882568359375,3630.699951171875,1.194557547569275,1293.300048828125,68.22225189208984,22349.58984375,245.78974080643243,3758.27001953125,1.2002496719360352,1295.699951171875,68.31393474055861,22364.310546875,242.78492277894293,3553.530029296875,1.1940582990646362,1293.300048828125,67.70881534974939,22299.580078125,242.95553733817943,3628.02001953125,1.1944862604141235,1295.0,67.83717273659626,22334.0703125,3475600.0,1194829952,0.0,209.0,14111400.0,297140000.0
2017-09-23,,3792.39990234375,,,,,,3819.2099609375,,,,,,3594.580078125,,,,,,3629.919921875,,,,,,928113984,,,,
2017-09-24,,3682.840087890625,,,,,,3796.14990234375,,,,,,3666.89990234375,,,,,,3796.14990234375,,,,,,768014976,,,,
2017-09-25,241.0692138671875,3926.070068359375,1.1927196979522705,1306.800048828125,67.1678695678711,22296.08984375,243.5811355681173,3950.25,1.1938873529434204,1309.199951171875,68.07554149589657,22359.880859375,238.39613692014862,3681.580078125,1.185185194015503,1291.0,66.85613954519513,22219.109375,243.5811355681173,3681.580078125,1.1926769018173218,1293.0999755859375,67.92884336876631,22320.470703125,3479200.0,1374210048,0.0,51.0,24149200.0,332430000.0
2017-09-26,240.48155212402344,3892.35009765625,1.185564637184143,1297.0,67.1678695678711,22284.3203125,243.11672003434023,3969.889892578125,1.186380386352539,1305.5999755859375,67.67212864124004,22369.349609375,240.32988507840875,3869.89990234375,1.1765259504318237,1297.0,66.92031822707669,22279.51953125,241.33466840778178,3928.409912109375,1.185564637184143,1304.5,67.5437712774769,22322.029296875,2173600.0,1043740032,0.0,39.0,18019600.0,285990000.0
2017-09-27,241.9792022705078,4200.669921875,1.1786059141159058,1283.4000244140625,67.70880889892578,22340.7109375,245.28735432661952,4210.0498046875,1.1795234680175781,1283.4000244140625,68.00219818304554,22371.099609375,240.73745922083438,3884.820068359375,1.1719207763671875,1283.4000244140625,67.08535579580226,22254.9296875,241.96972850521945,3892.93994140625,1.1781338453292847,1283.4000244140625,67.43376037972418,22330.9296875,3840100.0,1686880000,0.0,19488.0,19565100.0,342900000.0
2017-09-28,241.0218048095703,4174.72998046875,1.1749638319015503,1285.5,67.72711181640625,22381.19921875,242.47208624641422,4279.31005859375,1.1802752017974854,1288.0,67.8187946049057,22394.740234375,238.0833179513666,4109.7001953125,1.172195553779602,1277.0,67.21367560990218,22288.970703125,240.8701377990313,4197.1298828125,1.175046682357788,1283.0999755859375,67.42455231890449,22306.830078125,2586100.0,1712320000,0.0,5226.0,10883800.0,263010000.0
2017-09-29,240.96495056152344,4163.06982421875,1.178175449371338,1281.5,68.29557800292969,22405.08984375,241.96023103806147,4214.6298828125,1.1831939220428467,1289.4000244140625,68.3414229139197,22405.630859375,239.42934728137507,4039.2900390625,1.1773293018341064,1281.5,67.73630366461799,22332.9609375,240.62370699524195,4171.6201171875,1.1780644655227661,1284.199951171875,67.79131895679626,22358.470703125,2531100.0,1367049984,0.0,492.0,17079100.0,274790000.0
2017-09-30,,4338.7099609375,,,,,,4358.43017578125,,,,,,4160.85986328125,,,,,,4166.10986328125,,,,,,1207449984,,,,
2017-10-01,,4403.740234375,,,,,,4403.740234375,,,,,,4269.81005859375,,,,,,4341.0498046875,,,,,,1208210048,,,,
2017-10-02,242.65220642089844,4409.31982421875,1.1807351112365723,1272.699951171875,68.40559387207031,22557.599609375,242.65220642089844,4470.22998046875,1.1807630062103271,1276.0999755859375,68.77233213374625,22559.380859375,240.32037297380694,4377.4599609375,1.17311692237854,1270.4000244140625,68.12137504187297,22416.0,241.3820131962157,4395.81005859375,1.1807630062103271,1275.0,68.49727668875167,22423.470703125,2685100.0,1431730048,0.0,136.0,15304800.0,268530000.0
2017-10-03,242.1498260498047,4317.47998046875,1.173378348350525,1271.5,68.08470916748047,22641.669921875,244.80394111323028,4432.47021484375,1.177163004875183,1273.300048828125,68.65314690010442,22646.3203125,241.41994115301586,4258.89013671875,1.169741153717041,1268.5999755859375,68.02053048815353,22562.900390625,242.65221041072382,4408.4599609375,1.1733232736587524,1269.699951171875,68.46061086212359,22564.44921875,3163400.0,1288019968,0.0,192.0,12190400.0,238830000.0
2017-10-04,242.4342041015625,4229.35986328125,1.1747568845748901,1273.699951171875,68.47893524169922,22661.640625,243.73283321574903,4352.31005859375,1.1786754131317139,1280.800048828125,68.50643938412327,22685.939453125,240.83226984147754,4210.419921875,1.1747430562973022,1270.0,67.58042695113181,22632.80078125,242.77544770228647,4319.3701171875,1.1747844219207764,1273.800048828125,67.9288244134193,22645.669921875,3031000.0,1116770048,0.0,218.0,13317700.0,235730000.0
2017-10-05,245.401123046875,4328.41015625,1.175723671913147,1269.9000244140625,69.65251159667969,22775.390625,245.49588962603275,4362.64013671875,1.177994966506958,1277.800048828125,69.79003934253883,22777.0390625,241.5052504640825,4164.0498046875,1.1703845262527466,1267.5999755859375,68.72649890250992,22655.140625,241.97919906998013,4229.8798828125,1.1756960153579712,1277.800048828125,68.96487986233566,22669.080078125,3940200.0,1161769984,0.0,36.0,21195300.0,246400000.0
2017-10-06,245.1072540283203,4370.81005859375,1.1712344884872437,1271.5999755859375,69.67999267578125,22773.669921875,245.41058808579305,4413.27001953125,1.1738742589950562,1272.0,69.70749681685609,22773.669921875,243.6664606466167,4320.52978515625,1.1671334505081177,1260.5,69.25824619108492,22730.849609375,244.55748636073793,4324.4599609375,1.1713991165161133,1267.5999755859375,69.37743313405907,22762.029296875,2736400.0,1069939968,0.0,46.0,13959800.0,221450000.0
2017-10-07,,4426.89013671875,,,,,,4443.8798828125,,,,,,4321.0498046875,,,,,,4369.35009765625,,,,,,906928000,,,,
2017-10-08,,4610.47998046875,,,,,,4624.14013671875,,,,,,4405.64013671875,,,,,,4429.669921875,,,,,,1313869952,,,,
2017-10-09,244.92718505859375,4772.02001953125,1.1742464303970337,1281.800048828125,69.94589233398438,22761.0703125,245.50538849764092,4878.7099609375,1.1750881671905518,1284.0,70.18427326476348,22803.369140625,243.7138488044715,4564.25,1.1720993518829346,1279.0,69.55164990786737,22739.380859375,245.50538849764092,4614.52001953125,1.1742877960205078,1280.5999755859375,69.65250310954504,22779.73046875,2146100.0,1968739968,0.0,19.0,11386500.0,310770000.0
2017-10-10,247.3347930908203,4781.990234375,1.1741636991500854,1290.5999755859375,69.94589233398438,22830.6796875,247.45802434707218,4922.169921875,1.1817677021026611,1293.0,70.25761532466016,22850.509765625,243.79915528233963,4765.10009765625,1.1741912364959717,1281.699951171875,69.80836460488294,22770.990234375,246.20679318324164,4776.2099609375,1.1741912364959717,1282.5999755859375,69.98256686140815,22784.759765625,2740700.0,1597139968,0.0,18.0,13944500.0,319270000.0
2017-10-11,247.8182373046875,4826.47998046875,1.1814883947372437,1285.800048828125,70.0650634765625,22872.890625,248.01728760976914,4873.72998046875,1.1858035326004028,1292.0,70.10173799570275,22872.890625,245.52431343567582,4751.6298828125,1.179634690284729,1284.9000244140625,69.63414662035132,22821.66015625,247.70449427321228,4789.25,1.181404709815979,1287.300048828125,70.01005519532679,22827.650390625,2890300.0,1222279936,0.0,21.0,15388900.0,316000000.0
2017-10-12,248.26377868652344,5446.91015625,1.1865493059158325,1293.300048828125,70.70687103271484,22841.009765625,249.27803571305347,5446.91015625,1.1880717277526855,1294.5,70.86273252362936,22884.8203125,246.45329142055354,4822.0,1.1831799745559692,1289.300048828125,70.01923940167362,22821.130859375,247.35380540252493,4829.580078125,1.1865352392196655,1291.5,70.12925598587178,22854.849609375,2577900.0,2791610112,0.0,14.0,16876500.0,291790000.0
2017-10-13,247.15469360351562,5647.2099609375,1.1831799745559692,1301.5,71.04610443115234,22871.720703125,250.045797267172,5840.2998046875,1.1874369382858276,1301.699951171875,71.39450896506533,22905.330078125,247.15469360351562,5436.85009765625,1.1806235313415527,1291.699951171875,70.86273877800436,22855.9296875,249.20215491856453,5464.16015625,1.1831378936767578,1293.300048828125,71.13778725772634,22876.4296875,2243900.0,3615480064,0.0,74.0,15335700.0,259560000.0
2017-10-14,,5831.7900390625,,,,,,5837.7001953125,,,,,,5591.64013671875,,,,,,5643.52978515625,,,,,,1669030016,,,,
2017-10-15,,5678.18994140625,,,,,,5852.47998046875,,,,,,5478.60986328125,,,,,,5835.9599609375,,,,,,1976039936,,,,
2017-10-16,246.21630859375,5725.58984375,1.181404709815979,1299.9000244140625,71.19280242919922,22956.9609375,248.34907738811356,5776.22998046875,1.182102918624878,1303.800048828125,71.33949355247921,22960.119140625,246.1594370734359,5544.2099609375,1.1781060695648193,1291.9000244140625,70.91774695499124,22887.119140625,247.87512876714388,5687.56982421875,1.1815024614334106,1302.0,70.9819256329796,22892.919921875,1818900.0,2008070016,0.0,173.0,12380100.0,247180000.0
2017-10-17,245.14517211914062,5605.509765625,1.1794538497924805,1283.0,71.13777160644531,22997.439453125,245.5527609773285,5800.35009765625,1.1795096397399902,1295.0999755859375,71.16528274382084,23002.19921875,242.9081485860403,5472.72021484375,1.1738604307174683,1283.0,70.82604866568678,22948.23046875,243.12614643098735,5741.580078125,1.1795096397399902,1295.0999755859375,71.02775503674218,22952.41015625,2515900.0,1821570048,0.0,571.0,16824000.0,273090000.0
2017-10-18,246.49118041992188,5590.68994140625,1.1771907806396484,1279.9000244140625,71.1561050415039,23157.599609375,247.14523176081573,5603.81982421875,1.1779812574386597,1279.9000244140625,71.37614515321398,23172.9296875,243.28728345786794,5151.43994140625,1.1732269525527954,1279.9000244140625,70.93606492979382,23086.75,245.0029749673069,5603.81982421875,1.1772878170013428,1279.9000244140625,71.21111332069417,23087.130859375,2051700.0,2399269888,0.0,163.0,13300700.0,271870000.0
2017-10-19,245.54330444335938,5708.52001953125,1.1795234680175781,1286.9000244140625,71.43116760253906,23163.0390625,245.60017596246715,5744.35009765625,1.1857191324234009,1286.9000244140625,71.44950136579442,23167.240234375,242.69012454883287,5531.06005859375,1.1769968271255493,1285.0999755859375,70.91773129704269,23052.669921875,245.48643292425157,5583.740234375,1.179356575012207,1286.4000244140625,71.11943766760022,23107.470703125,2589200.0,1780540032,0.0,134.0,15092800.0,350400000.0
2017-10-20,250.9557647705078,6011.4501953125,1.184805989265442,1277.4000244140625,72.25634002685547,23328.630859375,251.031583812677,6060.10986328125,1.1858035326004028,1279.5999755859375,72.40303815365495,23328.83984375,245.92243333237212,5627.22998046875,1.1764997243881226,1277.4000244140625,71.71540642292369,23201.779296875,246.79448249117877,5708.10986328125,1.18519926071167,1279.5999755859375,71.80708925469753,23205.1796875,3955900.0,2354429952,0.0,304.0,22866400.0,474380000.0
2017-10-21,,6031.60009765625,,,,,,6194.8798828125,,,,,,5965.06982421875,,,,,,5996.7900390625,,,,,,2207099904,,,,
2017-10-22,,6008.419921875,,,,,,6076.259765625,,,,,,5792.33984375,,,,,,6036.66015625,,,,,,2034630016,,,,
2017-10-23,248.65240478515625,5930.31982421875,1.175364375114441,1277.699951171875,72.27466583251953,23273.9609375,252.12171206899282,6075.58984375,1.1778993606567383,1280.800048828125,72.74225027628225,23368.369140625,248.48179022878577,5732.47021484375,1.1734058856964111,1271.5,72.21048716406483,23273.9609375,251.3159936494291,6006.0,1.1754748821258545,1274.699951171875,72.42135693400874,23348.94921875,3302400.0,2401840128,0.0,115.0,20627200.0,456830000.0
2017-10-24,252.14064025878906,5526.64013671875,1.1759172677993774,1275.0,72.30216979980469,23441.759765625,253.28758770311637,5935.52001953125,1.1777175664901733,1275.5,72.61389276154979,23485.25,249.52443488501012,5504.18017578125,1.174384355545044,1273.699951171875,71.9354315545544,23343.23046875,249.52443488501012,5935.52001953125,1.175530195236206,1275.5,72.33884432382474,23346.779296875,4401600.0,2735699968,0.0,111.0,17517200.0,406850000.0
2017-10-25,244.9556121826172,5750.7998046875,1.1759034395217896,1275.4000244140625,72.09130096435547,23329.4609375,252.14066037806037,5754.330078125,1.1817537546157837,1275.4000244140625,72.52221792529751,23451.509765625,241.23984235419687,5397.8798828125,1.1753782033920288,1269.9000244140625,71.52286326690087,23251.109375,250.98422461321027,5524.60009765625,1.1759862899780273,1269.9000244140625,72.04546305050161,23431.08984375,7895300.0,1966989952,0.0,105.0,20410800.0,399560000.0
2017-10-26,245.76132202148438,5904.830078125,1.182075023651123,1266.300048828125,72.21047973632812,23400.859375,247.8182718861147,5976.7998046875,1.1835579872131348,1273.5,72.81559183452204,23459.83984375,243.90345141724174,5721.22021484375,1.1692214012145996,1264.699951171875,72.20130935750639,23380.890625,246.18788737656672,5747.9501953125,1.1822147369384766,1273.5,72.6138854701409,23380.890625,3419100.0,1905040000,0.0,39.0,32120700.0,370600000.0
2017-10-27,243.09771728515625,5780.89990234375,1.163724422454834,1268.5,76.84054565429688,23434.189453125,245.97933298515258,5988.39013671875,1.1644154787063599,1268.5,79.03179804140771,23449.400390625,242.47211610123844,5728.81982421875,1.157594919204712,1267.0999755859375,76.65718000485415,23353.16015625,244.80394966815965,5899.740234375,1.1639004945755005,1268.4000244140625,77.35398206364854,23419.16015625,2899200.0,1710130048,0.0,567.0,71066700.0,518870000.0
2017-10-28,,5753.08984375,,,,,,5876.72021484375,,,,,,5689.18994140625,,,,,,5787.81982421875,,,,,,1403920000,,,,
2017-10-29,,6153.85009765625,,,,,,6255.7099609375,,,,,,5724.580078125,,,,,,5754.43994140625,,,,,,2859040000,,,,
2017-10-30,245.74234008789062,6130.52978515625,1.1604562997817993,1274.0999755859375,76.91385650634766,23348.740234375,246.84190427086955,6214.990234375,1.1642799377441406,1274.0999755859375,77.31726912867435,23428.75,242.02658493581015,6040.85009765625,1.1598103046417236,1267.9000244140625,76.19872103582138,23327.869140625,242.14032796723455,6114.85009765625,1.160725712776184,1270.0,76.73965432944337,23405.75,3025900.0,1772150016,0.0,222.0,31756700.0,436900000.0
2017-10-31,244.53854370117188,6468.39990234375,1.1652703285217285,1267.0,76.26293182373047,23377.240234375,246.38692598768975,6470.43017578125,1.1658952236175537,1274.5999755859375,77.344805861906,23406.349609375,244.05510684541517,6103.330078125,1.1625608205795288,1266.0999755859375,76.19875315176034,23334.390625,245.8276700798185,6132.02001953125,1.164985179901123,1273.0999755859375,77.344805861906,23369.220703125,2742800.0,2311379968,0.0,235.0,27086600.0,388050000.0
2017-11-01,245.03143310546875,6767.31005859375,1.165175199508667,1274.0999755859375,76.26293182373047,23435.009765625,245.89402305308147,6767.31005859375,1.165745735168457,1274.800048828125,76.7947019600262,23517.7109375,242.88917611628713,6377.8798828125,1.160833477973938,1270.300048828125,75.98787637531527,23388.91015625,244.83238278756664,6440.97021484375,1.1651616096496582,1272.199951171875,76.72135290778873,23442.900390625,2929500.0,2870320128,0.0,78.0,22307400.0,361260000.0
2017-11-02,248.94630432128906,7078.5,1.1628718376159668,1274.9000244140625,77.06057739257812,23516.259765625,249.5245078629193,7367.330078125,1.168729543685913,1274.9000244140625,77.43647899712913,23531.380859375,244.55753463337774,6758.72021484375,1.1628854274749756,1274.9000244140625,76.20791400304812,23350.98046875,244.85138051970353,6777.77001953125,1.162912368774414,1274.9000244140625,76.41878375817558,23463.240234375,2529900.0,4653770240,0.0,70.0,23992900.0,348040000.0
2017-11-03,248.1121063232422,7207.759765625,1.1661807298660278,1266.5,77.14311218261719,23539.189453125,250.0458248218018,7461.2900390625,1.1686748266220093,1267.9000244140625,77.50985050931001,23557.060546875,246.52910518038345,7002.93994140625,1.1605236530303955,1265.300048828125,76.46465082495412,23481.5703125,248.74721021176188,7087.52978515625,1.1663167476654053,1265.300048828125,77.0881038818464,23549.58984375,2610800.0,3369860096,0.0,75.0,17633500.0,312250000.0
2017-11-04,,7379.9501953125,,,,,,7492.85986328125,,,,,,7031.27978515625,,,,,,7164.47998046875,,,,,,2483800064,,,,
2017-11-05,,7407.41015625,,,,,,7617.47998046875,,,,,,7333.18994140625,,,,,,7404.52001953125,,,,,,2380410112,,,,
2017-11-06,250.3112335205078,7022.759765625,1.1614941358566284,1279.4000244140625,77.44564056396484,23548.419921875,251.98900123755865,7445.77001953125,1.1626555919647217,1280.5,77.65651029509813,23574.859375,248.85146365713885,7007.31005859375,1.1582788228988647,1269.0,77.08807276339193,23520.75,248.9367709382572,7403.22021484375,1.1615345478057861,1269.0,77.1980893205227,23533.9609375,2911600.0,3111899904,0.0,128.0,19860900.0,325190000.0
2017-11-07,252.263916015625,7144.3798828125,1.1612648963928223,1273.699951171875,77.26226806640625,23557.23046875,253.3539921378156,7253.31982421875,1.1617100238800049,1276.800048828125,77.83988297180579,23602.119140625,250.31124986908392,7023.10009765625,1.1555883884429932,1270.4000244140625,76.95054516091041,23484.189453125,250.31124986908392,7023.10009765625,1.1611839532852173,1276.800048828125,77.72068904151118,23574.029296875,3205400.0,2326340096,0.0,11.0,17939700.0,285080000.0
2017-11-08,251.73306274414062,7459.68994140625,1.1601063013076782,1281.5999755859375,77.5281753540039,23563.359375,253.67624040532172,7776.419921875,1.1609547138214111,1284.9000244140625,77.57402026267043,23575.0,251.46765268903988,7114.02001953125,1.1581177711486816,1274.699951171875,76.85888445515891,23510.560546875,252.2733710830149,7141.3798828125,1.1602543592453003,1275.9000244140625,77.14310330302862,23542.599609375,2841800.0,4602200064,0.0,15.0,18034200.0,264670000.0
2017-11-09,250.35122680664062,7143.580078125,1.15968918800354,1285.5999755859375,77.09725952148438,23461.939453125,254.2108361153855,7446.830078125,1.1652567386627197,1286.9000244140625,77.26229140216518,23516.740234375,247.35881537573582,7101.52001953125,1.1586410999298096,1279.699951171875,76.00622202777066,23310.01953125,252.55263790615183,7446.830078125,1.1595547199249268,1279.699951171875,77.1156002831995,23492.08984375,3215900.0,3226249984,0.0,18.0,21178400.0,305440000.0
2017-11-10,248.58822631835938,6618.14013671875,1.164686679840088,1272.4000244140625,76.89555358886719,23422.2109375,250.16065892930743,7312.0,1.1675150394439697,1283.5,77.10642336605831,23452.19921875,247.39698508536267,6436.8701171875,1.1623986959457397,1272.4000244140625,76.30877517284335,23392.9609375,249.78897770475425,7173.72998046875,1.164523959159851,1283.5,76.82220453812658,23432.7109375,1740600.0,5208249856,0.0,10.0,19397800.0,351280000.0
2017-11-11,,6357.60009765625,,,,,,6873.14990234375,,,,,,6204.22021484375,,,,,,6618.60986328125,,,,,,4908680192,,,,
2017-11-12,,5950.06982421875,,,,,,6625.0498046875,,,,,,5519.009765625,,,,,,6295.4501953125,,,,,,8957349888,,,,
2017-11-13,250.08438110351562,6559.490234375,1.1661127805709839,1277.300048828125,76.95054626464844,23439.69921875,250.9801675709985,6811.18994140625,1.1675150394439697,1277.300048828125,76.95971664286779,23461.6796875,248.2450829130991,5844.2900390625,1.163873314857483,1277.0,76.51962942267714,23343.33984375,249.36963651000053,5938.25,1.1661127805709839,1277.300048828125,76.70300201231868,23367.470703125,2604100.0,6263249920,0.0,3.0,14196900.0,491260000.0
2017-11-14,249.45542907714844,6635.75,1.1664936542510986,1281.5,77.06057739257812,23409.470703125,250.065329405732,6764.97998046875,1.177412509918213,1281.5,77.10641529828204,23414.080078125,247.96876249012183,6461.75,1.166330337524414,1276.9000244140625,76.07955667515756,23271.5703125,249.68413806498788,6561.47998046875,1.1664936542510986,1276.9000244140625,76.55631146518682,23388.400390625,2358200.0,3197110016,0.0,4.0,18801300.0,561330000.0
2017-11-15,250.50369262695312,7315.5400390625,1.1792869567871094,1276.5,76.46163940429688,23271.279296875,252.32391250427483,7342.25,1.1859441995620728,1284.699951171875,77.11586562480947,23344.990234375,247.92109008447557,6634.759765625,1.1786059141159058,1275.9000244140625,76.19441905562338,23242.75,249.13140964627945,6634.759765625,1.1791757345199585,1281.4000244140625,76.91314625477582,23334.58984375,2510500.0,4200880128,0.0,13.0,19383100.0,404300000.0
2017-11-16,251.30419921875,7871.68994140625,,1277.4000244140625,76.66434478759766,23458.359375,252.58120601079096,7967.3798828125,,1277.5,76.8670641392362,23492.189453125,250.96110670637879,7176.580078125,,1277.4000244140625,76.42477376300553,23365.33984375,251.36137645697343,7323.240234375,,1277.5,76.57220154505617,23365.33984375,2710200.0,5123809792,,43.0,20962800.0,402020000.0
2017-11-17,249.931884765625,7708.990234375,1.1777453422546387,1295.800048828125,75.92718505859375,23358.240234375,251.34229540467578,8004.58984375,1.1821727752685547,1295.800048828125,76.59062759396276,23433.76953125,249.71268596600183,7561.08984375,1.177467942237854,1288.300048828125,75.77975025958813,23356.009765625,250.46555837224372,7853.56982421875,1.1777315139770508,1288.300048828125,76.59062759396276,23433.76953125,1724800.0,4651670016,0.0,1.0,22079000.0,386000000.0
2017-11-18,,7790.14990234375,,,,,,7884.990234375,,,,,,7463.43994140625,,,,,,7697.2099609375,,,,,,3667190016,,,,
2017-11-19,,8036.490234375,,,,,,8101.91015625,,,,,,7694.10009765625,,,,,,7766.02978515625,,,,,,3149319936,,,,
2017-11-20,252.19052124023438,8200.6396484375,1.1731857061386108,1274.5999755859375,76.04700469970703,23430.330078125,253.13397492508892,8336.8603515625,1.1807490587234497,1275.9000244140625,76.10228925911375,23456.880859375,250.40842913193754,7949.35986328125,1.1725940704345703,1274.5999755859375,75.78900071570064,23360.580078125,250.63713812631784,8039.06982421875,1.1732131242752075,1274.5999755859375,75.92721914429872,23370.7109375,2447400.0,3488450048,0.0,1.0,16315000.0,315330000.0
2017-11-21,254.43954467773438,8071.259765625,1.1741223335266113,1281.0999755859375,77.14350891113281,23590.830078125,254.44908391254134,8348.66015625,1.1756683588027954,1281.0999755859375,77.25407800163777,23617.80078125,252.26672220315083,7762.7099609375,1.1715501546859741,1281.0999755859375,76.24048816822518,23500.150390625,253.7248000600025,8205.740234375,1.1738742589950562,1281.0999755859375,76.24048816822518,23500.150390625,2267100.0,4277609984,0.0,4.0,21237500.0,329650000.0
2017-11-22,252.6860809326172,8253.5498046875,1.173722743988037,1291.5999755859375,76.58143615722656,23526.1796875,254.90657084584151,8302.259765625,1.179815649986267,1291.5999755859375,77.30937989723746,23605.76953125,252.09522994274076,8075.47021484375,1.1735574007034302,1282.9000244140625,76.5169351691284,23507.609375,254.44912374898357,8077.9501953125,1.174094796180725,1284.699951171875,77.2448789091393,23597.240234375,1471400.0,3633530112,0.0,4.0,20553100.0,268760000.0
2017-11-23,,8038.77001953125,1.1814744472503662,,,,,8267.400390625,1.185499906539917,,,,,8038.77001953125,1.1814465522766113,,,,,8232.3798828125,1.181516408920288,,,,,4225179904,0.0,,,
2017-11-24,253.38174438476562,8253.6904296875,1.1853959560394287,1286.699951171875,76.71963500976562,23557.990234375,254.03931177991564,8374.16015625,1.1943720579147339,1286.699951171875,76.87627922234292,23599.1796875,252.09519821673152,7940.93017578125,1.183726191520691,1286.699951171875,76.27733761122421,23551.58984375,252.79089346924738,8074.02001953125,1.1850868463516235,1286.699951171875,76.48927339241833,23552.75,788900.0,5058610176,0.0,0.0,7425600.0,118610000.0
2017-11-25,,8790.919921875,,,,,,8790.919921875,,,,,,8191.14990234375,,,,,,8241.7099609375,,,,,,4342060032,,,,
2017-11-26,,9330.5498046875,,,,,,9522.9296875,,,,,,8775.58984375,,,,,,8789.0400390625,,,,,,5475579904,,,,
2017-11-27,253.09580993652344,9818.349609375,1.1926485300064087,1293.800048828125,77.28173065185547,23580.779296875,254.29659014694045,9818.349609375,1.1960434913635254,1293.800048828125,77.38309034259514,23638.919921875,252.2762501048641,9352.7197265625,1.1908164024353027,1293.800048828125,76.75650635896798,23545.01953125,252.90522883017624,9352.7197265625,1.1928761005401611,1293.800048828125,76.76571576352264,23552.859375,1772200.0,5653320192,0.0,1.0,18265200.0,296320000.0
2017-11-28,255.39256286621094,10058.7998046875,1.1904903650283813,1294.699951171875,78.21238708496094,23836.7109375,255.4116413377197,10125.7001953125,1.192099690437317,1294.699951171875,78.37824775884606,23849.609375,252.76232218819237,9736.2998046875,1.1867464780807495,1294.699951171875,77.41994242418534,23617.109375,254.4491091836744,9823.4296875,1.1904053688049316,1294.699951171875,77.46601756751781,23625.189453125,2262100.0,6348819968,0.0,275442.0,21926000.0,319240000.0
2017-11-29,256.6409912109375,9888.6103515625,1.184805989265442,1282.0999755859375,76.79335021972656,23940.6796875,257.00313318721186,11517.400390625,1.1884952783584595,1296.199951171875,78.24923742024984,23959.759765625,253.63906921856207,9601.0302734375,1.1820051670074463,1281.0999755859375,76.64592243098245,23872.58984375,256.8125520459875,10077.400390625,1.1849744319915771,1293.4000244140625,78.0557344931037,23883.259765625,3029100.0,11568799744,0.0,47244.0,27381100.0,401410000.0
2017-11-30,263.7884216308594,10233.599609375,1.18519926071167,1273.199951171875,77.55815124511719,24272.349609375,264.0171597020609,10801.0,1.1929757595062256,1284.5,77.88065611837331,24327.8203125,256.7648686499101,9202.0498046875,1.1815024614334106,1269.699951171875,76.79334895276767,24013.80078125,257.222315709278,9906.7900390625,1.1850025653839111,1283.0999755859375,76.95000020270263,24013.80078125,4820300.0,8310689792,0.0,3049.0,33054600.0,488200000.0
2017-12-01,258.6232604980469,10975.599609375,1.1898245811462402,1278.800048828125,77.64108276367188,24231.58984375,265.6277652845826,11046.7001953125,1.1939870119094849,1288.5999755859375,78.14787411217324,24322.060546875,257.87992707680473,9694.650390625,1.185213327407837,1271.0,76.68277757604321,23921.900390625,264.46511259155875,10198.599609375,1.18990957736969,1274.0999755859375,77.03292470937572,24305.400390625,4592500.0,6783119872,0.0,823.0,29532100.0,417910000.0
2017-12-02,,11074.599609375,,,,,,11320.2001953125,,,,,,10905.099609375,,,,,,10978.2998046875,,,,,,5138500096,,,,
2017-12-03,,11323.2001953125,,,,,,11858.7001953125,,,,,,10862.0,,,,,,11082.7001953125,,,,,,6608309760,,,,
2017-12-04,264.9034423828125,11657.2001953125,1.1859863996505737,1274.300048828125,74.71087646484375,24290.05078125,268.58198108370016,11657.2001953125,1.1878741979599,1276.0999755859375,77.79772052632988,24534.0390625,263.026045172427,11081.7998046875,1.1831238269805908,1270.300048828125,74.3607223304741,24288.189453125,263.1785275291579,11315.400390625,1.1857051849365234,1272.5,77.7885040938259,24424.109375,5523000.0,6132409856,0.0,850.0,39094900.0,424250000.0
2017-12-05,262.587646484375,11916.7001953125,1.1867746114730835,1261.5999755859375,75.18081665039062,24180.640625,266.3043126193196,12032.0,1.187930703163147,1275.800048828125,76.18519699223171,24349.740234375,261.9395892717691,11604.599609375,1.1808885335922241,1260.0,74.61874075239162,24155.279296875,265.8945326917687,11685.7001953125,1.186859130859375,1275.4000244140625,74.95045502511539,24335.009765625,2806100.0,6895260160,0.0,1499.0,26152300.0,371190000.0
2017-12-06,265.1893310546875,14291.5,1.1832919120788574,1262.800048828125,76.2773666381836,24140.91015625,266.0184593300783,14369.099609375,1.1848341226577759,1267.800048828125,76.60908805580488,24229.349609375,261.12006173045984,11923.400390625,1.1781338453292847,1261.5999755859375,75.03341483714446,24134.490234375,263.57877068306476,11923.400390625,1.183053970336914,1264.9000244140625,75.14399098637867,24171.900390625,2538100.0,12656300032,0.0,373.0,26162100.0,312720000.0
2017-12-07,268.71539306640625,17899.69921875,1.1804285049438477,1249.800048828125,76.01014709472656,24211.48046875,271.402839863218,17899.69921875,1.1809163093566895,1262.4000244140625,76.29580039269406,24262.880859375,264.7414001151179,14057.2998046875,1.1777175664901733,1243.9000244140625,75.55864011611403,24101.240234375,269.5159035644501,14266.099609375,1.1804981231689453,1262.300048828125,76.05622224829334,24116.599609375,4264400.0,17950699520,0.0,358.0,23184500.0,319060000.0
2017-12-08,272.460693359375,16569.400390625,1.1772184371948242,1245.199951171875,77.54893493652344,24329.16015625,273.813956218276,18353.400390625,1.1777175664901733,1249.300048828125,77.93594074997092,24330.119140625,270.2306932254439,14336.900390625,1.1731857061386108,1241.5,76.7841327122736,24225.5,271.61254471107327,17802.900390625,1.1774401664733887,1246.300048828125,77.06056242327395,24263.259765625,4440500.0,21135998976,0.0,157.0,24489100.0,293590000.0
2017-12-09,,15178.2001953125,,,,,,16783.0,,,,,,13674.900390625,,,,,,16523.30078125,,,,,,13911300096,,,,
2017-12-10,,15455.400390625,,,,,,15850.599609375,,,,,,13226.599609375,,,,,,15168.400390625,,,,,,13433299968,,,,
2017-12-11,269.8494567871094,16936.80078125,1.1769968271255493,1243.699951171875,78.5348892211914,24386.029296875,273.02291015627424,17513.900390625,1.1810418367385864,1249.199951171875,78.66389117031758,24389.720703125,266.7426908138177,15404.7998046875,1.176885962486267,1239.9000244140625,77.51208303163466,24314.740234375,272.7560733236809,15427.400390625,1.1769275665283203,1248.4000244140625,77.66872725127658,24338.109375,4065200.0,12153900032,0.0,146.0,22857900.0,300580000.0
2017-12-12,276.3108215332031,17415.400390625,1.1777591705322266,1238.5,78.85740661621094,24504.80078125,279.03636783729706,17781.80078125,1.1792994737625122,1244.4000244140625,79.2904876699397,24552.970703125,274.1951756894698,16571.599609375,1.1718933582305908,1236.5,78.39668328757696,24443.830078125,277.6450060555932,16919.80078125,1.1777175664901733,1241.300048828125,78.60861208190374,24452.9609375,5517600.0,14603799552,0.0,692.0,23924100.0,342220000.0
2017-12-13,278.1214904785156,16408.19921875,1.1742602586746216,1245.4000244140625,78.64547729492188,24585.4296875,281.94300194659337,17653.099609375,1.177024483680725,1254.5,79.24441907768798,24666.01953125,276.0821004581502,16039.7001953125,1.1730480194091797,1239.800048828125,78.47961660169558,24518.30078125,276.84448327111966,17500.0,1.1743566989898682,1241.9000244140625,79.0048409585654,24525.189453125,5003300.0,12976900096,0.0,349.0,22062700.0,325280000.0
2017-12-14,280.0655517578125,16564.0,1.1835860013961792,1253.800048828125,78.03730773925781,24508.66015625,282.8673531469546,17085.80078125,1.1859863996505737,1257.699951171875,79.12461491003197,24672.48046875,278.84572203678044,16185.900390625,1.177163004875183,1250.300048828125,77.88987292216619,24508.66015625,279.5604666955813,16384.599609375,1.1839923858642578,1252.9000244140625,78.71917619310902,24631.009765625,3913400.0,13777399808,0.0,139.0,19306000.0,314780000.0
2017-12-15,280.12274169921875,17706.900390625,1.1774957180023193,1254.300048828125,80.02764892578125,24651.740234375,283.39150044034864,18154.099609375,1.1814005374908447,1260.300048828125,80.2487941776192,24688.619140625,279.2459754148188,16601.30078125,1.1761661767959595,1253.0999755859375,78.2123977013294,24584.439453125,281.9620110579615,16601.30078125,1.1775233745574951,1253.0999755859375,78.56255196599369,24585.7109375,6933500.0,14309999616,0.0,578.0,53936700.0,635740000.0
2017-12-16,,19497.400390625,,,,,,19716.69921875,,,,,,17515.30078125,,,,,,17760.30078125,,,,,,12740599808,,,,
2017-12-17,,19140.80078125,,,,,,20089.0,,,,,,18974.099609375,,,,,,19475.80078125,,,,,,13314599936,,,,
2017-12-18,282.2193298339844,19114.19921875,1.1743566989898682,1262.199951171875,79.59453582763672,24792.19921875,283.1723227288116,19371.0,1.18343186378479,1262.4000244140625,80.6265583047658,24876.0703125,280.6754569146148,18355.900390625,1.174315333366394,1255.699951171875,79.45632449460521,24739.560546875,282.0858968688517,19106.400390625,1.1746740341186523,1256.199951171875,80.27641121095603,24739.560546875,2901600.0,14839499776,0.0,45.0,22283800.0,354880000.0
2017-12-19,283.277099609375,17776.69921875,1.1784253120422363,1260.699951171875,79.0877685546875,24754.75,283.5915744255279,19177.80078125,1.1832919120788574,1264.300048828125,79.56691772489258,24850.109375,280.3514048386964,17275.400390625,1.1777037382125854,1259.5,78.57175364437421,24715.599609375,282.56235503508725,19118.30078125,1.1782865524291992,1261.0999755859375,79.56691772489258,24834.380859375,2728400.0,16894499840,0.0,329.0,23524800.0,335330000.0
2017-12-20,283.8965759277344,16624.599609375,1.1841325759887695,1266.0999755859375,78.8021011352539,24726.650390625,285.25934877961,17934.69921875,1.1901220083236694,1266.5999755859375,79.52083530640205,24852.439453125,283.1437034018796,16077.7001953125,1.1830118894577026,1261.300048828125,78.0557317241556,24697.109375,284.6589876890541,17760.30078125,1.183712124824524,1261.300048828125,79.42868503286692,24838.08984375,2533700.0,22149699584,0.0,63.0,23674900.0,341790000.0
2017-12-21,281.1614990234375,15802.900390625,1.1878176927566528,1267.300048828125,78.78369140625,24782.2890625,284.3635703464179,17567.69921875,1.189202070236206,1267.4000244140625,79.33655801010237,24850.91015625,280.30381121509777,15342.7001953125,1.1850166320800781,1264.300048828125,78.69154814395465,24766.26953125,284.03952716169977,16642.400390625,1.1877753734588623,1266.4000244140625,79.29048989399483,24778.259765625,5398300.0,16516599808,0.0,226.0,17990700.0,339530000.0
2017-12-22,281.2281799316406,13831.7998046875,1.1857331991195679,1275.4000244140625,78.79290008544922,24754.060546875,282.58141341553693,15943.400390625,1.1861974000930786,1276.300048828125,78.90346917728755,24784.150390625,279.23642847785516,11833.0,1.1817537546157837,1266.300048828125,78.2492429402856,24717.509765625,282.4003424576444,15898.0,1.185157060623169,1266.300048828125,78.69154039787769,24764.0390625,2257400.0,22197999616,0.0,119.0,14145800.0,255140000.0
2017-12-23,,14699.2001953125,,,,,,15603.2001953125,,,,,,13828.7998046875,,,,,,13948.7001953125,,,,,,13086000128,,,,
2017-12-24,,13925.7998046875,,,,,,14626.0,,,,,,12747.7001953125,,,,,,14608.2001953125,,,,,,11572299776,,,,
2017-12-25,,14026.599609375,1.1856067180633545,,,,,14593.0,1.1884952783584595,,,,,13448.900390625,1.1849043369293213,,,,,13995.900390625,1.1856770515441895,,,,,10664699904,0.0,,,
2017-12-26,281.4759521484375,16099.7998046875,1.187253713607788,1284.0999755859375,78.69154357910156,24746.2109375,283.458193548375,16461.19921875,1.1877895593643188,1284.0999755859375,78.8113291101288,24778.130859375,280.79933537315736,14028.900390625,1.1847498416900635,1281.800048828125,78.35060579529808,24708.419921875,281.6475129632829,14036.599609375,1.187126874923706,1282.4000244140625,78.6086097267905,24715.83984375,1394700.0,13454300160,0.0,84.0,9891200.0,208290000.0
2017-12-27,281.7237548828125,15838.5,1.1857894659042358,1287.0,78.97718048095703,24774.30078125,282.8482795186496,16930.900390625,1.1910432577133179,1287.0,79.22597497850172,24789.51953125,280.94229372921654,15114.2998046875,1.185564637184143,1284.0,78.52567365403397,24731.6796875,282.4766274128884,16163.5,1.1860989332199097,1284.0,78.92189593931556,24766.51953125,1447800.0,12487600128,0.0,456.0,14678000.0,225890000.0
2017-12-28,282.4194641113281,14606.5,1.1900794506072998,1294.0999755859375,78.98640441894531,24837.509765625,283.02936447088445,15888.400390625,1.195500135421753,1294.0999755859375,79.17990736315384,24839.23046875,280.885130351893,13937.2998046875,1.1898245811462402,1288.199951171875,78.82976018269264,24797.130859375,281.90483977951993,15864.099609375,1.1900228261947632,1288.199951171875,79.15226508970687,24807.2109375,1436800.0,12336499712,0.0,245.0,10594300.0,200960000.0
2017-12-29,281.0471496582031,14656.2001953125,1.1941723823547363,1306.300048828125,78.82054901123047,24719.220703125,283.32478764730286,15279.0,1.202284336090088,1306.300048828125,79.29048878144725,24871.66015625,280.9708939369822,14307.0,1.193801760673523,1294.0,78.78369030081345,24719.220703125,282.9817241509175,14695.7998046875,1.1939870119094849,1294.199951171875,78.90347583710863,24849.630859375,1824600.0,13025500160,0.0,65.0,18717400.0,270760000.0
2017-12-30,,12952.2001953125,,,,,,14681.900390625,,,,,,12350.099609375,,,,,,14681.900390625,,,,,,14452599808,,,,
2017-12-31,,14156.400390625,,,,,,14377.400390625,,,,,,12755.599609375,,,,,,12897.7001953125,,,,,,12136299520,,,,
2018-01-01,,13657.2001953125,1.200494647026062,,,,,14112.2001953125,1.2015043497085571,,,,,13154.7001953125,1.199903964996338,,,,,14112.2001953125,1.200494647026062,,,,,10291200000,0.0,,,
2018-01-02,282.88641357421875,14982.099609375,1.2011579275131226,1313.699951171875,79.19832611083984,24824.009765625,283.0293566949503,15444.599609375,1.2080942392349243,1317.5999755859375,79.53004742266134,24864.189453125,281.5141014491241,13163.599609375,1.200855016708374,1302.300048828125,78.78367798610252,24741.69921875,281.8476547861883,13625.0,1.2010858058929443,1302.300048828125,79.36418676675059,24809.349609375,2978900.0,16846600192,0.0,68.0,22483800.0,341130000.0
2018-01-03,283.8012390136719,15201.0,1.2063454389572144,1316.199951171875,79.56690979003906,24922.6796875,284.46834559467777,15572.7998046875,1.2067092657089233,1320.0999755859375,79.71434461544845,24941.919921875,281.580778626837,14844.5,1.200494647026062,1312.0999755859375,79.2167626248109,24825.55078125,282.02868639796225,14978.2001953125,1.2061998844146729,1320.0,79.29968944154412,24850.44921875,3211200.0,16871900160,0.0,42.0,26061400.0,456790000.0
2018-01-04,282.7243957519531,15599.2001953125,1.2010425329208374,1319.4000244140625,80.2672119140625,25075.130859375,284.392133204921,15739.7001953125,1.209189772605896,1322.0,80.77401034362858,25105.9609375,281.580792722419,14522.2001953125,1.200494647026062,1319.4000244140625,79.76962991869203,24963.26953125,283.93468617650075,15270.7001953125,1.2011290788650513,1319.4000244140625,79.78805575700378,24964.859375,4171700.0,21783199744,0.0,2.0,21912000.0,403280000.0
2018-01-05,294.3223571777344,17429.5,1.2068840265274048,1320.300048828125,81.26235961914062,25295.869140625,294.37002427797,17705.19921875,1.2084592580795288,1320.300048828125,81.4650789503404,25299.7890625,282.7720865710396,15202.7998046875,1.202154278755188,1320.300048828125,80.56205839229001,25112.009765625,282.8197245882366,15477.2001953125,1.2066218852996826,1320.300048828125,80.77399415583834,25114.919921875,6177700.0,23840899072,0.0,1.0,23407100.0,358020000.0
2018-01-06,,17527.0,,,,,,17712.400390625,,,,,,16764.599609375,,,,,,17462.099609375,,,,,,18314600448,,,,
2018-01-07,,16477.599609375,,,,,,17579.599609375,,,,,,16087.7001953125,,,,,,17527.30078125,,,,,,15866000384,,,,
2018-01-08,295.57073974609375,15170.099609375,1.2037460803985596,1318.5999755859375,81.34529876708984,25283.0,296.2473565564132,16537.900390625,1.2054002285003662,1319.9000244140625,81.62173553888103,25311.990234375,291.3775768363558,14208.2001953125,1.195971965789795,1314.5999755859375,80.7187148437651,25235.41015625,294.1507896430618,16476.19921875,1.203948974609375,1319.9000244140625,81.27158135726832,25308.400390625,4124900.0,18413899776,0.0,41.0,22113000.0,341390000.0
2018-01-09,303.4615173339844,14595.400390625,1.1970456838607788,1311.699951171875,81.2900161743164,25385.80078125,304.87195727341367,15497.5,1.1975760459899902,1311.699951171875,81.75995588560016,25439.779296875,295.8947515018538,14424.0,1.1917957067489624,1309.5999755859375,80.95829485224307,25308.41015625,295.99005660694297,15123.7001953125,1.1969597339630127,1309.5999755859375,81.6862384740107,25312.05078125,5641300.0,16659999744,0.0,16.0,19484300.0,333490000.0
2018-01-10,305.2055358886719,14973.2998046875,1.1929330825805664,1317.4000244140625,80.92141723632812,25369.130859375,307.00667746704806,14973.2998046875,1.2016342878341675,1320.699951171875,81.26235491269794,25404.919921875,300.6692800744787,13691.2001953125,1.1924494504928589,1315.300048828125,80.54362789285456,25256.990234375,302.5657267658409,14588.5,1.1929330825805664,1320.300048828125,80.95827593350954,25348.130859375,4479300.0,18500800512,0.0,70.0,18652200.0,341470000.0
2018-01-11,312.696044921875,13405.7998046875,1.1956144571304321,1320.5999755859375,81.16101837158203,25574.73046875,312.96288178696096,15018.7998046875,1.2059234380722046,1320.5999755859375,81.20708648362299,25575.419921875,306.0918106987201,13105.900390625,1.1931180953979492,1316.300048828125,80.3869995704494,25396.189453125,306.98762640644514,14968.2001953125,1.1954858303070068,1317.0999755859375,81.20708648362299,25398.599609375,4635300.0,16534099968,0.0,9.0,17808900.0,346830000.0
2018-01-12,320.40570068359375,13980.599609375,1.2042099237442017,1333.4000244140625,82.56161499023438,25803.189453125,321.0442186552089,14229.900390625,1.2156133651733398,1338.199951171875,82.7274756615193,25810.4296875,314.8497654641245,13158.099609375,1.2041373252868652,1327.800048828125,81.50194998091834,25633.080078125,314.8497654641245,13453.900390625,1.2042099237442017,1327.800048828125,81.70466936027546,25638.390625,6559300.0,12065699840,0.0,14.0,24271500.0,376390000.0
2018-01-13,,14360.2001953125,,,,,,14659.5,,,,,,13952.400390625,,,,,,13952.400390625,,,,,,12763599872,,,,
2018-01-14,,13772.0,,,,,,14511.7998046875,,,,,,13268.0,,,,,,14370.7998046875,,,,,,11084099584,,,,
2018-01-15,,13819.7998046875,1.2192296981811523,,,,,14445.5,1.2299003601074219,,,,,13641.7001953125,1.2188136577606201,,,,,13767.2998046875,1.2193039655685425,,,,,12750799872,0.0,,,
2018-01-16,319.40509033203125,11490.5,1.2268433570861816,1335.4000244140625,81.40979766845703,25792.859375,331.3842175578264,13843.099609375,1.2281240224838257,1335.4000244140625,83.65812940016168,26086.119140625,315.7551113930524,10194.900390625,1.2196757793426514,1331.0,81.0965092298183,25702.990234375,323.9222671802264,13836.099609375,1.2269939184188843,1331.0999755859375,83.02232905929264,25987.619140625,12305500.0,18853799936,0.0,13.0,36599700.0,606520000.0
2018-01-17,334.5100402832031,11188.599609375,1.227129340171814,1338.0,83.05919647216797,26115.650390625,335.67269276070783,11678.0,1.2321492433547974,1338.0,83.18819843455458,26130.44921875,320.59633841161536,9402.2900390625,1.2199138402938843,1326.800048828125,81.77838625270105,25865.01953125,321.8542959937748,11431.099609375,1.227144479751587,1334.4000244140625,82.08246531978938,25910.779296875,9699900.0,18830600192,0.0,27.0,25621200.0,522720000.0
2018-01-18,324.1700439453125,11474.900390625,1.218397855758667,1326.0,83.0223388671875,26017.810546875,334.33846113617335,12107.2998046875,1.2262566089630127,1328.9000244140625,83.54756315818993,26153.419921875,323.20751188221584,10942.5,1.2175078392028809,1326.0,82.61690713576374,25947.3203125,334.2145964982495,11198.7998046875,1.218145489692688,1328.9000244140625,82.745909099864,26149.55078125,9458600.0,15020399616,0.0,211.0,24159700.0,492780000.0
2018-01-19,321.85430908203125,11607.400390625,1.2236607074737549,1331.9000244140625,82.93017578125,26071.720703125,327.8295642157214,11992.7998046875,1.2294830083847046,1333.0,83.49225864617361,26071.720703125,319.9673726320595,11172.099609375,1.222030758857727,1330.0999755859375,82.61688738051389,25942.830078125,325.6091035104472,11429.7998046875,1.223585844039917,1330.0999755859375,83.05917771450348,25987.349609375,7264400.0,10740400128,0.0,50.0,36875000.0,585000000.0
2018-01-20,,12899.2001953125,,,,,,13103.0,,,,,,11656.2001953125,,,,,,11656.2001953125,,,,,,11801700352,,,,
2018-01-21,,11600.099609375,,,,,,12895.900390625,,,,,,11288.2001953125,,,,,,12889.2001953125,,,,,,9935179776,,,,
2018-01-22,322.1115417480469,10931.400390625,1.2255502939224243,1330.9000244140625,84.41371154785156,26214.599609375,325.33266181881214,11966.400390625,1.2266627550125122,1330.9000244140625,84.42292798095926,26215.23046875,316.4317132379865,10240.2001953125,1.2214635610580444,1328.4000244140625,82.6906041208025,25974.650390625,319.5289396009485,11633.099609375,1.2255953550338745,1328.4000244140625,82.93018217105201,26025.3203125,6792900.0,10537400320,0.0,162.0,23601600.0,431200000.0
2018-01-23,319.8149108886719,10868.400390625,1.2256253957748413,1335.699951171875,84.68095397949219,26210.810546875,323.0074431904799,11377.599609375,1.2306995391845703,1335.9000244140625,85.04953406917957,26246.189453125,319.07157752708105,10129.7001953125,1.2223594188690186,1335.699951171875,84.34923260178161,26143.900390625,322.4356415854782,10944.5,1.225730538368225,1335.800048828125,84.68095397949219,26214.869140625,4537800.0,9660609536,0.0,47.0,23412800.0,433490000.0
2018-01-24,318.9571838378906,11359.400390625,1.2310267686843872,1355.9000244140625,84.60726165771484,26252.119140625,323.05504151806656,11501.400390625,1.240199327468872,1357.199951171875,86.0907918620476,26392.80078125,318.43304939613586,10639.7998046875,1.2295132875442505,1355.9000244140625,84.3861163503229,26106.939453125,320.39621236846585,10903.400390625,1.2309662103652954,1355.9000244140625,85.27992104822204,26282.0703125,4205400.0,9940989952,0.0,18.0,33277500.0,518790000.0
2018-01-25,326.98138427734375,11259.400390625,1.239111304283142,1362.4000244140625,85.07715606689453,26392.7890625,327.4674199693337,11785.7001953125,1.2529915571212769,1362.4000244140625,85.91566871673936,26458.25,319.53851195669404,11057.400390625,1.2386507987976074,1346.699951171875,84.70857606506084,26259.720703125,320.40573899711114,11421.7001953125,1.23960280418396,1356.300048828125,85.2061580130245,26313.060546875,4747500.0,8873169920,0.0,4.0,26383200.0,401390000.0
2018-01-26,327.0862121582031,11171.400390625,1.239234209060669,1351.5999755859375,86.6712646484375,26616.7109375,329.7164817711253,11656.7001953125,1.2490164041519165,1352.0,86.6712646484375,26616.7109375,325.20881505158036,10470.2998046875,1.2387429475784302,1350.9000244140625,85.30752762197002,26425.349609375,328.14402027807495,11256.0,1.239234209060669,1351.5999755859375,85.80510962786911,26466.740234375,5236300.0,9746199552,0.0,280546.0,29172200.0,477780000.0
2018-01-27,,11440.7001953125,,,,,,11614.900390625,,,,,,10989.2001953125,,,,,,11174.900390625,,,,,,7583269888,,,,
2018-01-28,,11786.2998046875,,,,,,12040.2998046875,,,,,,11475.2998046875,,,,,,11475.2998046875,,,,,,8350360064,,,,
2018-01-29,324.79901123046875,11296.400390625,1.2428072690963745,,86.54225158691406,26439.48046875,328.28696834861455,11875.599609375,1.243193507194519,,87.95206357442497,26608.900390625,324.1128552550461,11179.2001953125,1.2338062524795532,,86.357965103217,26435.33984375,325.18974176621253,11755.5,1.2428226470947266,,87.66641741567089,26584.279296875,3324900.0,7107359744,0.0,,31569900.0,421000000.0
2018-01-30,321.835205078125,10106.2998046875,1.2381141185760498,1335.4000244140625,85.4549560546875,26076.890625,323.9985174463004,11307.2001953125,1.245221495628357,1347.800048828125,86.3026922729121,26256.990234375,318.45209211646153,10036.2001953125,1.2336845397949219,1332.800048828125,84.86523079075367,26028.419921875,323.226595569605,11306.7998046875,1.238175392150879,1338.699951171875,85.97097093318936,26198.44921875,4983100.0,8637859840,0.0,52100.0,38635100.0,448330000.0
2018-01-31,337.7120666503906,10221.099609375,1.2409565448760986,1339.0,87.54664611816406,26149.390625,344.00182518479016,10381.599609375,1.2476606369018555,1346.9000244140625,87.90600974077398,26338.029296875,335.09133635131025,9777.419921875,1.2400639057159424,1331.800048828125,86.16447617579365,26050.98046875,343.5539173885351,10108.2001953125,1.2408334016799927,1337.5,86.38562139815055,26268.169921875,11409600.0,8041160192,0.0,4881.0,48756300.0,479130000.0
2018-02-01,340.1612548828125,9170.5400390625,1.241865873336792,1344.300048828125,86.85553741455078,26186.7109375,344.4592617492762,10288.7998046875,1.2487823963165283,1350.5999755859375,88.52335310633782,26306.69921875,335.4915959447677,8812.2802734375,1.2386507987976074,1336.800048828125,86.22895359734758,26014.439453125,336.35882288916685,10237.2998046875,1.2417423725128174,1343.800048828125,87.3439028692678,26083.0390625,6067600.0,9959400448,0.0,1680.0,47227900.0,410620000.0
2018-02-02,332.5086975097656,8830.75,1.2510008811950684,1333.699951171875,84.57039642333984,25520.9609375,338.5030299354495,9142.2802734375,1.251799464225769,1352.0999755859375,86.588367409406,26061.7890625,332.3085771793556,7796.490234375,1.241187572479248,1327.699951171875,84.31239241290038,25490.66015625,337.35942702418936,9142.2802734375,1.2512669563293457,1348.5,86.28428824135291,26061.7890625,5486100.0,12726899712,0.0,2841.0,47867800.0,522880000.0
2018-02-03,,9174.91015625,,,,,,9430.75,,,,,,8251.6298828125,,,,,,8852.1201171875,,,,,,7263790080,,,,
2018-02-04,,8277.009765625,,,,,,9334.8701171875,,,,,,8031.22021484375,,,,,,9175.7001953125,,,,,,7073549824,,,,
2018-02-05,313.4203796386719,6955.27001953125,1.244694471359253,1333.0,81.08731079101562,24345.75,333.54758953078573,8364.83984375,1.2478163242340088,1340.199951171875,85.91568960151264,25520.529296875,302.470498077506,6756.68017578125,1.2401562929153442,1329.0,81.08731079101562,23923.880859375,326.56216280943653,8270.5400390625,1.2447099685668945,1331.0999755859375,83.44621212803759,25337.869140625,10511300.0,9285289984,0.0,641.0,51031500.0,714450000.0
2018-02-06,324.8848571777344,7754.0,1.2367818355560303,1326.0999755859375,84.15573120117188,24912.76953125,325.609141186729,7850.7001953125,1.2428536415100098,1343.699951171875,84.2939496161346,24946.23046875,302.7182300049287,6048.259765625,1.231618046760559,1319.5,78.55333341798372,23778.740234375,304.95776944086793,7051.75,1.2368277311325073,1338.199951171875,80.06450548672676,24085.169921875,11935100.0,13999800320,0.0,529.0,67998600.0,823940000.0
2018-02-07,331.75592041015625,7621.2998046875,1.2381294965744019,1311.5999755859375,82.57084655761719,24893.349609375,336.9687933133865,8509.1103515625,1.2403254508972168,1331.0999755859375,84.56116794772502,25293.9609375,323.8937281150471,7236.7900390625,1.2278525829315186,1310.5,82.19305000319798,24785.439453125,324.5131677519934,7755.490234375,1.2381447553634644,1325.4000244140625,83.38171719357504,24892.869140625,7946700.0,9169280000,0.0,491.0,41107600.0,504620000.0
2018-02-08,315.7144470214844,8265.58984375,1.2268133163452148,1316.9000244140625,78.3321762084961,23860.4609375,334.2363064566163,8558.76953125,1.2294527292251587,1321.0999755859375,82.8196165810151,24903.6796875,315.4654364091487,7637.85986328125,1.2216575145721436,1307.0,78.10181456210134,23849.23046875,333.2786093034455,7637.85986328125,1.2268433570861816,1317.0999755859375,82.66297234868574,24902.30078125,8295900.0,9346750464,0.0,459.0,55628700.0,657500000.0
2018-02-09,318.7503662109375,8736.98046875,1.2260762453079224,1313.0999755859375,81.2531509399414,24190.900390625,323.51970908768556,8736.98046875,1.2285465002059937,1322.0,81.94423580038656,24382.140625,305.7448502788283,7884.7099609375,1.2226433753967285,1311.9000244140625,77.24486015537526,23360.2890625,319.4399094072553,8271.83984375,1.2260762453079224,1320.9000244140625,79.5208340872539,23992.669921875,8833000.0,6784820224,0.0,451.0,63499100.0,735030000.0
2018-02-10,,8621.900390625,,,,,,9122.5498046875,,,,,,8295.4697265625,,,,,,8720.080078125,,,,,,7780960256,,,,
2018-02-11,,8129.97021484375,,,,,,8616.1298828125,,,,,,7931.10009765625,,,,,,8616.1298828125,,,,,,6122189824,,,,
2018-02-12,329.25628662109375,8926.5703125,1.2252799272537231,1324.199951171875,82.1285171508789,24601.26953125,333.03920226266814,8985.919921875,1.2297097444534302,1325.5,82.7274587318425,24765.16015625,320.95306823998834,8141.43017578125,1.2236307859420776,1318.0,81.02278425531404,24290.48046875,322.3321545501026,8141.43017578125,1.2253400087356567,1323.800048828125,81.7691536083164,24337.759765625,6885000.0,6256439808,0.0,140.0,35720300.0,496610000.0
2018-02-13,328.64337158203125,8598.3095703125,1.2303755283355713,1328.0999755859375,82.77352905273438,24640.44921875,333.16370349277037,8958.4697265625,1.2371996641159058,1329.5999755859375,82.93017324831806,24705.720703125,325.8947853200227,8455.41015625,1.228606939315796,1323.4000244140625,80.90299404761255,24421.029296875,326.04802037777984,8926.7197265625,1.2301182746887207,1324.5,81.94422591423562,24540.330078125,4030200.0,5696719872,0.0,71.0,26407700.0,374410000.0
2018-02-14,330.2618713378906,9494.6298828125,1.235376238822937,1355.5,84.06963348388672,24893.490234375,332.7327171499893,9518.5400390625,1.2416189908981323,1355.5,84.2362732822564,24925.94921875,326.737552804898,8599.919921875,1.2278525829315186,1324.0,81.84777892309543,24490.359375,326.90034495513737,8599.919921875,1.2352999448776245,1332.800048828125,81.94035501927785,24535.8203125,4340200.0,7909819904,0.0,400.0,34960900.0,431160000.0
2018-02-15,341.3807373046875,10166.400390625,1.2467273473739624,1352.0999755859375,85.78231048583984,25200.369140625,341.46692654589356,10234.7998046875,1.2511996030807495,1355.9000244140625,85.83785472279509,25203.94921875,333.3265003083097,9395.580078125,1.2450509071350098,1349.699951171875,83.8937287352358,24809.419921875,333.7287459938704,9488.3203125,1.2467117309570312,1352.0,84.43993256690193,25047.8203125,5827500.0,9062540288,0.0,111.0,27823900.0,416780000.0
2018-02-16,340.0208435058594,10233.900390625,1.2503595352172852,1353.199951171875,85.17130279541016,25219.380859375,344.2921651036694,10324.099609375,1.2558081150054932,1361.4000244140625,86.55996534098749,25432.419921875,338.5555678665545,9824.8203125,1.2430543899536133,1344.9000244140625,84.98615061457436,25149.259765625,341.5052625687953,10135.7001953125,1.250734806060791,1354.0,85.58789873384217,25165.939453125,5211600.0,7296159744,0.0,110.0,30596900.0,406730000.0
2018-02-17,,11112.7001953125,,,,,,11139.5,,,,,,10149.400390625,,,,,,10207.5,,,,,,8660880384,,,,
2018-02-18,,10551.7998046875,,,,,,11349.7998046875,,,,,,10326.0,,,,,,11123.400390625,,,,,,8744009728,,,,
2018-02-19,,11225.2998046875,1.241187572479248,,,,,11273.7998046875,1.2437996864318848,,,,,10513.2001953125,1.2371032238006592,,,,,10552.599609375,1.241187572479248,,,,,7652089856,0.0,,,
2018-02-20,338.40228271484375,11403.7001953125,1.2398641109466553,1328.800048828125,85.83788299560547,24964.75,342.65446025970897,11958.5,1.2409104108810425,1350.199951171875,86.15264319282895,25179.009765625,336.5347616428677,11231.7998046875,1.2321947813034058,1328.5,84.25480815303546,24884.189453125,337.1093857593678,11231.7998046875,1.2399102449417114,1348.4000244140625,84.68992365410706,25124.91015625,4303400.0,9926540288,0.0,283.0,30911700.0,421510000.0
2018-02-21,337.4637756347656,10690.400390625,1.233532428741455,1330.0,84.69915008544922,24797.779296875,345.5467427707625,11418.5,1.2347005605697632,1331.5,86.43035182324789,25267.990234375,336.8700080154437,10479.099609375,1.2300727367401123,1324.4000244140625,84.69915008544922,24792.990234375,337.6457404505708,11372.2001953125,1.233547568321228,1326.800048828125,86.07855987712463,24988.060546875,5258600.0,9405339648,0.0,119.0,26922500.0,456070000.0
2018-02-22,340.86358642578125,10005.0,1.2281843423843384,1330.5999755859375,84.92134094238281,24962.48046875,342.9226294767504,11039.099609375,1.2353304624557495,1331.4000244140625,85.84711591060059,25156.720703125,337.7223409065536,9939.08984375,1.2261663675308228,1322.0,84.57880166142533,24854.830078125,339.6472923262067,10660.400390625,1.2280335426330566,1322.0,85.2175886496884,24855.41015625,3414300.0,8040079872,0.0,70.0,24392800.0,378900000.0
2018-02-23,341.572265625,10301.099609375,1.2326656579971313,1328.199951171875,87.07840728759766,25309.990234375,343.59299256261187,10487.2998046875,1.233500361442566,1332.0999755859375,87.08766701665388,25313.91015625,338.13413639792674,9734.5595703125,1.2280486822128296,1327.699951171875,85.50459237701901,25028.73046875,343.0279547569299,9937.0703125,1.2326048612594604,1328.0,86.65255157135995,25050.509765625,3355400.0,7739500032,0.0,427.0,26329200.0,335420000.0
2018-02-24,,9813.0703125,,,,,,10597.2001953125,,,,,,9546.9697265625,,,,,,10287.7001953125,,,,,,6917929984,,,,
2018-02-25,,9664.73046875,,,,,,9923.2197265625,,,,,,9407.0595703125,,,,,,9796.419921875,,,,,,5706939904,,,,
2018-02-26,348.1037902832031,10366.7001953125,1.228712558746338,1330.699951171875,88.33743286132812,25709.26953125,348.6496554773488,10475.0,1.2354830503463745,1340.5,88.36520497621926,25732.80078125,343.05670731234994,9501.73046875,1.228244662284851,1330.699951171875,87.25427800196532,25398.560546875,344.29214488914124,9669.4296875,1.2288333177566528,1335.0,87.39314563952242,25403.349609375,4148100.0,7287690240,0.0,652.0,30199800.0,473360000.0
2018-02-27,349.2147216796875,10725.599609375,1.2315573692321777,1315.5,87.20801544189453,25410.029296875,354.24263198894414,10878.5,1.2345678806304932,1332.5999755859375,88.72628610782397,25800.349609375,347.9313817099176,10246.099609375,1.2223145961761475,1312.699951171875,87.20801544189453,25407.830078125,349.1764056081692,10393.900390625,1.2316029071807861,1331.699951171875,88.63371000636073,25735.779296875,4774100.0,6966179840,0.0,710.0,25869100.0,438390000.0
2018-02-28,346.8874816894531,10397.900390625,1.2230321168899536,1315.5,86.80992126464844,25029.19921875,355.88027209078456,11089.7998046875,1.224289894104004,1321.0,88.60592707909629,25576.150390625,346.8874816894531,10393.099609375,1.2189176082611084,1315.4000244140625,86.68031332578137,25022.419921875,351.28330816629443,10687.2001953125,1.2222100496292114,1315.4000244140625,87.80050026204842,25485.150390625,5472900.0,6936189952,0.0,58.0,31167300.0,451870000.0
2018-03-01,334.89715576171875,10951.0,1.2191256284713745,1302.9000244140625,85.9582290649414,24608.98046875,347.395093260869,11052.2998046875,1.2221801280975342,1318.0999755859375,87.5505635975304,25185.349609375,331.74632360628505,10352.7001953125,1.2157995700836182,1301.800048828125,85.02319410092494,24442.560546875,347.0024338787486,10385.0,1.2190959453582764,1310.4000244140625,87.01361226666118,25024.0390625,8978000.0,7317279744,0.0,43.0,37135600.0,506280000.0
2018-03-02,330.08953857421875,11086.400390625,1.2270842790603638,1321.0999755859375,86.14336395263672,24538.060546875,331.44945236229483,11189.0,1.2330456972122192,1323.199951171875,86.23594003719774,24592.4609375,321.1158903956345,10850.099609375,1.2252799272537231,1314.300048828125,84.11591450416884,24217.759765625,327.3600954460296,10977.400390625,1.227129340171814,1314.300048828125,84.78247361397212,24394.91015625,10021300.0,7620590080,0.0,155.0,32830400.0,437130000.0
2018-03-03,,11489.7001953125,,,,,,11528.2001953125,,,,,,11002.400390625,,,,,,11101.900390625,,,,,,6690570240,,,,
2018-03-04,,11512.599609375,,,,,,11512.599609375,,,,,,11136.099609375,,,,,,11497.400390625,,,,,,6084149760,,,,
2018-03-05,337.8276672363281,11573.2998046875,1.2315422296524048,1318.0999755859375,86.68955993652344,24874.759765625,339.76220494385973,11704.099609375,1.2348270416259766,1325.9000244140625,87.27279557317445,24961.0,322.37042131757033,11443.900390625,1.2275512218475342,1318.0999755859375,85.4119931339585,24387.150390625,323.70163437527685,11532.400390625,1.231845736503601,1323.5,85.4860497570319,24471.310546875,8140200.0,6468539904,0.0,18.0,23901600.0,383910000.0
2018-03-06,334.1596984863281,10779.900390625,1.2336541414260864,1333.5999755859375,86.39334869384766,24884.119140625,340.18359244544644,11500.099609375,1.2419891357421875,1333.5999755859375,87.4765040743814,24995.240234375,331.3823534028916,10694.2998046875,1.233121633529663,1321.4000244140625,86.04155663078936,24708.41015625,339.2546250518674,11500.099609375,1.2337758541107178,1321.5999755859375,87.33763637000672,24965.890625,4888300.0,6832169984,0.0,18.0,22175800.0,331770000.0
2018-03-07,332.3592224121094,9965.5703125,1.2416653633117676,1326.0,86.89325714111328,24801.359375,333.6712628127708,10929.5,1.2440595626831055,1338.0999755859375,86.96732084910806,24849.6796875,325.13817781993663,9692.1201171875,1.2386049032211304,1326.0,85.56939837889838,24535.119140625,327.07271551396184,10803.900390625,1.2419275045394897,1338.0999755859375,86.24521735391883,24758.150390625,4575700.0,8797910016,0.0,27.0,26716100.0,394070000.0
2018-03-08,333.977783203125,9395.009765625,1.2414649724960327,1319.9000244140625,87.42092895507812,24895.2109375,337.58829142960406,10147.400390625,1.24447762966156,1326.800048828125,88.04119647745566,24950.490234375,329.3999913706756,9335.8701171875,1.2306329011917114,1319.300048828125,86.80991409678215,24703.05078125,334.724785912969,9951.4404296875,1.2416189908981323,1324.800048828125,87.2728015725449,24853.41015625,4319900.0,7186089984,0.0,62.0,25887800.0,327300000.0
2018-03-09,339.5227966308594,9337.5498046875,1.2306632995605469,1322.4000244140625,89.37432098388672,25335.740234375,339.87716914082773,9466.349609375,1.2333801984786987,1322.4000244140625,89.37432098388672,25336.330078125,335.41429673673207,8513.0302734375,1.2275512218475342,1313.0,87.948626610212,25004.890625,337.7319075652246,9414.6904296875,1.2307844161987305,1316.800048828125,88.21710221269973,25004.890625,3538300.0,8704190464,0.0,88.0,36937300.0,371570000.0
2018-03-10,,8866.0,,,,,,9531.3203125,,,,,,8828.4697265625,,,,,,9350.58984375,,,,,,5386319872,,,,
2018-03-11,,9578.6298828125,,,,,,9711.8896484375,,,,,,8607.1201171875,,,,,,8852.7802734375,,,,,,6296370176,,,,
2018-03-12,329.6297302246094,9205.1201171875,1.2308752536773682,1319.4000244140625,89.58724212646484,25178.609375,340.20271320647123,9937.5,1.2342007160186768,1319.4000244140625,89.99458537976568,25449.150390625,328.7390790358642,8956.4296875,1.229135513305664,1319.4000244140625,88.91143034323676,25152.01953125,340.17398346575663,9602.9296875,1.2308601140975952,1319.4000244140625,89.33728598845917,25372.439453125,6088800.0,6457399808,0.0,0.0,26073700.0,362580000.0
2018-03-13,324.34326171875,9194.849609375,1.2339584827423096,1325.9000244140625,87.40241241455078,25007.029296875,333.16364306491033,9470.3798828125,1.2398948669433594,1325.9000244140625,90.02235003503368,25376.400390625,323.32807599191443,8958.1904296875,1.231496810913086,1325.300048828125,86.99506919502464,24947.5,330.7119410386738,9173.0400390625,1.2338672876358032,1325.9000244140625,89.80016603488397,25257.75,5443800.0,5991139840,0.0,13.0,35387800.0,447880000.0
2018-03-14,316.2890319824219,8269.8095703125,1.239234209060669,1324.4000244140625,86.88398742675781,24758.119140625,326.11498368280314,9355.849609375,1.2416189908981323,1324.4000244140625,88.32820131426496,25130.119140625,308.6657425442699,8068.58984375,1.235010027885437,1322.199951171875,86.55996757039833,24668.830078125,325.41588355260313,9214.650390625,1.2392956018447876,1322.199951171875,88.05972570096621,25086.970703125,13057900.0,6438230016,0.0,19.0,32132000.0,356830000.0
2018-03-15,316.02093505859375,8300.8603515625,1.2375624179840088,1316.800048828125,87.18949127197266,24873.66015625,318.83656718682664,8428.349609375,1.2386969327926636,1316.800048828125,87.55980269091918,25053.869140625,309.25000878705276,7783.0498046875,1.2320733070373535,1316.800048828125,85.9396964132431,24753.2890625,318.2427703678216,8290.759765625,1.2375319004058838,1316.800048828125,86.5877360990724,24837.2890625,8766000.0,6834429952,0.0,0.0,27611000.0,316310000.0
2018-03-16,316.4902038574219,8338.349609375,1.2309207916259766,1311.300048828125,87.57832336425781,24946.509765625,316.8349608304629,8585.150390625,1.23350191116333,1311.300048828125,88.30042681477399,25031.0,311.8549527847378,8005.31005859375,1.2261513471603394,1310.0999755859375,86.9487960114559,24857.08984375,315.86770650503126,8322.91015625,1.2307692766189575,1310.0999755859375,87.65238706767063,24877.33984375,9329000.0,5289379840,0.0,34.0,49081300.0,654240000.0
2018-03-17,,7916.8798828125,,,,,,8346.5302734375,,,,,,7812.81982421875,,,,,,8321.91015625,,,,,,4426149888,,,,
2018-03-18,,8223.6796875,,,,,,8245.509765625,,,,,,7397.990234375,,,,,,7890.52001953125,,,,,,6639190016,,,,
2018-03-19,317.7256164550781,8630.650390625,1.228078842163086,1316.800048828125,85.9952392578125,24610.91015625,319.2291787712912,8675.8701171875,1.2332433462142944,1316.9000244140625,86.93027398627349,24893.689453125,312.9562741172178,8182.39990234375,1.226046085357666,1307.300048828125,85.27313588729713,24453.140625,313.59794406866996,8344.1201171875,1.228078842163086,1309.4000244140625,86.78214659585868,24893.689453125,6328900.0,6729110016,0.0,6.0,33344100.0,377990000.0
2018-03-20,323.3472900390625,8913.4697265625,1.2336845397949219,1311.0999755859375,86.2174301147461,24727.26953125,325.3297301331515,9051.01953125,1.2354220151901245,1311.0999755859375,86.80992559716671,24803.609375,316.99775332490924,8389.8896484375,1.2264971733093262,1311.0999755859375,86.09708189782117,24650.640625,317.80221541527925,8619.669921875,1.2338062524795532,1311.0999755859375,86.14337347677099,24650.640625,6500500.0,6361789952,0.0,4.0,23075200.0,342510000.0
2018-03-21,322.8396911621094,8929.2802734375,1.2251899242401123,1320.699951171875,85.6156997680664,24682.310546875,327.4462117737704,9177.3701171875,1.229619026184082,1328.800048828125,87.06916665419135,24977.650390625,320.99134281410306,8846.330078125,1.2246992588043213,1312.4000244140625,85.36573649073075,24655.400390625,322.8109614188044,8937.48046875,1.224814772605896,1312.4000244140625,86.03229581281948,24723.490234375,4056300.0,6043129856,0.0,34.0,24457100.0,343230000.0
2018-03-22,306.0895690917969,8728.4697265625,1.2347661256790161,1326.5999755859375,83.12533569335938,23957.890625,318.6066777343701,9100.7099609375,1.2386815547943115,1326.5999755859375,84.9398537933062,24526.009765625,305.51497418868956,8564.900390625,1.230042576789856,1326.5999755859375,83.00498748955715,23938.740234375,316.14538906853704,8939.4404296875,1.234872817993164,1326.5999755859375,84.49547869839355,24526.009765625,7282200.0,5530390016,0.0,0.0,38604700.0,439280000.0
2018-03-23,307.4207458496094,8879.6201171875,1.2324985265731812,1349.300048828125,80.70906066894531,23533.19921875,317.1318077379228,8879.6201171875,1.2360174655914307,1349.300048828125,83.74560138408249,24108.470703125,304.8541248301073,8360.6201171875,1.2319974899291992,1343.199951171875,80.61648458628427,23509.060546875,306.60669753085705,8736.25,1.2326048612594604,1343.199951171875,82.85685827695227,23995.1796875,7237500.0,5954120192,0.0,8.0,44068900.0,482550000.0
2018-03-24,,8668.1201171875,,,,,,8996.1796875,,,,,,8665.7001953125,,,,,,8901.9501953125,,,,,,5664600064,,,,
2018-03-25,,8495.7802734375,,,,,,8682.009765625,,,,,,8449.099609375,,,,,,8612.8095703125,,,,,,4569880064,,,,
2018-03-26,315.0536193847656,8209.400390625,1.235437273979187,1354.4000244140625,86.8191909790039,24202.599609375,317.8979809699788,8530.080078125,1.2448959350585938,1354.4000244140625,87.0228626386804,24232.30078125,309.9012042577078,7921.43017578125,1.2352389097213745,1345.0999755859375,83.69007356726658,23741.220703125,316.49975137309644,8498.4697265625,1.2353914976119995,1348.5,83.88448549792948,23825.740234375,5392900.0,5921039872,0.0,10.0,56396800.0,479540000.0
2018-03-27,307.53570556640625,7833.0400390625,1.2457488775253296,1341.300048828125,82.82910919189453,23857.7109375,320.7136277643928,8232.7802734375,1.2478163242340088,1341.300048828125,88.07825293891327,24446.220703125,305.5053922751904,7797.27978515625,1.237332820892334,1341.0,81.94036583761921,23708.73046875,317.4861930300924,8200.0,1.2455006837844849,1341.0,87.89310072210337,24276.619140625,5355500.0,5378250240,0.0,290889.0,56569000.0,524480000.0
2018-03-28,306.4822082519531,7954.47998046875,1.240787148475647,1324.199951171875,82.75502014160156,23848.419921875,309.5659940108887,8122.89013671875,1.2422360181808472,1346.4000244140625,84.45844967972664,24092.470703125,298.0066124964701,7809.169921875,1.2337149381637573,1322.4000244140625,82.27362028743053,23728.669921875,308.2348102708544,7836.830078125,1.240802526473999,1345.0,83.15310364264964,23883.080078125,5634700.0,4935289856,0.0,59284.0,52501100.0,530040000.0
2018-03-29,314.0097351074219,7165.7001953125,1.2310267686843872,1322.800048828125,84.4954833984375,24103.109375,316.49975345463525,7994.330078125,1.2338062524795532,1327.0999755859375,85.43977787898963,24314.30078125,308.3784713884213,7081.3798828125,1.2285163402557373,1321.699951171875,81.8385135978767,23928.130859375,309.70009808491284,7979.06982421875,1.231284499168396,1324.0,83.486392011782,23949.1796875,3652100.0,6361229824,0.0,5585.0,45867500.0,463550000.0
2018-03-30,,6890.52001953125,1.2302846908569336,,,,,7276.66015625,1.2333498001098633,,,,,6683.93017578125,1.2298005819320679,,,,,7171.4501953125,1.2302544116973877,,,,,6289509888,0.0,,,
2018-03-31,,6973.52978515625,,,,,,7207.85009765625,,,,,,6863.52001953125,,,,,,6892.47998046875,,,,,,4553269760,,,,
2018-04-01,,6844.22998046875,,,,,,7060.9501953125,,,,,,6526.8701171875,,,,,,7003.06005859375,,,,,,4532100096,,,,
2018-04-02,308.79986572265625,7083.7998046875,1.231420874595642,1342.0999755859375,81.9496078491211,23644.189453125,315.98259421596964,7135.47021484375,1.2345678806304932,1344.199951171875,84.13443762630507,24123.80078125,303.752812356263,6816.580078125,1.228380560874939,1324.699951171875,81.01458009376866,23344.51953125,311.4431191607066,6844.85986328125,1.231284499168396,1327.0,83.75487351226475,24076.599609375,5024900.0,4333440000,0.0,649.0,48515400.0,509820000.0
2018-04-03,316.8253479003906,7456.10986328125,1.229271411895752,1332.800048828125,83.05126953125,24033.359375,317.09350190770095,7530.93994140625,1.2336997985839844,1341.5,83.36603668560149,24044.349609375,309.4223391167742,7072.490234375,1.2255052328109741,1328.5,81.36635941259856,23664.330078125,311.02170606413574,7102.259765625,1.2293318510055542,1340.4000244140625,82.93092133102571,23698.330078125,4783100.0,5499700224,0.0,702.0,37213800.0,394130000.0
2018-04-04,313.58837890625,6853.83984375,1.2278525829315186,1335.800048828125,85.47679138183594,24264.30078125,313.94272220009606,7469.8798828125,1.2310571670532227,1347.300048828125,85.87487483954983,24308.9609375,298.6866125557633,6803.8798828125,1.225760579109192,1331.5999755859375,81.21822859475101,23523.16015625,299.08882901979416,7456.41015625,1.2279430627822876,1331.800048828125,81.32931705348886,23654.150390625,8235700.0,4936000000,0.0,718.0,35560000.0,388540000.0
2018-04-05,322.1693115234375,6811.47021484375,1.228682279586792,1324.300048828125,85.52310180664062,24505.220703125,324.6210138596974,6933.81982421875,1.2291052341461182,1333.699951171875,86.16188889040008,24622.259765625,316.28906629129136,6644.7998046875,1.2219412326812744,1322.5999755859375,84.6158461574931,24313.91015625,316.60509348727135,6848.64990234375,1.2287880182266235,1333.5,85.5786531159481,24313.91015625,6220000.0,5639320064,0.0,258.0,29771900.0,347790000.0
2018-04-06,312.3241882324219,6636.31982421875,1.2251598834991455,1331.9000244140625,83.53267669677734,23932.759765625,320.4358842191495,6857.490234375,1.2280033826828003,1333.0,85.59715087624551,24434.400390625,308.57958888850465,6575.0,1.2218068838119507,1319.0,82.8383454855199,23738.19921875,316.6242390607029,6815.9599609375,1.2250999212265015,1326.5,84.69914804625617,24373.599609375,5713600.0,3766810112,0.0,348.0,38026000.0,395990000.0
2018-04-07,,6911.08984375,,,,,,7050.5400390625,,,,,,6630.509765625,,,,,,6630.509765625,,,,,,3976610048,,,,
2018-04-08,,7023.52001953125,,,,,,7111.56005859375,,,,,,6919.97998046875,,,,,,6919.97998046875,,,,,,3652499968,,,,
2018-04-09,308.83819580078125,6770.72998046875,1.227144479751587,1336.300048828125,84.0326156616211,23979.099609375,320.7136349364283,7178.10986328125,1.2330456972122192,1337.5,86.2544776564446,24373.1796875,308.4263638029362,6661.990234375,1.2262566089630127,1327.0,83.8937550257171,23954.830078125,318.1948866875966,7044.31982421875,1.227144479751587,1333.0,84.28257893245745,24037.51953125,4931700.0,4894060032,0.0,290.0,31533900.0,380790000.0
2018-04-10,320.6656799316406,6834.759765625,1.2322403192520142,1342.0,85.98600006103516,24408.0,322.44701158436254,6872.41015625,1.2377768754959106,1342.0,86.35631156238883,24511.349609375,315.60904084165264,6704.14990234375,1.2303755283355713,1333.0,84.83804076363276,24198.94921875,317.33291301137643,6795.43994140625,1.2322251796722412,1335.199951171875,85.53237218000673,24198.94921875,5552000.0,4272750080,0.0,105.0,26812000.0,368590000.0
2018-04-11,313.51177978515625,6968.31982421875,1.2363078594207764,1356.5,85.04170989990234,24189.44921875,323.289890438648,6968.31982421875,1.2393723726272583,1365.4000244140625,86.36556871006466,24366.5703125,312.50620929255984,6817.58984375,1.235406756401062,1340.0999755859375,84.68991786884187,24150.869140625,317.5724362848908,6843.47021484375,1.2363842725753784,1340.0999755859375,85.18057759164606,24274.189453125,4573500.0,4641889792,0.0,118.0,24872100.0,286360000.0
2018-04-12,323.2036437988281,7889.25,1.2371643781661987,1338.4000244140625,86.634033203125,24483.05078125,324.03683564074015,7899.22998046875,1.2379761934280396,1351.5,87.17098444170459,24592.119140625,316.48059111962556,6806.509765625,1.230042576789856,1334.5999755859375,85.56939045438362,24302.8203125,317.93630948857304,6955.3798828125,1.237623691558838,1351.199951171875,85.56939045438362,24302.8203125,4325000.0,8906250240,0.0,34.0,26758900.0,336130000.0
2018-04-13,315.35052490234375,7895.9599609375,1.2329696416854858,1344.800048828125,86.17115020751953,24360.140625,325.3010125884297,8183.9599609375,1.234872817993164,1346.0,87.18950143094963,24646.44921875,312.7839034853882,7758.93017578125,1.2308752536773682,1335.9000244140625,85.57865469341097,24243.740234375,324.64975629662143,7901.08984375,1.2333498001098633,1335.9000244140625,87.06915320758822,24582.8203125,4733500.0,7764460032,0.0,67.0,23346100.0,331890000.0
2018-04-14,,7986.240234375,,,,,,8140.7099609375,,,,,,7846.0,,,,,,7874.669921875,,,,,,5191430144,,,,
2018-04-15,,8329.1103515625,,,,,,8338.419921875,,,,,,7999.330078125,,,,,,7999.330078125,,,,,,5244480000,,,,
2018-04-16,317.73516845703125,8058.669921875,1.233258605003357,1347.5,87.18021392822266,24573.0390625,319.12384099560387,8371.150390625,1.2394031286239624,1348.800048828125,87.63384867974307,24675.359375,313.7703175097268,7925.72998046875,1.232635259628296,1341.0,86.48588280666031,24480.19921875,318.281062839223,8337.5703125,1.2333041429519653,1341.0,87.08763785796796,24483.150390625,3901400.0,5631309824,0.0,60.0,20288100.0,305070000.0
2018-04-17,322.47576904296875,7902.08984375,1.2385127544403076,1347.199951171875,88.93921661376953,24786.630859375,325.36800376664,8285.9599609375,1.2415003776550293,1348.0999755859375,89.37433205573515,24858.970703125,319.5356319282861,7881.72021484375,1.2338367700576782,1339.0,87.8375419469292,24681.7890625,320.56996116434067,8071.66015625,1.238466739654541,1348.0,87.9486375054429,24681.7890625,3381800.0,6900879872,0.0,409.0,26771000.0,342410000.0
2018-04-18,326.5747375488281,8163.419921875,1.237317442893982,1351.199951171875,89.28173828125,24748.0703125,327.915507752096,8197.7998046875,1.2396950721740723,1354.199951171875,89.54095413669798,24832.5390625,322.91632731615556,7886.009765625,1.2344460487365723,1343.5,88.43001996078941,24721.08984375,324.0176732250328,7944.43017578125,1.2373021841049194,1343.5,89.07806666251165,24820.849609375,3117500.0,6529909760,0.0,45.0,21043300.0,302030000.0
2018-04-19,326.22998046875,8294.3095703125,1.237914800643921,1346.800048828125,88.97624969482422,24664.890625,327.9250939508111,8298.6904296875,1.240199327468872,1355.199951171875,89.86499298589067,24762.48046875,323.22279730358787,8138.77978515625,1.2330456972122192,1341.5999755859375,88.26339887828613,24557.029296875,325.7990050483725,8159.27001953125,1.2378535270690918,1348.5999755859375,89.28175718762625,24711.30078125,3006800.0,7063209984,0.0,387.0,23552500.0,381110000.0
2018-04-20,324.34326171875,8845.830078125,1.2345526218414307,1336.699951171875,87.94862365722656,24462.939453125,326.9577558710402,8880.23046875,1.2352694272994995,1343.4000244140625,88.97623445658552,24678.0703125,320.8763739656779,8244.5400390625,1.2255052328109741,1335.300048828125,87.06914024589534,24375.0390625,326.3161152363217,8286.8798828125,1.2344155311584473,1342.5,88.79108228465346,24657.390625,3038000.0,8438110208,0.0,310.0,31154400.0,537770000.0
2018-04-21,,8895.580078125,,,,,,8997.5703125,,,,,,8652.150390625,,,,,,8848.7900390625,,,,,,7548550144,,,,
2018-04-22,,8802.4599609375,,,,,,9001.6396484375,,,,,,8779.6103515625,,,,,,8925.0595703125,,,,,,6629899776,,,,
2018-04-23,324.5061340332031,8930.8798828125,1.2273402214050293,1322.5,88.27265167236328,24448.689453125,326.82377424755197,8958.5498046875,1.2289692163467407,1334.4000244140625,89.14288249993845,24536.890625,321.78627733907683,8788.8095703125,1.2212249040603638,1322.5,87.60609249065493,24328.5390625,325.1860909000845,8794.3896484375,1.227385401725769,1334.0,88.63370338527143,24488.0703125,2765600.0,6925190144,0.0,68.0,22331800.0,351030000.0
2018-04-24,315.1398010253906,9697.5,1.22089684009552,1331.4000244140625,86.2081527709961,24024.130859375,332.9625590075001,9732.6103515625,1.223466157913208,1331.699951171875,89.30949696903667,24579.939453125,309.60431303308224,8927.830078125,1.2184869050979614,1326.199951171875,85.55085350406998,23828.73046875,328.65292211715837,8934.33984375,1.2211204767227173,1326.4000244140625,89.09656565516704,24579.939453125,7051800.0,10678800384,0.0,28.0,34524800.0,468180000.0
2018-04-25,328.3560791015625,8845.740234375,1.2241400480270386,1321.199951171875,85.45830535888672,24083.830078125,330.3193760837034,9745.3203125,1.2236157655715942,1325.0,86.37482788060044,24146.33984375,316.5380980400436,8799.83984375,1.21690034866333,1320.0,83.57898285701792,23823.080078125,323.8166032955913,9701.0302734375,1.2236157655715942,1324.0,86.37482788060044,24070.19921875,11023600.0,11083100160,0.0,278.0,33729300.0,437100000.0
2018-04-26,328.2890319824219,9281.509765625,1.2171669006347656,1316.300048828125,87.2635498046875,24322.33984375,331.0280319507518,9281.509765625,1.2210012674331665,1316.300048828125,88.08748895495913,24402.4609375,324.01768141932115,8727.08984375,1.2099798917770386,1315.699951171875,86.18964745959946,24128.720703125,329.4574237376603,8867.3203125,1.2170779705047607,1315.699951171875,86.60625042992599,24128.720703125,5273600.0,8970559488,0.0,569.0,42529000.0,390360000.0
2018-04-27,326.4598083496094,8987.0498046875,1.2109616994857788,1320.300048828125,88.70777130126953,24311.189453125,328.4135187141575,9375.4697265625,1.2116997241973877,1321.699951171875,90.63338523701438,24359.380859375,323.48135502274755,8987.0498046875,1.2056035995483398,1312.800048828125,86.93954450314784,24194.44921875,326.8141516179652,9290.6298828125,1.2107563018798828,1315.300048828125,90.35564987707102,24342.140625,3390400.0,7566289920,0.0,622.0,48272800.0,392810000.0
2018-04-28,,9348.48046875,,,,,,9412.08984375,,,,,,8931.990234375,,,,,,8939.26953125,,,,,,7805479936,,,,
2018-04-29,,9419.080078125,,,,,,9531.490234375,,,,,,9193.7099609375,,,,,,9346.41015625,,,,,,8853000192,,,,
2018-04-30,319.449462890625,9240.5498046875,1.2122827768325806,1316.199951171875,86.57847595214844,24163.150390625,328.0878807668293,9477.1396484375,1.2138574123382568,1316.199951171875,89.24471250517486,24498.23046875,319.29622783757463,9166.8095703125,1.2066364288330078,1309.5999755859375,86.23594371834082,24163.080078125,326.73755348835647,9426.1103515625,1.2128562927246094,1309.5999755859375,89.17990853690561,24410.41015625,3721600.0,8673920000,0.0,49.0,41523600.0,416650000.0
2018-05-01,315.5995178222656,9119.009765625,1.2081234455108643,1303.800048828125,87.94862365722656,24099.05078125,319.7846495698787,9255.8798828125,1.2084592580795288,1313.800048828125,88.21709925069989,24117.2890625,310.4662460496217,8891.0498046875,1.1983511447906494,1303.4000244140625,85.90266178603602,23808.189453125,318.434293120432,9251.4697265625,1.208313226699829,1313.199951171875,86.29148558495493,24117.2890625,4313100.0,7713019904,0.0,28.0,31408900.0,380070000.0
2018-05-02,310.4758605957031,9235.919921875,1.1991558074951172,1302.5999755859375,86.56922149658203,23924.98046875,316.7200358782527,9256.51953125,1.2031089067459106,1309.300048828125,88.10600431079031,24185.51953125,310.2747523652144,9015.1396484375,1.1954143047332764,1302.5999755859375,86.27297378160799,23886.30078125,315.5612304385423,9104.599609375,1.1992132663726807,1309.0,87.9393645296735,24097.630859375,3436100.0,7558159872,0.0,23.0,27471000.0,385350000.0
2018-05-03,316.7008972167969,9743.8603515625,1.19510018825531,1310.699951171875,87.08766174316406,23930.150390625,318.55883216874633,9798.330078125,1.2009127140045166,1310.699951171875,87.88382887929866,23996.150390625,305.62991964988566,9188.150390625,1.1950715780258179,1310.699951171875,85.58790356654002,23531.310546875,309.3074734813918,9233.9697265625,1.1951714754104614,1310.699951171875,86.06005083636482,23836.23046875,6383200.0,10207299584,0.0,4.0,31142500.0,389240000.0
2018-05-04,320.2826232910156,9700.759765625,1.1989257335662842,1312.699951171875,88.0967788696289,24262.509765625,321.68088205280736,9779.2001953125,1.1997599601745605,1312.699951171875,88.29119083049119,24333.349609375,314.1629542271117,9585.9599609375,1.1914832592010498,1312.699951171875,86.02303716088826,23778.869140625,314.1629542271117,9695.5,1.1989257335662842,1312.699951171875,86.39334868481373,23865.220703125,3655100.0,8217829888,0.0,0.0,22531300.0,329480000.0
2018-05-05,,9858.150390625,,,,,,9964.5,,,,,,9695.1201171875,,,,,,9700.2802734375,,,,,,7651939840,,,,
2018-05-06,,9654.7998046875,,,,,,9940.1396484375,,,,,,9465.25,,,,,,9845.3095703125,,,,,,7222280192,,,,
2018-05-07,326.0288391113281,9373.009765625,1.195500135421753,1312.199951171875,89.07807159423828,24357.3203125,328.4709844198703,9665.849609375,1.1978917121887207,1312.5,89.5316993663869,24479.44921875,321.0296587372111,9231.5302734375,1.18995201587677,1310.199951171875,88.04120105193869,24263.419921875,321.0488313855483,9645.669921875,1.1955716609954834,1310.5999755859375,88.10600501938849,24317.66015625,4192200.0,7394019840,0.0,4.0,24242000.0,307670000.0
2018-05-08,324.0559997558594,9234.8203125,1.1933743953704834,1312.0,88.69847869873047,24360.2109375,327.4749858045035,9462.75,1.1938873529434204,1312.0,89.02250551960707,24412.33984375,322.3704433164293,9127.76953125,1.183936357498169,1308.5,88.00414761931087,24198.33984375,325.39677000240624,9380.8701171875,1.1932604312896729,1310.0999755859375,88.73551053720496,24341.349609375,4014100.0,7415869952,0.0,337.0,23484600.0,344940000.0
2018-05-09,329.92669677734375,9325.1796875,1.1867886781692505,1311.300048828125,89.74459838867188,24542.5390625,332.25389403921207,9374.759765625,1.1896122694015503,1311.300048828125,89.77237049855785,24586.48046875,324.2571162981277,9031.6201171875,1.1823545694351196,1311.300048828125,87.99488483485433,24323.869140625,325.1286242873731,9223.73046875,1.186676025390625,1311.300048828125,88.88362766670609,24399.1796875,4347000.0,7226890240,0.0,70.0,27327400.0,361580000.0
2018-05-10,331.15863037109375,9043.9404296875,1.184721827507019,1320.800048828125,90.64263153076172,24739.529296875,335.48976591022165,9396.0400390625,1.1942437887191772,1320.800048828125,90.67965631436965,24794.990234375,329.5609190697506,9040.51953125,1.184469223022461,1312.199951171875,89.84646448424272,24575.91015625,331.0816159574138,9325.9599609375,1.1847639083862305,1312.199951171875,90.2260285525957,24591.66015625,3920400.0,6906699776,0.0,8.0,22388100.0,304210000.0
2018-05-11,329.60906982421875,8441.490234375,1.1917530298233032,1319.0,90.44823455810547,24831.169921875,332.45801601767346,9052.9599609375,1.1967878341674805,1319.0,90.60562171066215,24868.650390625,328.2519770042898,8394.4599609375,1.1893434524536133,1319.0,89.83722659660025,24717.5,330.8699093019208,9052.9599609375,1.191525936126709,1319.0,90.54081772894031,24758.640625,2332200.0,8488520192,0.0,3.0,16778300.0,274150000.0
2018-05-12,,8504.8896484375,,,,,,8664.8603515625,,,,,,8223.5,,,,,,8441.4404296875,,,,,,6821380096,,,,
2018-05-13,,8723.9404296875,,,,,,8773.5498046875,,,,,,8395.1201171875,,,,,,8515.490234375,,,,,,5866379776,,,,
2018-05-14,331.65911865234375,8716.7900390625,1.1952143907546997,1316.5,90.75371551513672,24899.41015625,334.6909077656988,8881.1201171875,1.1996996402740479,1319.9000244140625,91.3647303609583,24994.189453125,330.98540405626136,8367.9697265625,1.1951572895050049,1316.5,90.08715643355033,24862.51953125,331.09126216343674,8713.099609375,1.1951572895050049,1319.9000244140625,90.65187970749979,24879.369140625,2520300.0,7364149760,0.0,4.0,19454100.0,282860000.0
2018-05-15,329.28179931640625,8510.3798828125,1.1931180953979492,1288.9000244140625,90.09642791748047,24706.41015625,330.9468909174398,8836.1904296875,1.1940299272537231,1304.699951171875,90.58708756570294,24809.55078125,327.4916106925146,8456.4501953125,1.182396411895752,1288.9000244140625,89.1891652573517,24629.390625,330.12878164820614,8705.1904296875,1.1932035684585571,1304.5999755859375,90.02236421806116,24809.55078125,3009100.0,6705710080,0.0,8.0,24594000.0,301900000.0
2018-05-16,328.17498779296875,8368.830078125,1.1820889711380005,1290.199951171875,90.3288803100586,24768.9296875,330.66779365133783,8508.4296875,1.1853959560394287,1294.0,90.56132724493074,24801.189453125,327.5301168433818,8175.490234375,1.176567554473877,1285.4000244140625,89.83609394312444,24672.7890625,329.1663355233039,8504.41015625,1.1822566986083984,1290.9000244140625,90.5241348841051,24722.3203125,2230100.0,6760220160,0.0,26.0,17384700.0,280810000.0
2018-05-17,331.22601318359375,8094.31982421875,1.1816978454589844,1288.199951171875,89.4269790649414,24713.98046875,331.8323474909181,8445.5400390625,1.1836841106414795,1291.300048828125,90.69149087326245,24839.490234375,327.4819730011581,8054.1201171875,1.1778563261032104,1288.199951171875,89.10155479670813,24639.400390625,327.69371858181506,8370.0498046875,1.1814186573028564,1291.300048828125,89.96625762013771,24752.400390625,2483300.0,5862530048,0.0,2.0,17246700.0,314650000.0
2018-05-18,338.04998779296875,8250.9697265625,1.1795234680175781,1290.199951171875,89.59432983398438,24715.08984375,338.839194696721,8274.1201171875,1.182228684425354,1290.199951171875,90.12430845934634,24774.970703125,332.23663258124753,7974.81982421875,1.175046682357788,1285.199951171875,89.2689056067825,24664.869140625,332.6312507193216,8091.830078125,1.1792036294937134,1285.199951171875,89.2689056067825,24707.720703125,4327700.0,5764190208,0.0,2.0,17865800.0,269700000.0
2018-05-19,,8247.1796875,,,,,,8372.0595703125,,,,,,8183.35009765625,,,,,,8255.73046875,,,,,,4712399872,,,,
2018-05-20,,8513.25,,,,,,8562.41015625,,,,,,8205.240234375,,,,,,8246.990234375,,,,,,5191059968,,,,
2018-05-21,350.2637634277344,8418.990234375,1.1766643524169922,1290.199951171875,90.74728393554688,25013.2890625,351.30322305428854,8557.51953125,1.1778979301452637,1292.0999755859375,91.12850032204015,25086.490234375,344.9990262799429,8365.1201171875,1.1718658208847046,1287.4000244140625,90.00345798395541,24883.060546875,345.0086310525525,8522.330078125,1.1763737201690674,1287.4000244140625,90.18941269842387,24883.060546875,6785400.0,5154990080,0.0,52.0,19422500.0,308920000.0
2018-05-22,341.6977233886719,8041.77978515625,1.1792453527450562,1291.699951171875,90.65428924560547,24834.41015625,351.158865195935,8423.25,1.1828161478042603,1291.699951171875,91.27724522305772,25064.990234375,341.2164860866005,8004.580078125,1.1759449243545532,1291.699951171875,90.37535013351709,24812.060546875,350.3407559079349,8419.8701171875,1.1788839101791382,1291.699951171875,90.82165129411524,25047.55078125,5389400.0,5137010176,0.0,50.0,15441200.0,288200000.0
2018-05-23,345.73046875,7557.81982421875,1.1788560152053833,1289.300048828125,91.73284912109375,24886.810546875,346.10584791659124,8054.66015625,1.1791006326675415,1289.300048828125,91.79793397012563,24889.4609375,338.4252905697381,7507.8798828125,1.168620228767395,1289.300048828125,89.55714242226895,24667.119140625,339.06052728615975,8037.080078125,1.1789672374725342,1289.300048828125,89.91975902312033,24757.7109375,4497500.0,6491120128,0.0,10.0,21251200.0,399610000.0
2018-05-24,345.52838134765625,7587.33984375,1.1710150241851807,1303.699951171875,91.40744018554688,24811.759765625,347.12609270810145,7738.60009765625,1.174936294555664,1303.699951171875,91.99321106411864,24877.359375,341.0721192507483,7331.14013671875,1.1692214012145996,1303.699951171875,90.01275842699428,24605.900390625,344.999032066694,7561.1201171875,1.1707134246826172,1303.699951171875,91.79795646916747,24877.359375,3932100.0,6049220096,0.0,0.0,26649300.0,347050000.0
2018-05-25,346.5774841308594,7480.14013671875,1.1722642183303833,1303.300048828125,91.45390319824219,24753.08984375,347.06835558868966,7659.14013671875,1.1733232736587524,1303.300048828125,92.03037402801758,24824.220703125,343.65155304710134,7392.64990234375,1.1648359298706055,1303.300048828125,90.98900942724408,24687.810546875,344.6814079450457,7592.2998046875,1.1723191738128662,1303.300048828125,91.39811821571153,24781.2890625,2463700.0,4867829760,0.0,1.0,18363900.0,257210000.0
2018-05-26,,7355.8798828125,,,,,,7595.16015625,,,,,,7349.1201171875,,,,,,7486.47998046875,,,,,,4051539968,,,,
2018-05-27,,7368.22021484375,,,,,,7381.740234375,,,,,,7270.9599609375,,,,,,7362.080078125,,,,,,4056519936,,,,
2018-05-28,,7135.990234375,1.1688934564590454,,,,,7419.0498046875,1.1730204820632935,,,,,7100.89013671875,1.1608469486236572,,,,,7371.31005859375,1.1687567234039307,,,,,5040600064,0.0,,,
2018-05-29,339.2530212402344,7472.58984375,1.162696123123169,1298.699951171875,91.12846374511719,24361.44921875,347.4244203197229,7526.419921875,1.1639816761016846,1298.699951171875,91.93737423146584,24635.1796875,337.50131060650847,7090.68017578125,1.1514369249343872,1298.699951171875,90.40323071857779,24247.83984375,344.28674406067444,7129.4599609375,1.1627501249313354,1298.699951171875,90.97039449817504,24606.58984375,4249600.0,5662660096,0.0,386334.0,28671000.0,395810000.0
2018-05-30,344.748779296875,7406.52001953125,1.1539349555969238,1301.5,92.00250244140625,24667.779296875,345.4513963288819,7573.77001953125,1.1670994758605957,1303.699951171875,92.28144162637878,24714.48046875,340.8122617078696,7313.60009765625,1.1520073413848877,1295.199951171875,91.03552934592926,24459.08984375,342.3040855887956,7469.72998046875,1.153761863708496,1298.0,91.40743880093511,24467.830078125,2825200.0,4922540032,0.0,50845.0,22158500.0,324870000.0
2018-05-31,338.9450378417969,7494.169921875,1.1667250394821167,1300.0999755859375,91.90021514892578,24415.83984375,343.4397774991777,7608.89990234375,1.1724016666412354,1306.800048828125,92.96947244926574,24620.7890625,338.42529336545067,7361.1298828125,1.1642934083938599,1296.5999755859375,91.68636794508821,24352.150390625,343.4397774991777,7406.14990234375,1.1666160821914673,1301.0,92.31862388056352,24620.7890625,4406300.0,5127130112,0.0,4082.0,34140900.0,429740000.0
2018-06-01,343.33392333984375,7541.4501953125,1.1693171262741089,1294.800048828125,93.71330261230469,24635.2109375,344.7102548997314,7604.72998046875,1.1715501546859741,1299.5,93.77838746719351,24673.599609375,341.1587214533134,7407.33984375,1.1629935503005981,1288.9000244140625,92.20704399295569,24542.08984375,342.43882905592176,7500.7001953125,1.1693308353424072,1298.5999755859375,92.30932120688342,24542.08984375,2657800.0,4921460224,0.0,663.0,28655600.0,315710000.0
2018-06-02,,7643.4501953125,,,,,,7695.830078125,,,,,,7497.259765625,,,,,,7536.72021484375,,,,,,4939299840,,,,
2018-06-03,,7720.25,,,,,,7754.89013671875,,,,,,7613.0400390625,,,,,,7632.08984375,,,,,,4851760128,,,,
2018-06-04,347.1934509277344,7514.47021484375,1.1668611764907837,1293.0999755859375,94.5315170288086,24813.689453125,349.7536367254255,7753.81982421875,1.174425721168518,1297.0999755859375,94.70817896791343,24859.369140625,345.3839940953518,7474.0400390625,1.1668747663497925,1290.0,93.76909137216518,24722.140625,345.49948634041584,7722.52978515625,1.1669973134994507,1293.9000244140625,94.15030774734561,24727.55078125,2950300.0,4993169920,0.0,144.0,27281600.0,340400000.0
2018-06-05,346.58709716796875,7633.759765625,1.1700559854507446,1297.5,95.01500701904297,24799.98046875,349.7343784254256,7643.22998046875,1.171385407447815,1299.800048828125,95.14517672911549,24838.779296875,345.3840039602018,7397.0,1.1655282974243164,1289.9000244140625,94.40134373408637,24710.8203125,346.9720811199756,7500.89990234375,1.1701792478561401,1292.0999755859375,94.83834508663719,24820.119140625,2567800.0,4961739776,0.0,357.0,23514400.0,306340000.0
2018-06-06,357.6170654296875,7653.97998046875,1.1726216077804565,1297.0999755859375,95.29393768310547,25146.390625,357.6555726385396,7680.43017578125,1.1797001361846924,1300.4000244140625,95.39621489577435,25146.4609375,347.4437017045967,7502.009765625,1.1714677810668945,1294.0999755859375,94.74536635489702,24854.140625,348.85854056287025,7625.97021484375,1.1726628541946411,1296.0999755859375,95.28464491374798,24854.140625,4488400.0,4692259840,0.0,373.0,21122900.0,316090000.0
2018-06-07,354.7007751464844,7678.240234375,1.178550362586975,1298.699951171875,93.79698944091797,25241.41015625,360.4275109589167,7741.27001953125,1.1841003894805908,1302.800048828125,95.47991015987141,25326.08984375,352.3138274837808,7650.81982421875,1.1783559322357178,1296.199951171875,93.33209554720932,25164.48046875,358.0405632962131,7650.81982421875,1.1783976554870605,1298.4000244140625,95.44271779712858,25192.140625,4517800.0,4485799936,0.0,79.0,28232200.0,357680000.0
2018-06-08,355.6343688964844,7624.919921875,1.1795234680175781,1298.0999755859375,94.49430847167969,25316.529296875,357.48233307414364,7698.18994140625,1.181199550628662,1299.4000244140625,94.79184021123255,25325.630859375,351.74596324233096,7558.39990234375,1.1728416681289673,1294.800048828125,93.48084342229266,25165.69921875,354.3254175237878,7685.14013671875,1.1793843507766724,1295.300048828125,93.99222233111242,25209.2890625,3292900.0,4227579904,0.0,650.0,22165100.0,317510000.0
2018-06-09,,7531.97998046875,,,,,,7683.580078125,,,,,,7531.97998046875,,,,,,7632.52001953125,,,,,,3845220096,,,,
2018-06-10,,6786.02001953125,,,,,,7499.5498046875,,,,,,6709.06982421875,,,,,,7499.5498046875,,,,,,5804839936,,,,
2018-06-11,357.0202941894531,6906.919921875,1.1783976554870605,1298.9000244140625,93.95507049560547,25322.310546875,359.32059297602666,6910.18017578125,1.1820330619812012,1302.0,94.45714972107343,25402.830078125,354.9605846560345,6706.6298828125,1.1776067018508911,1295.199951171875,93.60174655225997,25290.19921875,357.0780403097928,6799.2900390625,1.1786893606185913,1299.300048828125,93.91787812821549,25336.669921875,2468500.0,4745269760,0.0,71.0,23490900.0,276740000.0
2018-06-12,356.7123107910156,6582.35986328125,1.177412509918213,1295.0999755859375,94.19677734375,25320.73046875,358.7431473524615,6907.9599609375,1.1808466911315918,1298.0999755859375,94.32694703729231,25364.369140625,354.1809980407603,6542.080078125,1.174315333366394,1292.699951171875,93.67609856958074,25247.0390625,357.3090403087017,6905.81982421875,1.1773293018341064,1297.800048828125,94.00152280343653,25346.8203125,2440400.0,4654380032,0.0,153.0,18325200.0,265750000.0
2018-06-13,350.1964111328125,6349.89990234375,1.17482590675354,1296.9000244140625,93.76908111572266,25201.19921875,357.0780990816042,6631.66015625,1.1789672374725342,1299.4000244140625,94.84763817206986,25362.0703125,349.65742767266966,6285.6298828125,1.1733646392822266,1290.9000244140625,93.49944185163585,25191.419921875,356.76049536746115,6596.8798828125,1.1747568845748901,1294.0,94.57799890798306,25328.650390625,3867600.0,5052349952,0.0,135.0,29492900.0,329700000.0
2018-06-14,348.820068359375,6675.35009765625,1.1807769536972046,1304.0,94.29905700683594,25175.310546875,353.8441871033162,6707.14013671875,1.1841607093811035,1307.699951171875,94.86622801224185,25332.5,345.3647585896614,6334.4599609375,1.1628854274749756,1297.199951171875,93.90854791601377,25138.599609375,352.4100799312606,6342.75,1.1806375980377197,1297.199951171875,94.51291127679082,25254.650390625,4039500.0,5138710016,0.0,42.0,25691800.0,341170000.0
2018-06-15,344.450439453125,6456.580078125,1.1566576957702637,1274.5999755859375,93.09963989257812,25090.48046875,348.0885925292865,6681.080078125,1.1626555919647217,1307.699951171875,94.40134409195518,25130.8203125,340.2059226355373,6433.8701171875,1.1545344591140747,1274.0,93.04385490054048,24894.380859375,344.71029703985226,6674.080078125,1.156336784362793,1297.199951171875,94.38275145918169,25116.7109375,9946000.0,3955389952,0.0,589.0,65738600.0,659370000.0
2018-06-16,,6550.16015625,,,,,,6592.490234375,,,,,,6402.2900390625,,,,,,6455.4501953125,,,,,,3194170112,,,,
2018-06-17,,6499.27001953125,,,,,,6589.10986328125,,,,,,6499.27001953125,,,,,,6545.52978515625,,,,,,3104019968,,,,
2018-06-18,341.4281921386719,6734.81982421875,1.159595012664795,1276.199951171875,93.77838134765625,24987.470703125,344.22899643709474,6781.14013671875,1.1623716354370117,1280.699951171875,94.01082825619324,25003.099609375,339.1471322905725,6446.68017578125,1.156644344329834,1276.199951171875,92.43948488449391,24825.76953125,339.93636842395426,6510.06982421875,1.1597026586532593,1280.699951171875,92.98806327737387,24944.279296875,3363200.0,4039200000,0.0,35.0,23586000.0,337070000.0
2018-06-19,328.3193664550781,6769.93994140625,1.1630746126174927,1275.5999755859375,93.77838134765625,24700.2109375,334.1423560399542,6822.5,1.164686679840088,1281.800048828125,93.90855104893963,24763.58984375,325.8650677078937,6709.919921875,1.153322696685791,1269.9000244140625,92.51386959771776,24567.75,334.1423560399542,6742.39013671875,1.163007140159607,1278.699951171875,92.65333916158328,24763.58984375,6857300.0,4057029888,0.0,34.0,28653100.0,376380000.0
2018-06-20,329.83038330078125,6776.5498046875,1.1588560342788696,1271.199951171875,94.71747589111328,24657.80078125,333.95940706177396,6821.56005859375,1.1600120067596436,1274.4000244140625,95.32183222329857,24804.759765625,327.6840546272119,6611.8798828125,1.1546010971069336,1271.199951171875,94.02013511362205,24628.390625,333.0161714933104,6770.759765625,1.1589365005493164,1274.4000244140625,94.25258203945246,24771.169921875,4540000.0,3888640000,0.0,7.0,26180800.0,359520000.0
2018-06-21,324.9891662597656,6729.740234375,1.1579033136367798,1267.199951171875,94.03872680664062,24461.69921875,328.3481931039969,6810.93994140625,1.1628313064575195,1268.9000244140625,95.26604627901081,24639.2109375,323.58396161430505,6715.169921875,1.151410460472107,1260.0,93.79698001995216,24406.630859375,328.3481931039969,6780.08984375,1.1577022075653076,1262.699951171875,94.9127295090178,24639.2109375,4048300.0,3529129984,0.0,46.0,23198200.0,349570000.0
2018-06-22,326.1922607421875,6083.68994140625,1.1605775356292725,1267.4000244140625,93.3599853515625,24580.890625,328.14608294857743,6747.080078125,1.1675995588302612,1270.199951171875,93.69470239372009,24663.1796875,323.9689468305159,6006.60009765625,1.1601735353469849,1267.0,92.63474499468923,24526.970703125,327.6552115176601,6737.8798828125,1.1606987714767456,1268.0999755859375,93.3599853515625,24526.970703125,3192000.0,5079810048,0.0,74.0,38923100.0,473970000.0
2018-06-23,,6162.47998046875,,,,,,6224.81982421875,,,,,,6071.81005859375,,,,,,6090.10009765625,,,,,,3431360000,,,,
2018-06-24,,6173.22998046875,,,,,,6223.77978515625,,,,,,5826.41015625,,,,,,6164.27978515625,,,,,,4566909952,,,,
2018-06-25,318.7715759277344,6249.18017578125,1.1661399602890015,1265.5999755859375,91.48180389404297,24252.80078125,321.32212755649806,6327.3701171875,1.1700011491775513,1271.199951171875,93.08103974469826,24463.73046875,315.30666174696495,6119.68017578125,1.1629935503005981,1265.5999755859375,90.46833878735829,24084.390625,320.0420199836901,6171.97021484375,1.1660583019256592,1270.5999755859375,92.97876253840867,24463.73046875,5006200.0,5500810240,0.0,37.0,35433300.0,439130000.0
2018-06-26,318.8678283691406,6093.669921875,1.1702749729156494,1256.5999755859375,92.12335205078125,24283.109375,321.8515055516971,6290.16015625,1.17205810546875,1267.199951171875,93.05313959971433,24384.2109375,318.07862150744296,6093.669921875,1.1652023792266846,1256.5999755859375,91.8165204571415,24241.220703125,319.91695154775226,6253.5498046875,1.1701792478561401,1267.199951171875,91.88160530181815,24281.890625,3112400.0,3279759872,0.0,89.0,26897200.0,301130000.0
2018-06-27,317.4433288574219,6157.1298828125,1.1650259494781494,1252.800048828125,90.69147491455078,24117.58984375,328.60803830649604,6180.0,1.1671879291534424,1255.5,92.99734397546133,24569.01953125,317.38558274044783,6052.85009765625,1.1583592891693115,1252.300048828125,90.56130523016304,24115.8203125,322.28457414633834,6084.39990234375,1.164808750152588,1255.5,92.58824229326379,24303.109375,4578900.0,3296219904,0.0,1162.0,31298400.0,313790000.0
2018-06-28,322.0921325683594,5903.43994140625,1.1563634872436523,1247.800048828125,91.70496368408203,24216.05078125,324.8736983781498,6170.41015625,1.1596999168395996,1251.699951171875,92.15126492753367,24308.16015625,315.0083333130397,5873.0498046875,1.1528042554855347,1244.800048828125,90.43115900023676,23997.2109375,317.6166313645202,6153.16015625,1.156243085861206,1251.699951171875,90.54272899081147,24064.189453125,3348000.0,3467800064,0.0,378.0,26650700.0,305020000.0
2018-06-29,322.91986083984375,6218.2998046875,1.1562966108322144,1251.300048828125,91.68637084960938,24271.41015625,327.24136237319436,6261.66015625,1.1682379245758057,1253.300048828125,92.89509776545303,24509.51953125,322.7754661526465,5835.75,1.15644371509552,1249.0999755859375,91.42603141388123,24269.7109375,324.53681111043096,5898.1298828125,1.15644371509552,1250.300048828125,91.98390264668691,24323.9296875,3108500.0,3966230016,0.0,48.0,28053200.0,329070000.0
2018-06-30,,6404.0,,,,,,6465.509765625,,,,,,6214.22021484375,,,,,,6214.22021484375,,,,,,4543860224,,,,
2018-07-01,,6385.81982421875,,,,,,6432.85009765625,,,,,,6289.2900390625,,,,,,6411.68017578125,,,,,,4788259840,,,,
2018-07-02,323.46844482421875,6614.18017578125,1.1678558588027954,1239.800048828125,92.98808288574219,24307.1796875,323.7090634698895,6683.85986328125,1.1678422689437866,1249.9000244140625,93.03456802102187,24319.419921875,316.9621366185097,6305.7001953125,1.1592589616775513,1239.800048828125,91.119207360775,24077.560546875,318.2807220972024,6380.3798828125,1.1678422689437866,1249.9000244140625,91.21218472505255,24161.529296875,2820700.0,4396930048,0.0,29.0,19564500.0,244110000.0
2018-07-03,320.4366760253906,6529.58984375,1.1642121076583862,1251.5999755859375,92.095458984375,24174.8203125,326.94301401490765,6671.3701171875,1.1675423383712769,1254.0999755859375,93.56451791129405,24444.880859375,319.54158165627047,6447.75,1.1622636318206787,1237.0,91.99318178713358,24150.849609375,325.4896679039913,6596.66015625,1.1640766859054565,1238.0999755859375,93.42505545479754,24359.390625,1464400.0,4672309760,0.0,36.0,14670300.0,160960000.0
2018-07-04,,6597.5498046875,1.1659224033355713,,,,,6771.919921875,1.1681833267211914,,,,,6450.4599609375,1.1631423234939575,,,,,6550.8701171875,1.16593599319458,,,,,4176689920,0.0,,,
2018-07-05,320.6772766113281,6639.14013671875,1.166235089302063,1257.300048828125,92.75562286376953,24356.740234375,324.62342830190886,6749.5400390625,1.1719757318496704,1257.300048828125,92.90438520691715,24372.80078125,316.75039321086507,6546.64990234375,1.165080189704895,1253.5999755859375,92.07687472207891,24177.439453125,323.5358273164246,6599.7099609375,1.1661807298660278,1255.5,92.5138760757228,24285.8203125,2427900.0,4999240192,0.0,9.0,18977400.0,237670000.0
2018-07-06,322.0825500488281,6673.5,1.1695905923843384,1254.300048828125,94.05734252929688,24456.48046875,323.4877548967752,6700.93994140625,1.1767336130142212,1255.5,94.30838212814348,24520.2890625,318.0497786767114,6533.5498046875,1.1680742502212524,1254.300048828125,92.6719535221041,24281.470703125,320.35007795279205,6638.68994140625,1.169385552406311,1255.5,92.87650798457382,24352.470703125,2105100.0,4313959936,0.0,7.0,19234600.0,219450000.0
2018-07-07,,6856.93017578125,,,,,,6863.990234375,,,,,,6579.240234375,,,,,,6668.7099609375,,,,,,3961080064,,,,
2018-07-08,,6773.8798828125,,,,,,6885.91015625,,,,,,6747.97998046875,,,,,,6857.7998046875,,,,,,3386210048,,,,
2018-07-09,329.08935546875,6741.75,1.1752262115478516,1258.0999755859375,94.6988754272461,24776.58984375,330.1673224106333,6838.68017578125,1.179078459739685,1262.300048828125,95.07079192442248,24796.51953125,323.8823639259065,6724.33984375,1.1742877960205078,1257.699951171875,94.14100422834011,24518.4296875,324.83520445982185,6775.080078125,1.1751710176467896,1258.199951171875,94.5129207255165,24519.19921875,3128700.0,3718129920,0.0,37.0,18212000.0,240580000.0
2018-07-10,334.1327209472656,6329.9501953125,1.1756960153579712,1253.800048828125,94.94991302490234,24919.66015625,334.9411961719586,6767.740234375,1.1762906312942505,1256.9000244140625,95.3125296243043,24945.380859375,329.91707705448334,6320.72021484375,1.1691941022872925,1249.300048828125,94.70816626072889,24806.970703125,329.91707705448334,6739.2099609375,1.1757513284683228,1256.199951171875,94.83833595827232,24806.970703125,3278300.0,4052430080,0.0,65.0,19293100.0,235040000.0
2018-07-11,327.8188171386719,6394.7099609375,1.1727042198181152,1242.800048828125,94.81974792480469,24700.44921875,331.4666036797095,6444.9599609375,1.1755163669586182,1253.199951171875,95.15446495349093,24815.16015625,326.4617245832084,6330.47021484375,1.1698368787765503,1242.800048828125,94.00153025061195,24663.8203125,328.90641801185546,6330.77001953125,1.1730343103408813,1253.199951171875,94.04802247072448,24789.48046875,3056900.0,3644859904,0.0,30.0,19644600.0,237370000.0
2018-07-12,333.04510498046875,6228.81005859375,1.1676785945892334,1245.0,96.87457275390625,24924.890625,333.5937225853116,6397.10009765625,1.169700026512146,1246.699951171875,97.07912716182979,24939.970703125,329.8785551290236,6136.419921875,1.1650530099868774,1240.9000244140625,95.51708370298773,24802.900390625,332.323248986432,6396.77978515625,1.167569637298584,1240.9000244140625,95.55426896468613,24802.900390625,2030700.0,3770170112,0.0,7.0,24335900.0,233150000.0
2018-07-13,337.62646484375,6238.0498046875,1.1665889024734497,1239.5999755859375,98.02750396728516,25019.41015625,338.0595607796481,6310.5498046875,1.1675423383712769,1247.0,98.18556615198099,25043.2109375,333.2087100632306,6192.240234375,1.1614537239074707,1239.5999755859375,96.78158493248482,24890.060546875,333.97867797531154,6235.02978515625,1.16637122631073,1244.699951171875,97.04193141128033,24926.0703125,2272300.0,3805400064,0.0,2.0,24635200.0,255520000.0
2018-07-14,,6276.1201171875,,,,,,6298.18994140625,,,,,,6212.22021484375,,,,,,6247.5,,,,,,2923670016,,,,
2018-07-15,,6359.64013671875,,,,,,6403.4599609375,,,,,,6256.509765625,,,,,,6272.7001953125,,,,,,3285459968,,,,
2018-07-16,342.7371826171875,6741.75,1.1679104566574097,1238.0999755859375,97.54403686523438,25064.359375,342.96816710293734,6741.75,1.1726078987121582,1243.800048828125,98.3901400342729,25072.41015625,339.1279031653898,6357.009765625,1.1676650047302246,1238.0999755859375,97.18141311425487,24979.640625,340.6871071889838,6357.009765625,1.1678968667984009,1242.699951171875,97.99963087933205,25025.580078125,2889000.0,4725799936,0.0,2.0,21786900.0,231270000.0
2018-07-17,343.48797607421875,7321.0400390625,1.170946478843689,1225.699951171875,98.51103210449219,25119.890625,345.5284177412409,7387.240234375,1.1745359897613525,1225.699951171875,99.02241832299063,25155.390625,341.71702614864483,6684.169921875,1.1664528846740723,1225.699951171875,96.99548027450834,24989.609375,344.190563807782,6739.64990234375,1.1710561513900757,1225.699951171875,97.26511963574214,25033.919921875,2730500.0,5961950208,0.0,0.0,25901700.0,250450000.0
2018-07-18,346.71221923828125,7370.77978515625,1.1653246879577637,1226.300048828125,97.73929595947266,25199.2890625,348.28102808883915,7534.990234375,1.166534423828125,1226.699951171875,98.60399889606892,25215.3203125,340.9662449747328,7280.47021484375,1.1603754758834839,1222.199951171875,97.36737942122475,25101.119140625,345.52836496253775,7315.31982421875,1.1657729148864746,1226.699951171875,98.50172167070778,25133.7890625,3090100.0,6103410176,0.0,67.0,29493900.0,252870000.0
2018-07-19,341.9960632324219,7466.85986328125,1.164564609527588,1222.4000244140625,97.06983947753906,25064.5,345.9037368629487,7494.4599609375,1.1657049655914307,1228.0,97.91594261479744,25154.169921875,341.9287123380616,7295.4599609375,1.157594919204712,1211.699951171875,96.59564575365465,25052.619140625,344.26751840623956,7378.2001953125,1.1646188497543335,1227.199951171875,97.56262583460521,25139.150390625,2711700.0,5111629824,0.0,33.0,40171600.0,285760000.0
2018-07-20,341.5822448730469,7354.1298828125,1.1655147075653076,1229.5,98.80850982666016,25058.119140625,343.5938133519163,7594.669921875,1.172236680984497,1229.5,100.60299990046651,25124.099609375,339.75354892611057,7323.259765625,1.1628042459487915,1229.5,98.63185503374876,24986.349609375,339.7920561360952,7467.39990234375,1.1654739379882812,1229.5,100.49142994572571,25041.140625,1816700.0,4936869888,0.0,0.0,56004000.0,274080000.0
2018-07-21,,7419.2900390625,,,,,,7437.64013671875,,,,,,7262.41015625,,,,,,7352.72021484375,,,,,,3726609920,,,,
2018-07-22,,7418.490234375,,,,,,7537.9501953125,,,,,,7383.81982421875,,,,,,7417.7998046875,,,,,,3695460096,,,,
2018-07-23,340.0133972167969,7711.10986328125,1.1741912364959717,1224.0,100.38916778564453,25044.2890625,341.6784888775013,7771.5,1.1750881671905518,1224.0,100.54722997433173,25081.44921875,339.16644422703854,7409.10009765625,1.1688660383224487,1222.0,98.67835492179674,24983.330078125,341.6784888775013,7414.7099609375,1.1741775274276733,1222.0,98.83642420420033,25036.900390625,1943700.0,5132480000,0.0,1.0,29707000.0,228820000.0
2018-07-24,344.8258056640625,8424.26953125,1.1694128513336182,1223.9000244140625,100.1009292602539,25241.939453125,345.9807870713399,8424.26953125,1.1716599464416504,1223.9000244140625,101.17947911036718,25286.619140625,341.33204712046296,7705.5,1.1657185554504395,1223.9000244140625,99.7290128281157,25092.4296875,343.36285467092216,7716.509765625,1.169864296913147,1223.9000244140625,100.9470322269953,25092.4296875,3182000.0,7277689856,0.0,0.0,26316600.0,274940000.0
2018-07-25,342.56396484375,8181.39013671875,1.1685519218444824,1231.4000244140625,103.04837036132812,25414.099609375,342.9296805107059,8416.8701171875,1.1713716983795166,1231.4000244140625,103.34590213542324,25432.869140625,332.5349668136784,8086.35986328125,1.1667522192001343,1231.4000244140625,100.04515303123185,25113.55078125,338.32905320117504,8379.66015625,1.168770432472229,1231.4000244140625,100.37987716380347,25183.69921875,7378100.0,5845400064,0.0,0.0,30702100.0,273670000.0
2018-07-26,345.83636474609375,7951.580078125,1.1737502813339233,1225.300048828125,101.92333221435547,25527.0703125,346.68334705553156,8290.330078125,1.174315333366394,1227.800048828125,103.20643671162664,25587.240234375,341.93832516821175,7878.7099609375,1.1650937795639038,1225.300048828125,101.81175513444249,25463.16015625,342.04421264308775,8176.85009765625,1.1739845275878906,1227.800048828125,102.96468991867387,25468.55078125,3191200.0,4899089920,0.0,1.0,31372100.0,297530000.0
2018-07-27,347.116455078125,8165.009765625,1.1642934083938599,1222.5999755859375,100.11953735351562,25451.060546875,350.8604953327192,8262.66015625,1.1663167476654053,1222.5999755859375,102.44400654625724,25580.220703125,345.9807421110733,7839.759765625,1.1623716354370117,1222.5999755859375,98.68766347954075,25370.0703125,347.5110731847908,7950.39990234375,1.1644561290740967,1222.5999755859375,102.44400654625724,25520.51953125,2914700.0,5195879936,0.0,254428.0,37005300.0,329680000.0
2018-07-28,,8192.150390625,,,,,,8222.849609375,,,,,,8110.77001953125,,,,,,8169.06005859375,,,,,,3988750080,,,,
2018-07-29,,8218.4599609375,,,,,,8272.259765625,,,,,,8141.18017578125,,,,,,8205.8203125,,,,,,4107190016,,,,
2018-07-30,337.8863525390625,8180.47998046875,1.16604483127594,1221.300048828125,97.97173309326172,25306.830078125,348.8489530395217,8235.5,1.1719207763671875,1223.9000244140625,99.98007084863401,25500.16015625,337.31849601309074,7917.5,1.1649445295333862,1218.0999755859375,97.40456202534573,25287.380859375,348.406193546815,8221.580078125,1.1663167476654053,1222.5,99.66394643371282,25439.3203125,3080400.0,5551400000,0.0,62239.0,34668300.0,296880000.0
2018-07-31,342.9297180175781,7780.43994140625,1.1707408428192139,1223.699951171875,98.63190460205078,25415.189453125,345.54765033186493,8181.52978515625,1.1748120784759521,1228.0999755859375,99.2269683054405,25490.98046875,340.7737841254819,7696.93017578125,1.1692761182785034,1213.0,97.98104879953654,25345.2109375,341.08178307360885,8181.2001953125,1.170864224433899,1220.4000244140625,99.01311396185409,25345.2109375,2728400.0,5287530000,0.0,2722.0,27655200.0,348700000.0
2018-08-01,339.5225524902344,7624.91015625,1.168961763381958,1217.9000244140625,98.81783294677734,25333.8203125,344.4792908524009,7769.0400390625,1.169864296913147,1223.699951171875,98.97589514900771,25488.80078125,337.34735047459867,7504.9501953125,1.166534423828125,1214.4000244140625,98.01821497891939,25278.3203125,340.80263079642725,7769.0400390625,1.168961763381958,1222.9000244140625,98.58538602806787,25461.630859375,2717800.0,4797620000,0.0,1026.0,23628700.0,315880000.0
2018-08-02,336.6062316894531,7567.14990234375,1.1665889024734497,1210.5999755859375,100.01728057861328,25326.16015625,337.56870623014277,7712.77001953125,1.1669973134994507,1219.300048828125,100.5007671482615,25360.48046875,333.0450641399446,7523.43994140625,1.1604158878326416,1205.800048828125,97.47895658023438,25120.0703125,335.5378696756438,7634.18994140625,1.1663848161697388,1214.699951171875,97.9996426095307,25256.44921875,2655900.0,4214110000,0.0,411.0,26104300.0,307700000.0
2018-08-03,335.3645935058594,7434.39013671875,1.1586008071899414,1214.199951171875,100.45426177978516,25462.580078125,337.8188915590161,7562.14013671875,1.1612001657485962,1218.5999755859375,100.4635616428242,25467.900390625,332.6985499027229,7328.64990234375,1.1562163829803467,1205.0999755859375,99.31991967540115,25325.169921875,336.38481405420123,7562.14013671875,1.1585606336593628,1206.5,100.23111472286737,25360.369140625,2285200.0,4627150000,0.0,784.0,18659600.0,239020000.0
2018-08-04,,7032.85009765625,,,,,,7497.490234375,,,,,,6984.06982421875,,,,,,7438.669921875,,,,,,4268390000,,,,
2018-08-05,,7068.47998046875,,,,,,7102.77001953125,,,,,,6940.7001953125,,,,,,7031.080078125,,,,,,3679110000,,,,
2018-08-06,333.5648193359375,6951.7998046875,1.1562297344207764,1208.5999755859375,100.5379638671875,25502.1796875,334.3347872442768,7166.5498046875,1.1570056676864624,1214.4000244140625,100.80760321156303,25540.01953125,330.24427031488915,6890.5400390625,1.1530966758728027,1206.5999755859375,100.00798504375112,25381.380859375,334.3347872442768,7062.93994140625,1.156136155128479,1214.4000244140625,100.52867109559159,25437.4296875,3251100.0,3925900000,0.0,297.0,20265900.0,238990000.0
2018-08-07,337.5975646972656,6753.1201171875,1.1558021306991577,1209.5999755859375,101.23529052734375,25628.91015625,338.90651591727,7146.56005859375,1.1609008312225342,1214.800048828125,101.43984497311962,25692.720703125,332.53493943292784,6748.240234375,1.1552013158798218,1207.800048828125,100.57514205743293,25551.650390625,334.98923765663136,6958.31982421875,1.155748724937439,1207.800048828125,100.9377587226837,25551.650390625,2267400.0,4682800000,0.0,715.0,16080200.0,239910000.0
2018-08-08,334.7294006347656,6305.7998046875,1.1602946519851685,1212.5999755859375,101.8024673461914,25583.75,338.4252994131123,6746.85009765625,1.1629259586334229,1215.199951171875,102.04421416781868,25634.109375,333.2568157357963,6226.22021484375,1.1574609279632568,1205.9000244140625,101.12372620393548,25557.48046875,337.3473326076436,6746.85009765625,1.1603351831436157,1212.0,101.65370498237952,25615.720703125,2333600.0,5064430000,0.0,209.0,15487500.0,217770000.0
2018-08-09,332.4563903808594,6568.22998046875,1.1610760688781738,1211.9000244140625,101.96981048583984,25509.23046875,335.4741441076785,6625.72998046875,1.1621150970458984,1215.300048828125,102.42541154455408,25613.310546875,331.8760463139652,6249.06982421875,1.156176209449768,1211.5999755859375,101.90472563369735,25492.689453125,334.729387424305,6305.56005859375,1.1610087156295776,1214.5,102.00700284330938,25589.7890625,2301800.0,4267040000,0.0,44.0,13677200.0,214970000.0
2018-08-10,328.28765869140625,6184.7099609375,1.1523923873901367,1211.0999755859375,101.34687042236328,25313.140625,329.82555141543355,6591.259765625,1.1539349555969238,1216.4000244140625,101.98842627576065,25401.189453125,325.4246651023854,6124.52001953125,1.1396141052246094,1205.5999755859375,100.77039943135999,25222.880859375,329.82555141543355,6571.419921875,1.1528706550598145,1212.5,101.73737959672778,25401.189453125,2745700.0,4528680000,0.0,75.0,18183700.0,234480000.0
2018-08-11,,6295.72998046875,,,,,,6455.740234375,,,,,,6109.02978515625,,,,,,6185.7900390625,,,,,,4047850000,,,,
2018-08-12,,6322.68994140625,,,,,,6409.85009765625,,,,,,6237.5,,,,,,6283.64990234375,,,,,,5665250000,,,,
2018-08-13,327.2720642089844,6297.56982421875,1.1394712924957275,1191.300048828125,100.61234283447266,25187.69921875,330.9378756925069,6537.0498046875,1.143379807472229,1207.4000244140625,101.8861547482467,25381.390625,326.2854998265913,6225.72021484375,1.1365960836410522,1191.300048828125,100.51006560303072,25153.9296875,328.4714499777597,6341.35986328125,1.1395881175994873,1207.0,101.57002318913939,25327.189453125,1877200.0,4083980000,0.0,78.0,18472500.0,219990000.0
2018-08-14,328.02655029296875,6199.7099609375,1.1402509212493896,1193.0,101.86752319335938,25299.919921875,329.0034329794537,6287.93994140625,1.1431001424789429,1197.5,102.04418510042446,25339.509765625,326.55634111187067,5971.0498046875,1.134751796722412,1192.800048828125,100.45424921798724,25201.869140625,328.00718679267163,6287.66015625,1.139847993850708,1193.0999755859375,100.93773562980198,25215.689453125,2017300.0,5301700000,0.0,92.0,16788300.0,219210000.0
2018-08-15,320.88836669921875,6308.52001953125,1.1345715522766113,1177.5,100.48614501953125,25162.41015625,326.09207096996295,6588.490234375,1.1349449157714844,1188.0999755859375,101.72751586921657,25235.369140625,317.28058668372336,6221.419921875,1.1302244663238525,1174.5999755859375,99.70211420397867,24965.76953125,325.54074255818614,6221.419921875,1.1348161697387695,1187.800048828125,101.26083306408262,25235.369140625,3798600.0,4895450000,0.0,71.0,29982800.0,295810000.0
2018-08-16,334.6423645019531,6334.72998046875,1.134429931640625,1176.199951171875,100.46749877929688,25558.73046875,336.3253358521811,6473.5,1.140836238861084,1180.199951171875,101.60620624721534,25607.33984375,327.2140130387318,6276.41015625,1.1338382959365845,1161.4000244140625,100.15015781073797,25294.970703125,327.94911754459116,6294.22998046875,1.134429931640625,1173.199951171875,101.08352365381654,25294.970703125,5867900.0,4328420000,0.0,123.0,21384300.0,342430000.0
2018-08-17,335.0486145019531,6580.6298828125,1.1371389627456665,1176.5,100.41148376464844,25669.3203125,337.07980430514584,6582.5,1.1422044038772583,1181.199951171875,100.71016050395538,25728.16015625,330.4736334667353,6324.97021484375,1.1367381811141968,1174.699951171875,99.58078886091927,25521.66015625,334.6617282340903,6340.91015625,1.137229561805725,1174.699951171875,100.20614217118457,25550.80078125,3069200.0,4992990000,0.0,66.0,18061500.0,284160000.0
2018-08-18,,6423.759765625,,,,,,6617.35009765625,,,,,,6353.72998046875,,,,,,6583.43017578125,,,,,,3984520000,,,,
2018-08-19,,6506.06982421875,,,,,,6537.97998046875,,,,,,6361.5498046875,,,,,,6422.56982421875,,,,,,3311170000,,,,
2018-08-20,339.2463684082031,6308.52978515625,1.1437721252441406,1186.800048828125,99.74879455566406,25758.689453125,341.0550844659957,6536.919921875,1.1449376344680786,1190.0,100.71016008376549,25790.169921875,335.72566523251913,6297.93017578125,1.1395231485366821,1184.4000244140625,99.3847825036842,25716.41015625,337.17651077845267,6500.509765625,1.1437852382659912,1184.800048828125,100.34614803178563,25727.69921875,3018200.0,3665100000,0.0,68.0,17914200.0,248570000.0
2018-08-21,342.17706298828125,6488.759765625,1.149134635925293,1192.5999755859375,98.91809844970703,25822.2890625,342.83480204556076,6500.8701171875,1.1539082527160645,1192.5999755859375,100.19680488096802,25888.8203125,338.1727447738812,6298.240234375,1.1486594676971436,1189.800048828125,98.79675635318267,25784.900390625,339.49784560228807,6301.06982421875,1.1489102840423584,1189.800048828125,99.79545735149561,25786.990234375,2967200.0,3377180000,0.0,22.0,22881900.0,241620000.0
2018-08-22,338.55963134765625,6376.7099609375,1.1576753854751587,1196.300048828125,99.92613220214844,25733.599609375,344.2082529347294,6816.7900390625,1.162520408630371,1196.300048828125,100.18747346568757,25836.16015625,338.3758552234898,6310.10986328125,1.1554415225982666,1194.699951171875,98.73142521396076,25722.4296875,342.7090577297157,6486.25,1.15763521194458,1194.699951171875,98.79676052984554,25825.060546875,2682900.0,4668110000,0.0,17.0,18000600.0,200480000.0
2018-08-23,336.09320068359375,6534.8798828125,1.1584800481796265,1187.0,100.39280700683594,25656.98046875,338.8014337602034,6546.5400390625,1.1589634418487549,1190.300048828125,100.97149627323734,25762.560546875,334.1393765549077,6371.33984375,1.154521107673645,1184.9000244140625,99.74878955080843,25608.01953125,337.7084587807952,6371.33984375,1.1586277484893799,1189.300048828125,100.01013079337203,25714.859375,1833400.0,3426180000,0.0,95.0,18167700.0,213270000.0
2018-08-24,337.9309387207031,6719.9599609375,1.154334545135498,1206.300048828125,101.17684173583984,25790.349609375,339.1399766378632,6719.9599609375,1.1636972427368164,1208.0,101.32617654259708,25826.05078125,336.6928850742324,6498.64013671875,1.1539349555969238,1185.300048828125,100.39281085706538,25688.580078125,337.34091286801487,6551.52001953125,1.1542812585830688,1185.300048828125,100.49548165215508,25688.580078125,1954100.0,4097820000,0.0,12.0,17234000.0,200330000.0
2018-08-25,,6763.18994140625,,,,,,6789.6298828125,,,,,,6700.9599609375,,,,,,6719.9501953125,,,,,,3312600000,,,,
2018-08-26,,6707.259765625,,,,,,6774.75,,,,,,6620.75,,,,,,6754.64013671875,,,,,,3295500000,,,,
2018-08-27,342.1480712890625,6884.64013671875,1.164890170097351,1209.0,102.2968978881836,26049.640625,343.3667910352477,6884.64013671875,1.1680878400802612,1211.4000244140625,102.33423337749112,26067.5703125,339.5075511957003,6689.7099609375,1.1597161293029785,1205.199951171875,101.27953250836546,25882.7109375,340.57148101868756,6710.7998046875,1.164442539215088,1210.300048828125,101.98888544215892,25882.7109375,2279500.0,4019000000,0.0,154.0,19662300.0,220510000.0
2018-08-28,339.700927734375,7096.27978515625,1.1683608293533325,1207.4000244140625,102.9129409790039,26064.01953125,344.0244481312623,7109.56005859375,1.1732999086380005,1217.0,103.13694683344498,26122.240234375,339.1205836810464,6882.33984375,1.1663440465927124,1202.300048828125,102.47425780333592,26037.849609375,343.3667386456681,6891.080078125,1.1683471202850342,1209.699951171875,102.61426413274324,26092.69921875,2475100.0,4659940000,0.0,136.0,19151500.0,211470000.0
2018-08-29,338.7143859863281,7047.16015625,1.1691256761550903,1204.5,104.55562591552734,26124.5703125,340.80360700645707,7113.2998046875,1.1706311702728271,1205.199951171875,104.56496156670936,26167.939453125,337.7664896523957,6970.81982421875,1.1654006242752075,1202.4000244140625,102.9222358884308,26035.30078125,340.7165598203092,7091.7099609375,1.1693034172058105,1205.199951171875,103.09024200462993,26082.529296875,1850100.0,4145880000,0.0,817.0,20818000.0,214960000.0
2018-08-30,335.5322570800781,6978.22998046875,1.1709738969802856,1197.699951171875,104.49028778076172,25986.919921875,339.44955834517685,7072.68994140625,1.1717559099197388,1205.5999755859375,105.10631256388028,26104.369140625,334.4199479001856,6834.68994140625,1.1644154787063599,1196.0,104.01427639855032,25934.80078125,338.8692141372882,7043.759765625,1.1709327697753906,1205.4000244140625,104.22894652283816,26099.009765625,3257700.0,4463250000,0.0,493.0,22798700.0,240440000.0
2018-08-31,331.556884765625,7037.580078125,1.1664663553237915,1200.300048828125,104.84498596191406,25964.8203125,334.5166071397525,7057.169921875,1.1689343452453613,1208.199951171875,105.26499773928691,26028.830078125,330.38651484307434,6920.16015625,1.1596487760543823,1199.0999755859375,104.08895479322027,25879.76953125,333.7428051846538,6973.97021484375,1.1665889024734497,1207.0999755859375,104.24763239715365,25964.849609375,3462700.0,4495650000,0.0,191.0,23222700.0,273440000.0
2018-09-01,,7193.25,,,,,,7242.2900390625,,,,,,7038.0498046875,,,,,,7044.81005859375,,,,,,4116050000,,,,
2018-09-02,,7272.72021484375,,,,,,7306.31005859375,,,,,,7132.16015625,,,,,,7189.580078125,,,,,,4329540000,,,,
2018-09-03,,7260.06005859375,1.1601063013076782,,,,,7317.93994140625,1.1627906560897827,,,,,7208.14990234375,1.1590977907180786,,,,,7279.02978515625,1.1598505973815918,,,,,4087760000,0.0,,,
2018-09-04,334.90350341796875,7361.66015625,1.161548137664795,1192.699951171875,104.26628875732422,25952.48046875,334.97121662561,7388.259765625,1.1615750789642334,1193.800048828125,104.4996301985825,25971.76953125,328.1619068038431,7255.43994140625,1.153322696685791,1189.9000244140625,102.8755757613093,25805.94921875,330.4058882647419,7263.0,1.16130530834198,1193.800048828125,103.46359362971451,25916.0703125,2699400.0,4273640000,0.0,26.0,22634600.0,254600000.0
2018-09-05,335.31939697265625,6792.830078125,1.1586545705795288,1194.9000244140625,101.26085662841797,25974.990234375,335.87072533386856,7388.43017578125,1.1632641553878784,1196.0,103.99561878774793,26011.220703125,331.91475690587663,6792.830078125,1.1546810865402222,1192.5,100.89684452538566,25871.0390625,334.43921384796465,7361.4599609375,1.1588022708892822,1192.5,103.61294250141331,25919.83984375,2959000.0,5800460000,0.0,21.0,32872400.0,289210000.0
2018-09-06,339.7590026855469,6529.169921875,1.1635212898254395,1197.9000244140625,101.49420166015625,25995.869140625,341.77085839231694,6755.14013671875,1.165623426437378,1202.0,101.72754312524279,26073.6796875,335.22268987226255,6404.72021484375,1.1607661247253418,1197.9000244140625,100.34616563969966,25880.83984375,336.1609045152932,6755.14013671875,1.1634942293167114,1202.0,101.03685438247123,25973.01953125,3585900.0,5523470000,0.0,7.0,23477600.0,262380000.0
2018-09-07,337.8342590332031,6467.06982421875,1.1620069742202759,1193.5999755859375,100.99952697753906,25916.5390625,338.54034790606784,6555.2900390625,1.1650937795639038,1198.300048828125,101.47554559830073,26002.990234375,333.17220106079407,6396.8701171875,1.1563901901245117,1193.0999755859375,100.08483234895684,25818.390625,337.3893412797359,6528.919921875,1.1623852252960205,1198.300048828125,101.01819828400961,25951.01953125,3921900.0,4264680000,0.0,29.0,22498600.0,281350000.0
2018-09-08,,6225.97998046875,,,,,,6534.25,,,,,,6197.52001953125,,,,,,6460.169921875,,,,,,3835060000,,,,
2018-09-09,,6300.85986328125,,,,,,6446.259765625,,,,,,6201.22021484375,,,,,,6223.3798828125,,,,,,3671890000,,,,
2018-09-10,330.6573791503906,6329.7001953125,1.1561094522476196,1193.0,102.091552734375,25857.0703125,339.2560718029921,6374.97998046875,1.161440134048462,1193.0,102.33422984599098,26039.9609375,330.48328475797763,6292.759765625,1.1527643203735352,1193.0,101.13952271344496,25854.130859375,338.037352021041,6301.56982421875,1.1558955907821655,1193.0,101.5875343276416,25991.91015625,3065500.0,3714100000,0.0,11.0,20727900.0,252170000.0
2018-09-11,333.936279296875,6321.2001953125,1.159595012664795,1195.4000244140625,103.82760620117188,25971.060546875,335.26138015737746,6398.919921875,1.1642799377441406,1196.300048828125,104.15428279628077,26019.919921875,326.2564679344092,6260.2099609375,1.1566845178604126,1190.4000244140625,101.63419806713713,25754.3203125,327.90077134114426,6331.8798828125,1.1593396663665771,1190.4000244140625,101.64353371871616,25841.140625,2731800.0,3849910000,0.0,21.0,24301800.0,265960000.0
2018-09-12,341.8288879394531,6351.7998046875,1.1596084833145142,1204.699951171875,104.26628875732422,25998.919921875,343.40547816229355,6363.8701171875,1.1648223400115967,1205.0,104.3969593947476,26145.720703125,333.31724298947864,6265.08984375,1.1570860147476196,1204.699951171875,103.14625268769078,25929.4296875,333.69447700145906,6317.009765625,1.159595012664795,1205.0,104.00494748247746,25989.0703125,4003800.0,4064230000,0.0,37.0,18891100.0,282770000.0
2018-09-13,343.8117370605469,6517.31005859375,1.1629259586334229,1202.0,105.38633728027344,26145.990234375,348.6092214786855,6535.41015625,1.1700832843780518,1203.4000244140625,106.15169696148534,26191.640625,342.6897461652176,6354.240234375,1.16096830368042,1200.0,104.64897743406675,26067.080078125,344.6822385862672,6354.240234375,1.1626555919647217,1203.4000244140625,104.64897743406675,26083.939453125,3166500.0,4210910000,0.0,22.0,26055600.0,260800000.0
2018-09-14,348.00946044921875,6512.7099609375,1.1691803932189941,1195.0,105.81571197509766,26154.669921875,350.3888683103717,6596.10009765625,1.1721267700195312,1195.0,106.15172432380486,26211.109375,344.4307259436482,6456.169921875,1.1655691862106323,1195.0,104.94768126110705,26068.2890625,344.7595807132935,6515.41015625,1.1690436601638794,1195.0,105.80637632068417,26169.560546875,2835800.0,4076220000,0.0,1.0,19122300.0,228640000.0
2018-09-15,,6543.2001953125,,,,,,6561.72021484375,,,,,,6493.5498046875,,,,,,6509.39990234375,,,,,,3216300000,,,,
2018-09-16,,6517.18017578125,,,,,,6544.330078125,,,,,,6460.10009765625,,,,,,6536.68017578125,,,,,,3273730000,,,,
2018-09-17,344.2953186035156,6281.2001953125,1.1628988981246948,1199.699951171875,104.66763305664062,26062.119140625,349.4603253026679,6540.2099609375,1.1695905923843384,1199.699951171875,106.12368132595441,26184.470703125,342.9218679905259,6257.52001953125,1.162358283996582,1199.699951171875,104.40629178994487,26030.349609375,347.50653055681784,6514.06005859375,1.162358283996582,1199.699951171875,106.1143527957263,26151.66015625,2554500.0,3910780000,0.0,0.0,20736500.0,230230000.0
2018-09-18,351.66558837890625,6371.2998046875,1.1669156551361084,1196.800048828125,105.66634368896484,26246.9609375,353.8225226287584,6384.18017578125,1.1720443964004517,1198.699951171875,106.1236909471456,26317.33984375,344.43072444317403,6265.7099609375,1.1669156551361084,1196.800048828125,104.27563061024273,26076.2109375,345.591383122008,6280.91015625,1.1669156551361084,1198.699951171875,104.71431368525974,26076.2109375,3003500.0,4180090000,0.0,2.0,22170900.0,243000000.0
2018-09-19,353.2518615722656,6398.5400390625,1.167992353439331,1202.199951171875,104.25695037841797,26405.759765625,359.0649252891445,6448.4599609375,1.1716461181640625,1202.199951171875,105.76900544178172,26464.41015625,351.28838518713,6208.33984375,1.165338158607483,1202.199951171875,103.64093269253937,26280.759765625,351.6655896659353,6371.85009765625,1.167883276939392,1202.199951171875,105.51699982506216,26287.83984375,4753400.0,4431340000,0.0,0.0,21728400.0,251330000.0
2018-09-20,355.4184875488281,6519.669921875,1.167460560798645,1206.199951171875,106.00233459472656,26656.98046875,359.5485803994572,6529.259765625,1.1776995658874512,1206.199951171875,106.21701182344101,26697.490234375,353.6871663219785,6395.9501953125,1.1672834157943726,1206.199951171875,104.47161552715767,26519.390625,356.65654132551435,6398.85009765625,1.1674060821533203,1206.199951171875,104.7982920743191,26519.390625,4011100.0,4348110000,0.0,0.0,23714500.0,260480000.0
2018-09-21,360.0321960449219,6734.9501953125,1.1775927543640137,1196.199951171875,106.64637756347656,26743.5,360.36105085126496,6794.330078125,1.180163860321045,1196.199951171875,107.60774319145763,26769.16015625,354.0546895133611,6496.35986328125,1.1735711097717285,1196.199951171875,105.94635321832345,26680.369140625,357.2949173795041,6513.8701171875,1.1776067018508911,1196.199951171875,106.40370046327237,26726.25,7144000.0,6531940000,0.0,0.0,71229700.0,657620000.0
2018-09-22,,6721.97998046875,,,,,,6814.56005859375,,,,,,6616.7998046875,,,,,,6735.0498046875,,,,,,4509660000,,,,
2018-09-23,,6710.6298828125,,,,,,6766.14990234375,,,,,,6679.419921875,,,,,,6715.31982421875,,,,,,4197500000,,,,
2018-09-24,355.93115234375,6595.41015625,1.1751019954681396,1199.300048828125,107.029052734375,26562.05078125,359.70337501475774,6713.56005859375,1.1815024614334106,1199.300048828125,107.2437299979262,26709.939453125,355.2927766535415,6580.89990234375,1.172525405883789,1199.300048828125,104.74230941214928,26548.6796875,358.8425256769282,6704.77001953125,1.1751019954681396,1199.300048828125,105.49833341840869,26705.25,2800200.0,4177310000,0.0,0.0,27334500.0,254850000.0
2018-09-25,355.196044921875,6446.47021484375,1.175295352935791,1200.0,106.82372283935547,26492.2109375,358.3201803502227,6603.64013671875,1.1792453527450562,1202.800048828125,107.4304120896579,26634.849609375,354.8575083645458,6381.85986328125,1.1732544898986816,1200.0,106.17036956734765,26475.580078125,356.9853976209154,6603.64013671875,1.1753228902816772,1202.0999755859375,107.15040659637596,26601.580078125,2969200.0,4726180000,0.0,21.0,22668000.0,234110000.0
2018-09-26,353.068115234375,6495.0,1.1763184070587158,1194.0,106.38501739501953,26385.279296875,356.4824373995501,6585.91015625,1.1776995658874512,1194.0,107.39304686112102,26606.08984375,352.38138990846966,6397.89013671875,1.1728966236114502,1194.0,106.16100451720621,26349.33984375,355.45717552678,6452.7900390625,1.1766090393066406,1194.0,106.8423645587795,26536.859375,2368600.0,4437300000,0.0,17857.0,19352000.0,262620000.0
2018-09-27,355.35076904296875,6676.75,1.1748534440994263,1182.300048828125,106.786376953125,26439.9296875,356.8789799935832,6712.10009765625,1.1759172677993774,1197.300048828125,107.25305981972336,26557.009765625,352.4587302523181,6464.9501953125,1.1664528846740723,1180.5,106.59036388266011,26379.94921875,356.32765161517017,6495.2900390625,1.1747153997421265,1194.5999755859375,107.13171771695792,26418.26953125,2355900.0,4606810000,0.0,4947.0,19091300.0,226350000.0
2018-09-28,359.71295166015625,6644.1298828125,1.1637378931045532,1191.5,106.7490463256836,26458.310546875,361.9569330964673,6785.02978515625,1.1653001308441162,1191.9000244140625,106.9357166324091,26515.759765625,354.2190905030032,6598.31982421875,1.1570591926574707,1180.0,106.10502166175387,26383.5703125,356.55011912638753,6678.75,1.1636837720870972,1181.699951171875,106.58104020122435,26407.66015625,3600500.0,5014430000,0.0,404.0,21647800.0,264030000.0
2018-09-29,,6601.9599609375,,,,,,6643.10009765625,,,,,,6511.64990234375,,,,,,6643.10009765625,,,,,,4363690000,,,,
2018-09-30,,6625.56005859375,,,,,,6643.77978515625,,,,,,6566.5400390625,,,,,,6604.7099609375,,,,,,4002280000,,,,
2018-10-01,369.7624816894531,6589.6201171875,1.1605371236801147,1187.0999755859375,107.90641784667969,26651.2109375,370.6523170405418,6653.2998046875,1.1621285676956177,1191.5999755859375,107.97175316610678,26737.98046875,362.7113644986912,6549.080078125,1.156510591506958,1185.800048828125,107.08505852802273,26596.05078125,362.8661248896471,6619.85009765625,1.160496711730957,1191.5999755859375,107.10372271028086,26598.359375,4755700.0,4000970000,0.0,180.0,18883100.0,238320000.0
2018-10-02,373.70880126953125,6556.10009765625,1.157755732536316,1202.4000244140625,107.47705841064453,26773.939453125,375.88506964824273,6611.83984375,1.1582117080688477,1206.0,108.12107588116935,26824.779296875,367.32507478847174,6537.89990234375,1.1506686210632324,1190.300048828125,106.81436963893641,26627.66015625,368.36970014006954,6593.240234375,1.157755732536316,1193.0,107.61706468545947,26648.91015625,4622600.0,3979260000,0.0,451.0,20787200.0,258290000.0
2018-10-03,379.4444885253906,6502.58984375,1.1551746129989624,1198.300048828125,107.4957275390625,26828.390625,381.3596154164432,6571.4599609375,1.159326195716858,1202.5999755859375,108.43842890379497,26951.810546875,374.0183399437038,6454.02978515625,1.1516358852386475,1196.5999755859375,107.27172176165611,26789.080078125,376.1559109439867,6553.85986328125,1.155041217803955,1202.5999755859375,107.72906896749026,26833.470703125,4794300.0,3887310000,0.0,76.0,16648000.0,280130000.0
2018-10-04,377.21014404296875,6576.68994140625,1.147631287574768,1197.199951171875,105.27433776855469,26627.48046875,378.2741033012715,6603.31005859375,1.153599500656128,1204.5999755859375,107.11306967944533,26793.8203125,372.6641792375324,6497.91015625,1.1464602947235107,1197.199951171875,104.19162993677514,26471.609375,377.935566784876,6497.91015625,1.147736668586731,1199.300048828125,106.97306337416123,26784.080078125,3822300.0,3838410000,0.0,496.0,34821700.0,289600000.0
2018-10-05,373.8055114746094,6622.47998046875,1.1518083810806274,1201.199951171875,104.6583023071289,26447.05078125,379.5315280872858,6623.6201171875,1.1542545557022095,1205.300048828125,105.62900357247327,26676.16015625,370.47823673653875,6557.41015625,1.1487782001495361,1196.9000244140625,103.26758928935423,26301.810546875,376.25260305930686,6574.14990234375,1.1517553329467773,1197.0999755859375,105.1249851969474,26632.76953125,2899700.0,3671500000,0.0,34.0,29068900.0,267100000.0
2018-10-06,,6588.31005859375,,,,,,6628.5400390625,,,,,,6577.7998046875,,,,,,6622.4501953125,,,,,,3259740000,,,,
2018-10-07,,6602.9501953125,,,,,,6641.490234375,,,,,,6557.0400390625,,,,,,6590.68017578125,,,,,,3306630000,,,,
2018-10-08,373.12847900390625,6652.22998046875,1.1522595882415771,1184.4000244140625,103.46359252929688,26486.779296875,374.0570414858749,6675.06005859375,1.1531364917755127,1201.0,104.56496440516258,26529.349609375,364.98441516799664,6576.0400390625,1.146092414855957,1183.699951171875,102.05420824520246,26223.08984375,371.2617313249482,6600.18994140625,1.1523923873901367,1201.0,104.21962363322334,26399.44921875,3324000.0,3979460000,0.0,250.0,29640600.0,273020000.0
2018-10-09,372.8092956542969,6642.64013671875,1.1494120359420776,1187.199951171875,104.7796401977539,26430.5703125,374.14407835744674,6661.41015625,1.150483250617981,1189.0999755859375,105.54499982140405,26539.939453125,368.65021665298735,6606.93994140625,1.1433275938034058,1185.5999755859375,103.41692706886538,26324.16015625,371.774352020112,6653.080078125,1.1494648456573486,1185.5999755859375,103.734268003079,26469.189453125,2862700.0,3580810000,0.0,9.0,26198600.0,282560000.0
2018-10-10,355.42816162109375,6585.52978515625,1.1506949663162231,1189.300048828125,99.08611297607422,25598.740234375,371.2230213032356,6640.2900390625,1.1541999578475952,1192.0,104.07028274034964,26487.869140625,355.06060934075407,6538.9599609375,1.1480661630630493,1189.300048828125,98.74076507964823,25567.099609375,370.4105512971042,6640.2900390625,1.1504037380218506,1189.300048828125,103.82760564769852,26441.73046875,6033100.0,3787650000,0.0,1078.0,61376300.0,438200000.0
2018-10-11,346.3748779296875,6256.240234375,1.1533360481262207,1223.5,98.85279083251953,25052.830078125,357.73018334195535,6586.740234375,1.1597565412521362,1224.5999755859375,101.6715528582899,25683.640625,343.46353438368277,6243.740234375,1.1532163619995117,1196.300048828125,97.25672879717666,24899.76953125,351.53023269323967,6586.740234375,1.1532163619995117,1198.0999755859375,98.33010106007893,25518.390625,6266800.0,5181640000,0.0,126.0,63904300.0,522880000.0
2018-10-12,348.3093566894531,6274.580078125,1.1590440273284912,1218.0999755859375,102.2688980102539,25339.990234375,355.089651852521,6328.5,1.1609547138214111,1221.5999755859375,103.82761730287837,25467.55078125,340.7166209765112,6236.47021484375,1.1536953449249268,1216.0,99.98215447896732,25000.830078125,354.01604017979827,6239.25,1.1590440273284912,1221.5999755859375,101.74621540219216,25407.630859375,5509700.0,3783500000,0.0,122.0,47742100.0,397510000.0
2018-10-13,,6285.990234375,,,,,,6308.509765625,,,,,,6259.81005859375,,,,,,6278.080078125,,,,,,3064030000,,,,
2018-10-14,,6290.93017578125,,,,,,6363.2099609375,,,,,,6280.14990234375,,,,,,6288.490234375,,,,,,3085320000,,,,
2018-10-15,347.1196594238281,6596.5400390625,1.1551345586776733,1226.4000244140625,100.4301528930664,25250.55078125,350.6693785514811,6965.06005859375,1.1605640649795532,1232.300048828125,102.18488505382922,25482.419921875,343.85041586662334,6258.68017578125,1.1543611288070679,1222.4000244140625,99.82346373367534,25243.880859375,347.6806400822545,6292.64013671875,1.1550945043563843,1222.4000244140625,101.65286686319732,25332.4609375,2979800.0,7370770000,0.0,136.0,32068100.0,287320000.0
2018-10-16,356.1826171875,6596.10986328125,1.1583458185195923,1227.300048828125,103.60359954833984,25798.419921875,356.49213801916164,6673.58984375,1.1620069742202759,1230.5,103.98628292872301,25817.6796875,346.80046991078285,6571.3701171875,1.156711220741272,1227.0999755859375,101.69019688845523,25351.529296875,348.63823140031695,6601.41015625,1.1583324670791626,1227.0999755859375,102.24088639078445,25351.529296875,2822500.0,4074800000,0.0,426.0,31610200.0,305800000.0
2018-10-17,353.522705078125,6544.43017578125,1.1575279235839844,1223.699951171875,103.33293914794922,25706.6796875,356.4243962278771,6601.2099609375,1.1582117080688477,1225.9000244140625,104.35964022580275,25810.08984375,350.8144718120346,6517.4501953125,1.1521799564361572,1223.699951171875,102.2502383941634,25479.16015625,355.94078103625174,6590.52001953125,1.15763521194458,1225.9000244140625,104.23830522094389,25705.869140625,2238200.0,4088420000,0.0,1.0,26548200.0,298210000.0
2018-10-18,347.57421875,6476.7099609375,1.1500862836837769,1226.5,101.27020263671875,25379.44921875,355.70862922138946,6567.5400390625,1.1527377367019653,1226.5,103.16493432088176,25691.4609375,345.0690957823706,6450.0400390625,1.1482902765274048,1226.5,100.64484917740702,25236.009765625,352.8649697408314,6542.330078125,1.1500862836837769,1226.5,102.76358668918589,25645.560546875,3254900.0,3924080000,0.0,165.0,32506200.0,328020000.0
2018-10-19,344.58551025390625,6465.41015625,1.1460003852844238,1225.300048828125,101.41950988769531,25444.33984375,348.0771978143362,6493.68017578125,1.151450276374817,1225.300048828125,103.47291136685386,25608.7109375,342.6026702319954,6445.31005859375,1.1433666944503784,1225.300048828125,100.99949109353942,25350.01953125,348.0094846024231,6478.06982421875,1.145514726638794,1225.300048828125,101.67151546737732,25421.08984375,3491600.0,3578870000,0.0,55.0,32785500.0,350810000.0
2018-10-20,,6489.18994140625,,,,,,6497.72021484375,,,,,,6449.0,,,,,,6460.919921875,,,,,,3379130000,,,,
2018-10-21,,6482.35009765625,,,,,,6556.3798828125,,,,,,6476.0,,,,,,6490.08984375,,,,,,3253610000,,,,
2018-10-22,344.3146667480469,6487.16015625,1.1509466171264648,1221.199951171875,102.32488250732422,25317.41015625,347.0035659101134,6543.7998046875,1.1551998853683472,1224.5,103.1742487404669,25561.33984375,340.90999706310913,6462.97998046875,1.1462368965148926,1219.5999755859375,101.02750471115179,25236.05078125,346.12338275940635,6486.0498046875,1.1511188745498657,1224.5,102.03554140949186,25492.140625,2263500.0,3672860000,0.0,18.0,26545600.0,314940000.0
2018-10-23,338.5790100097656,6475.740234375,1.1467890739440918,1233.4000244140625,100.89685821533203,25191.4296875,341.9739983628942,6506.009765625,1.1489763259887695,1237.800048828125,101.70888915897585,25307.69921875,331.59560492243065,6451.27001953125,1.1439945697784424,1224.800048828125,98.10609600642115,24768.7890625,338.04704506488764,6472.35986328125,1.1464734077453613,1224.800048828125,100.58884574143087,25038.4609375,4389600.0,3716150000,0.0,33.0,43770400.0,436430000.0
2018-10-24,343.0282287597656,6495.83984375,1.147315263748169,1227.800048828125,95.50198364257812,24583.419921875,352.65218229777753,6521.990234375,1.1475785970687866,1231.5999755859375,101.26084863439614,25306.23046875,340.16523526349096,6468.85986328125,1.138407588005066,1227.800048828125,94.82062350906725,24533.189453125,349.7408095747505,6478.89013671875,1.1472625732421875,1231.5999755859375,101.18618478606507,25172.880859375,8442600.0,3424670000,0.0,36.0,63897800.0,496400000.0
2018-10-25,351.8493957519531,6476.2900390625,1.1399258375167847,1229.0999755859375,101.0835189819336,24984.55078125,352.4491034011039,6504.64990234375,1.143079161643982,1238.5999755859375,101.98887782622225,25104.2890625,343.3377799477581,6447.02978515625,1.1366219520568848,1229.0999755859375,99.07678108785892,24645.560546875,345.5914138161942,6484.64990234375,1.1398738622665405,1238.5999755859375,99.45012883203819,24736.5390625,4003500.0,3230550000,0.0,7.0,61646800.0,439670000.0
2018-10-26,347.4968566894531,6474.75,1.1377859115600586,1232.5,99.83281707763672,24688.310546875,351.39479403766484,6498.2900390625,1.139847993850708,1234.800048828125,101.50354291438165,24916.16015625,342.51562601134583,6449.60986328125,1.133619785308838,1232.5,97.7794149199594,24445.189453125,348.88001860077685,6468.43994140625,1.1375141143798828,1234.300048828125,98.6474455028265,24770.25,4073000.0,3306050000,0.0,20.0,55523100.0,505310000.0
2018-10-27,,6480.3798828125,,,,,,6507.41015625,,,,,,6453.52978515625,,,,,,6480.83984375,,,,,,3393250000,,,,
2018-10-28,,6486.39013671875,,,,,,6502.27978515625,,,,,,6447.91015625,,,,,,6482.66015625,,,,,,3445190000,,,,
2018-10-29,324.5928039550781,6332.6298828125,1.1398738622665405,1224.5,96.93003845214844,24442.919921875,349.8568539771305,6503.60009765625,1.1415785551071167,1224.5,101.4568612301629,25040.580078125,317.8608895161491,6306.990234375,1.1364411115646362,1224.5,94.85796520372953,24122.23046875,348.7348633177214,6492.35009765625,1.1398738622665405,1224.5,100.90617881746536,24818.98046875,7462000.0,4199910000,0.0,214.0,55162000.0,443850000.0
2018-10-30,338.443603515625,6334.27001953125,1.137617588043213,1222.5999755859375,96.81804656982422,24874.640625,339.5462308574007,6364.990234375,1.1387057304382324,1227.699951171875,97.42472869942351,24906.6796875,318.9635684747955,6310.14013671875,1.1347389221191406,1219.800048828125,93.43925949608366,24415.689453125,319.52457865436423,6337.0400390625,1.1375141143798828,1227.699951171875,96.75271124258968,24482.0390625,5774000.0,3781100000,0.0,72.0,65350900.0,470050000.0
2018-10-31,343.2314147949219,6317.60986328125,1.1346358060836792,1212.300048828125,99.69281005859375,25115.759765625,351.50125361133314,6349.16015625,1.1360150575637817,1216.5999755859375,100.93418842158997,25336.55078125,340.958446643002,6316.8798828125,1.1311705112457275,1212.0,98.36743218221511,25008.8203125,340.958446643002,6336.990234375,1.1345844268798828,1216.0,98.41410332588318,25008.8203125,4175600.0,4191240000,0.0,121.0,51062400.0,448930000.0
2018-11-01,351.17236328125,6377.77978515625,1.1316697597503662,1236.0,98.86210632324219,25380.740234375,352.6232089426805,6547.14013671875,1.1413179636001587,1236.0,100.16881990044013,25396.470703125,341.62580355184235,6311.830078125,1.1313753128051758,1215.4000244140625,98.49809422173209,25108.109375,345.75586690840345,6318.14013671875,1.1313880681991577,1215.4000244140625,99.91681426132395,25142.080078125,3760700.0,3789400000,0.0,14.0,33384200.0,383970000.0
2018-11-02,346.02667236328125,6388.43994140625,1.1403288841247559,1230.9000244140625,99.08611297607422,25270.830078125,359.3647877194253,6396.85986328125,1.1455409526824951,1233.300048828125,100.1688135599515,25578.98046875,345.0691237218475,6327.3798828125,1.1375658512115479,1230.9000244140625,97.98474108913841,25078.720703125,354.9445377485651,6378.919921875,1.1402769088745117,1233.300048828125,99.38478973586957,25443.599609375,4029800.0,4234870000,0.0,18.0,37680200.0,429480000.0
2018-11-03,,6361.259765625,,,,,,6400.06982421875,,,,,,6342.3701171875,,,,,,6387.240234375,,,,,,3658640000,,,,
2018-11-04,,6376.1298828125,,,,,,6388.6298828125,,,,,,6294.56982421875,,,,,,6365.47021484375,,,,,,4390020000,,,,
2018-11-05,350.1180419921875,6419.66015625,1.1397570371627808,1229.800048828125,100.3461685180664,25461.69921875,351.38511135046406,6480.58984375,1.1406410932540894,1231.5,100.56083868433453,25507.349609375,344.79827523017764,6363.6201171875,1.135524868965149,1226.699951171875,98.84344887012323,25261.470703125,347.97078950027515,6363.6201171875,1.1397050619125366,1230.5999755859375,99.28213197643188,25261.470703125,2253900.0,4174800000,0.0,15.0,27922100.0,334740000.0
2018-11-06,354.4609069824219,6461.009765625,1.141291856765747,1223.800048828125,100.5421371459961,25635.009765625,356.3663519495977,6463.5498046875,1.1438113451004028,1233.800048828125,101.58750199374053,25651.859375,350.24376731400304,6408.16015625,1.1393284797668457,1223.800048828125,99.19808848916587,25444.900390625,350.53395412905894,6433.3798828125,1.140862226486206,1230.699951171875,100.22478915934943,25452.830078125,2471900.0,4700040000,0.0,4.0,24340200.0,265450000.0
2018-11-07,359.82904052734375,6530.14013671875,1.1438506841659546,1226.199951171875,104.4996337890625,26180.30078125,360.6318582841305,6552.16015625,1.149993658065796,1228.5999755859375,104.76097507288863,26200.140625,347.7193266215222,6468.31005859375,1.1400558948516846,1226.199951171875,102.11021962720545,25765.880859375,355.5925961966099,6468.5,1.144099235534668,1228.5999755859375,102.14755511361145,25788.4609375,4015300.0,4941260000,0.0,1.0,37901700.0,361780000.0
2018-11-08,360.27606201171875,6453.72021484375,1.1434059143066406,1222.9000244140625,104.30363464355469,26191.220703125,363.1231565689527,6536.919921875,1.144426703453064,1222.9000244140625,104.73298208376234,26277.8203125,355.2038028234975,6438.52978515625,1.1405109167099,1222.9000244140625,103.51961074083192,26081.900390625,358.87681605263447,6522.27001953125,1.1433275938034058,1222.9000244140625,104.35030578486662,26139.58984375,2751800.0,4665260000,0.0,2.0,25644100.0,295650000.0
2018-11-09,358.8865051269531,6385.6201171875,1.1368415355682373,1206.4000244140625,102.2688980102539,25989.30078125,360.49952542992446,6456.4599609375,1.1369191408157349,1207.9000244140625,104.02362328090153,26161.490234375,355.75764013518153,6373.3701171875,1.132502794265747,1206.4000244140625,101.51287393487654,25882.91015625,357.4192334183214,6442.60009765625,1.1368545293807983,1207.9000244140625,103.4636051835473,26149.109375,2590300.0,4346820000,0.0,14.0,32039200.0,324450000.0
2018-11-10,,6409.22021484375,,,,,,6437.27978515625,,,,,,6385.31005859375,,,,,,6386.1298828125,,,,,,3705320000,,,,
2018-11-11,,6411.27001953125,,,,,,6423.25,,,,,,6350.169921875,,,,,,6413.6298828125,,,,,,3939060000,,,,
2018-11-12,346.9249267578125,6371.27001953125,1.132502794265747,1201.300048828125,99.74879455566406,25387.1796875,359.9942613116869,6434.2099609375,1.1332728862762451,1201.5999755859375,102.63289113996835,25966.7109375,345.9143537261117,6360.47021484375,1.1241639852523804,1201.300048828125,99.03009898153911,25340.509765625,359.7318841825314,6411.759765625,1.1324771642684937,1201.5999755859375,102.12887280930043,25959.330078125,3088700.0,4295770000,0.0,1.0,33621800.0,346910000.0
2018-11-13,339.6177673339844,6359.490234375,1.1233429908752441,1199.199951171875,99.81412506103516,25286.490234375,345.32162296117355,6395.27001953125,1.1291906833648682,1201.300048828125,101.49417896130976,25511.029296875,332.3591908535609,6342.669921875,1.1223218441009521,1196.300048828125,99.53411251714866,25193.779296875,339.6566138562857,6373.18994140625,1.1224100589752197,1196.300048828125,100.38347867819353,25321.2109375,4960000.0,4503800000,0.0,5.0,35374600.0,339690000.0
2018-11-14,334.9633483886719,5738.35009765625,1.1311193704605103,1207.9000244140625,98.39866638183594,25080.5,345.77833936664604,6371.5498046875,1.1339668035507202,1207.9000244140625,101.48270657158741,25501.2890625,334.1568530290199,5544.08984375,1.126481294631958,1207.9000244140625,97.92996739528002,24935.8203125,342.1247496224829,6351.240234375,1.1316057443618774,1207.9000244140625,101.33271946303562,25388.080078125,3445800.0,7398940000,0.0,0.0,39495100.0,384240000.0
2018-11-15,331.9024658203125,5648.02978515625,1.131183385848999,1212.800048828125,100.5640640258789,25289.26953125,338.1310455426296,5774.81982421875,1.1351124048233032,1212.800048828125,101.05151502834465,25354.560546875,326.98568264049453,5358.3798828125,1.1274974346160889,1212.800048828125,97.40503710018935,24787.7890625,331.4651904215356,5736.14990234375,1.1313625574111938,1212.800048828125,98.41742158265718,25061.48046875,4863000.0,7032140000,0.0,0.0,38505200.0,392750000.0
2018-11-16,326.4415588378906,5575.5498046875,1.1324899196624756,1220.800048828125,101.51082611083984,25413.220703125,330.5615438692168,5657.02001953125,1.141422152519226,1223.800048828125,102.06388747528074,25510.23046875,321.78712276277747,5498.93994140625,1.1322592496871948,1216.699951171875,100.11410515067828,25147.80078125,329.4052222800568,5645.31982421875,1.13252854347229,1216.699951171875,100.37657543561829,25242.349609375,4425200.0,5279320000,0.0,5.0,33502100.0,354460000.0
2018-11-17,,5554.330078125,,,,,,5578.580078125,,,,,,5519.56005859375,,,,,,5578.580078125,,,,,,4303150000,,,,
2018-11-18,,5623.5400390625,,,,,,5653.60986328125,,,,,,5559.740234375,,,,,,5559.740234375,,,,,,4159680000,,,,
2018-11-19,311.85638427734375,4871.490234375,1.141396164894104,1223.0999755859375,98.0705795288086,25017.439453125,326.5290124015612,5620.77978515625,1.1462894678115845,1223.0999755859375,101.76392271759103,25392.609375,308.22224760739806,4842.91015625,1.1394453048706055,1223.0999755859375,97.06756397334888,24900.98046875,326.05286078829243,5620.77978515625,1.1412137746810913,1223.0999755859375,101.4920764443832,25392.609375,6782800.0,7039560000,0.0,0.0,44773900.0,358090000.0
2018-11-20,308.70806884765625,4451.8701171875,1.1455016136169434,1219.0,95.34274291992188,24465.640625,313.0612513023103,4951.60986328125,1.1472758054733276,1228.800048828125,96.52386631815729,24707.259765625,288.21495832723787,4272.10986328125,1.1387057304382324,1219.0,93.13048322560478,24368.98046875,293.54959364089524,4863.93017578125,1.1454753875732422,1225.300048828125,95.42711245282803,24618.6796875,6875900.0,8428290000,0.0,12.0,64052500.0,445920000.0
2018-11-21,308.3388366699219,4602.169921875,1.1372424364089966,1225.800048828125,96.65509796142578,24464.689453125,317.63798219230705,4675.72998046875,1.1422044038772583,1225.800048828125,97.89246290233412,24669.7890625,306.63836726453377,4343.97998046875,1.1366348266601562,1225.800048828125,95.83955921445816,24463.279296875,315.86948689378346,4465.5400390625,1.137268304824829,1225.800048828125,97.114420929549,24541.650390625,4401000.0,6120120000,0.0,0.0,28130600.0,289370000.0
2018-11-22,,4365.93994140625,1.1388354301452637,,,,,4629.64013671875,1.1434059143066406,,,,,4365.64013671875,1.1386280059814453,,,,,4611.56982421875,1.1388872861862183,,,,,4569370000,0.0,,,
2018-11-23,303.4803466796875,4347.10986328125,1.1403158903121948,1221.0,96.61760711669922,24285.94921875,308.02788051164623,4396.419921875,1.1419435739517212,1224.800048828125,97.31127960220007,24408.80078125,303.0430712653777,4195.68017578125,1.1332343816757202,1221.0,95.61459158904219,24268.740234375,306.0844869437494,4360.7001953125,1.1402637958526611,1224.800048828125,95.77394752526367,24336.400390625,1599400.0,4871490000,0.0,1.0,13823100.0,155940000.0
2018-11-24,,3880.760009765625,,,,,,4413.08984375,,,,,,3795.159912109375,,,,,,4347.68994140625,,,,,,4679500000,,,,
2018-11-25,,4009.969970703125,,,,,,4120.8701171875,,,,,,3585.06005859375,,,,,,3880.780029296875,,,,,,6825640000,,,,
2018-11-26,307.4059753417969,3779.1298828125,1.1337354183197021,1220.199951171875,99.80476379394531,24640.240234375,309.572869810177,4107.14013671875,1.1383557319641113,1222.0,99.95474375139806,24673.2890625,301.8673215555744,3643.919921875,1.132733702659607,1220.199951171875,98.03308218887473,24364.130859375,306.62862978880037,4015.070068359375,1.1338896751403809,1220.199951171875,98.22993490590713,24364.130859375,3362300.0,6476900000,0.0,2.0,32336200.0,306280000.0
2018-11-27,309.02874755859375,3820.719970703125,1.1333370208740234,1211.199951171875,100.43282318115234,24748.73046875,309.54374570217254,3862.9599609375,1.1344943046569824,1222.0,100.61093109332754,24750.73046875,302.1588437224163,3661.010009765625,1.1279425621032715,1211.199951171875,98.76425585165633,24416.029296875,306.3565812250779,3765.949951171875,1.1334270238876343,1221.9000244140625,99.617284330001,24557.01953125,2946400.0,5998720000,0.0,5.0,29124500.0,308250000.0
2018-11-28,324.06085205078125,4257.419921875,1.1298797130584717,1221.4000244140625,104.16366577148438,25366.4296875,324.5564268609841,4385.89990234375,1.130799651145935,1221.4000244140625,104.36051848842692,25368.9296875,312.6239924753724,3822.469970703125,1.1267732381820679,1211.5,101.10774636418324,24832.83984375,316.50105285026257,3822.469970703125,1.129713773727417,1211.5,101.1358671592066,24832.83984375,6117600.0,7280280000,0.0,247168.0,46788500.0,362160000.0
2018-11-29,332.8644714355469,4278.8466796875,1.1368545293807983,1224.0999755859375,103.29190826416016,25338.83984375,333.5155213744393,4413.0205078125,1.1401468515396118,1228.699951171875,104.16368886203189,25479.0390625,324.60504818891343,4145.76513671875,1.1349579095840454,1220.5,102.20452293701665,25202.7890625,326.46099273573475,4269.00439453125,1.1366606950759888,1221.0,103.42314343788016,25343.650390625,5331900.0,6503347767,0.0,55478.0,28123200.0,305110000.0
2018-11-30,336.94561767578125,4017.2685546875,1.1392766237258911,1220.199951171875,103.94806671142578,25538.4609375,337.7423865759208,4322.9765625,1.1401208639144897,1225.0,104.023060270063,25549.7109375,327.9476951290863,3942.822021484375,1.1314777135849,1216.0999755859375,102.51384887344103,25250.970703125,332.2620316239802,4289.0888671875,1.1392766237258911,1224.0999755859375,103.76995879760723,25307.140625,5374000.0,6048016717,0.0,2060.0,33665600.0,482250000.0
2018-12-01,,4214.671875,,,,,,4309.37744140625,,,,,,3969.710693359375,,,,,,4024.46435546875,,,,,,5375314093,,,,
2018-12-02,,4139.8779296875,,,,,,4301.51953125,,,,,,4110.978515625,,,,,,4200.7333984375,,,,,,5262697895,,,,
2018-12-03,349.77197265625,3894.130859375,1.1342240571975708,1233.9000244140625,105.07293701171875,25826.4296875,358.55612005220104,4155.9794921875,1.1380059719085693,1234.0999755859375,106.31967805182565,25980.2109375,346.2835846944189,3840.4462890625,1.132169485092163,1221.300048828125,103.79808232804372,25670.509765625,353.99885967706285,4147.32373046875,1.1341854333877563,1222.5,105.92597261340634,25779.5703125,6573400.0,5089570994,0.0,751.0,34732800.0,388480000.0
2018-12-04,332.80615234375,3956.893798828125,1.135486125946045,1241.0999755859375,101.72642517089844,25027.0703125,348.17840276016807,4075.627685546875,1.14177405834198,1241.4000244140625,105.58850740522232,25773.119140625,332.0676532901987,3832.75,1.1343270540237427,1230.4000244140625,101.4358340870158,25008.109375,346.8957558736314,3886.294921875,1.135589361190796,1231.0,104.93233168297799,25752.560546875,5199100.0,5028069239,0.0,474.0,45197000.0,418900000.0
2018-12-05,,3753.994873046875,1.1342884302139282,,,,,3969.535888671875,1.1360280513763428,,,,,3753.994873046875,1.1315033435821533,,,,,3958.894775390625,1.1343655586242676,,,,,5302481574,0.0,,,
2018-12-06,322.5061340332031,3521.101806640625,1.13490629196167,1238.0999755859375,102.35449981689453,24947.669921875,324.1871800268637,3874.966064453125,1.1412267684936523,1244.4000244140625,102.40136543036381,24951.009765625,308.31935605219917,3521.101806640625,1.132336139678955,1234.800048828125,98.42679952810809,24242.220703125,320.6501897476233,3754.074462890625,1.1347260475158691,1237.5,99.19546567644689,24737.419921875,9297400.0,5878333109,0.0,434.0,49107400.0,471690000.0
2018-12-07,314.0718688964844,3419.937255859375,1.1374752521514893,1246.800048828125,98.25804901123047,24388.94921875,328.05457167570916,3512.59033203125,1.1410704851150513,1249.800048828125,102.59819877628212,25095.619140625,312.29367664156115,3280.228759765625,1.1361312866210938,1237.5999755859375,97.77060524297202,24284.779296875,322.94346621641927,3512.59033203125,1.137682318687439,1238.300048828125,101.59518329486507,24918.8203125,4526300.0,6835615448,0.0,211.0,45044900.0,398230000.0
2018-12-08,,3476.11474609375,,,,,,3506.04345703125,,,,,,3350.650634765625,,,,,,3421.910400390625,,,,,,5305024497,,,,
2018-12-09,,3614.234375,,,,,,3685.3056640625,,,,,,3469.09423828125,,,,,,3473.2275390625,,,,,,4947372847,,,,
2018-12-10,317.11328125,3502.656005859375,1.1400948762893677,1243.699951171875,100.85462951660156,24423.259765625,317.9392295249416,3647.33251953125,1.1445575952529907,1249.5999755859375,101.2202212514588,24500.810546875,306.58009067804664,3470.14453125,1.1362345218658447,1241.699951171875,97.38626039187743,23881.369140625,312.1770445163152,3612.04638671875,1.140380859375,1249.5999755859375,98.23929585358113,24360.94921875,4400500.0,5020968740,0.0,131.0,40801500.0,389690000.0
2018-12-11,312.9155578613281,3424.588134765625,1.1356538534164429,1241.9000244140625,101.79204559326172,24370.240234375,325.02289317758004,3513.18505859375,1.1399389505386353,1248.699951171875,104.00430544988359,24791.259765625,309.72839315090135,3392.25,1.1307612657546997,1241.5,100.71404361250224,24221.060546875,323.8179984863933,3497.5546875,1.135499119758606,1245.800048828125,102.92630346912411,24719.91015625,3566400.0,4696765188,0.0,117.0,42381900.0,342960000.0
2018-12-12,317.4436340332031,3486.9501953125,1.1323105096817017,1244.4000244140625,102.25139617919922,24527.26953125,322.50616612301985,3534.228515625,1.138044834136963,1245.5999755859375,104.30429335003195,24828.2890625,315.47109069007297,3413.4814453125,1.1316184997558594,1244.0999755859375,102.2138993934231,24509.08984375,318.11410720610365,3421.458251953125,1.1322848796844482,1245.300048828125,103.9480846128298,24509.08984375,3424800.0,4139364829,0.0,84.0,36183000.0,344330000.0
2018-12-13,316.2581787109375,3313.67724609375,1.1373459100723267,1242.699951171875,102.59822082519531,24597.380859375,319.4356167727863,3489.739501953125,1.139250636100769,1243.5,103.92933158383721,24740.9609375,314.994984652472,3298.132080078125,1.1333627700805664,1241.0,101.82955465697282,24473.2890625,319.1052433983236,3487.87939453125,1.137268304824829,1243.5,102.72008715728354,24575.859375,2247700.0,4343372456,0.0,194.0,31333400.0,299970000.0
2018-12-14,309.72833251953125,3242.48486328125,1.1363636255264282,1237.0,99.39230346679688,24100.509765625,314.74229120207184,3329.555908203125,1.1366219520568848,1241.699951171875,102.4201019912443,24431.140625,306.6286175802058,3206.542236328125,1.1270780563354492,1234.0999755859375,98.89548369771853,24033.7890625,313.32362228011385,3311.751953125,1.1363248825073242,1241.699951171875,101.47332805950741,24408.0390625,3298400.0,4372763663,0.0,33.0,47043100.0,416940000.0
2018-12-15,,3236.76171875,,,,,,3275.3779296875,,,,,,3191.303466796875,,,,,,3243.99755859375,,,,,,3551763561,,,,
2018-12-16,,3252.839111328125,,,,,,3305.753173828125,,,,,,3233.81982421875,,,,,,3236.274658203125,,,,,,3744248994,,,,
2018-12-17,307.1825256347656,3545.86474609375,1.1305949687957764,1247.4000244140625,96.44888305664062,23592.98046875,317.95863999194717,3597.91796875,1.1353960037231445,1247.4000244140625,99.17671476590411,24088.080078125,305.5403556089481,3253.123046875,1.1304799318313599,1239.300048828125,95.34275309147561,23456.880859375,307.94044798100185,3253.123046875,1.130671739578247,1239.300048828125,98.81113010512561,23986.830078125,4968400.0,5409247918,0.0,10.0,56957300.0,466740000.0
2018-12-18,318.7748718261719,3696.05908203125,1.1349835395812988,1249.199951171875,97.46125030517578,23675.640625,322.69080901415697,3701.349365234375,1.1403002738952637,1249.199951171875,97.96744597484319,23927.76953125,314.05243928623776,3487.169189453125,1.133863925933838,1245.5999755859375,96.10201920557508,23516.01953125,316.248454041122,3544.761474609375,1.1349965333938599,1248.199951171875,97.25502164511377,23769.130859375,5881100.0,5911325473,0.0,31.0,49319200.0,408070000.0
2018-12-19,310.5057067871094,3745.95068359375,1.1375399827957153,1252.0999755859375,97.19879913330078,23323.66015625,324.0414660186735,3949.322998046875,1.1439684629440308,1255.800048828125,100.18909383547529,24057.33984375,307.15337055237836,3687.22998046875,1.1375658512115479,1252.0999755859375,95.00528413443864,23162.640625,320.0089004949749,3706.824951171875,1.1375658512115479,1255.800048828125,97.16130235577214,23693.330078125,4871500.0,6810689119,0.0,268.0,68198200.0,503550000.0
2018-12-20,304.1896667480469,4134.44140625,1.1389521360397339,1263.5999755859375,95.15528106689453,22859.599609375,312.7114665327799,4191.228515625,1.1484880447387695,1263.5999755859375,97.77999139882252,23282.19921875,299.282609844276,3728.974609375,1.1378376483917236,1243.199951171875,92.59618116269047,22644.310546875,308.0278809111542,3742.195068359375,1.138783574104309,1243.199951171875,96.59887496775582,23224.119140625,5368600.0,8927129279,0.0,49.0,70334200.0,576700000.0
2018-12-21,295.9302673339844,3896.543701171875,1.1456853151321411,1253.800048828125,92.08060455322266,22445.369140625,306.0553616793808,4198.4296875,1.147446870803833,1261.300048828125,96.55198966571635,23254.58984375,295.4055723794899,3850.9462890625,1.138783574104309,1253.800048828125,91.35880412062843,22396.33984375,300.34177938865116,4133.70361328125,1.1457772254943848,1260.300048828125,95.26775188872614,22871.740234375,7641700.0,7206015706,0.0,96.0,111242100.0,900510000.0
2018-12-22,,4014.1826171875,,,,,,4014.1826171875,,,,,,3855.739013671875,,,,,,3898.083740234375,,,,,,5605823233,,,,
2018-12-23,,3998.980224609375,,,,,,4085.7236328125,,,,,,3976.40576171875,,,,,,4020.99462890625,,,,,,6151275490,,,,
2018-12-24,285.8343200683594,4078.59912109375,1.1372811794281006,1267.5,88.23728942871094,21792.19921875,294.424115795824,4271.79248046875,1.143837571144104,1268.5,91.83690221268385,22339.869140625,285.8343200683594,4000.331787109375,1.137203574180603,1260.300048828125,88.09668542103206,21792.19921875,292.1406224983244,4000.331787109375,1.137203574180603,1260.300048828125,91.56505587820361,22317.279296875,3435300.0,7240968501,0.0,27.0,43935200.0,308420000.0
2018-12-25,,3815.49072265625,1.140393853187561,,,,,4089.5615234375,1.1422044038772583,,,,,3760.0205078125,1.1370097398757935,,,,,4081.030517578125,1.1405109167099,,,,,6158207293,0.0,,,
2018-12-26,305.0447998046875,3857.297607421875,1.1415525674819946,1269.199951171875,94.2647476196289,22878.44921875,305.2002748666915,3893.359619140625,1.1419435739517212,1277.4000244140625,94.3866139458537,22878.919921875,284.19219269496983,3769.86376953125,1.137617588043213,1269.199951171875,88.07792178870692,21712.529296875,290.1583962234626,3819.666748046875,1.1413440704345703,1269.300048828125,89.184051797249,21857.73046875,4843400.0,5326547918,0.0,63.0,51634800.0,433080000.0
2018-12-27,308.1639404296875,3654.83349609375,1.1361312866210938,1277.300048828125,94.84593963623047,23138.8203125,308.1639404296875,3874.4169921875,1.1434321403503418,1277.300048828125,94.85531561968854,23138.890625,293.6856342436136,3645.448486328125,1.1359118223190308,1276.699951171875,90.36517788178269,22267.419921875,300.2931903411787,3854.6884765625,1.1363636255264282,1276.699951171875,93.08363379044923,22629.060546875,4341100.0,5130222366,0.0,480.0,49498500.0,407940000.0
2018-12-28,307.4254150390625,3923.918701171875,1.143105387687683,1279.9000244140625,94.10538482666016,23062.400390625,312.42964724919153,3956.135986328125,1.147315263748169,1280.0999755859375,95.99893279525428,23381.880859375,306.2302173902269,3642.632080078125,1.1430922746658325,1273.5,93.28984599047011,22981.330078125,310.69030180588544,3653.1318359375,1.1430922746658325,1273.5,95.69895856897631,23213.609375,3725200.0,5631554348,0.0,805.0,38196300.0,336510000.0
2018-12-29,,3820.40869140625,,,,,,3963.7587890625,,,,,,3820.40869140625,,,,,,3932.49169921875,,,,,,4991655917,,,,
2018-12-30,,3865.95263671875,,,,,,3901.908935546875,,,,,,3797.21923828125,,,,,,3822.384765625,,,,,,4770578575,,,,
2018-12-31,313.3722229003906,3742.700439453125,1.1439945697784424,1278.300048828125,95.21150207519531,23327.4609375,314.47997150355303,3868.742919921875,1.1465917825698853,1281.300048828125,95.98954402948614,23333.1796875,309.72835984340935,3725.867431640625,1.14223051071167,1277.5999755859375,94.15224504888805,23118.30078125,311.4288292700006,3866.839111328125,1.1438899040222168,1278.0,94.94903181393533,23153.939453125,3557700.0,4661840806,0.0,19.0,33173800.0,288830000.0
2019-01-01,,3843.52001953125,1.1493064165115356,,,,,3850.913818359375,1.155001163482666,,,,,3707.231201171875,1.146499752998352,,,,,3746.71337890625,1.1494252681732178,,,,,4324200990,0.0,,,
2019-01-02,314.6451416015625,3943.409423828125,1.14617121219635,1281.0,94.7896728515625,23346.240234375,314.78119338877127,3947.981201171875,1.1497001647949219,1286.0,95.38023092045941,23413.470703125,304.8309978920488,3817.409423828125,1.1345715522766113,1277.5999755859375,92.74614525928399,22928.58984375,307.2408166556756,3849.21630859375,1.1461317539215088,1286.0,93.31795851802555,23058.609375,3292200.0,5244856836,0.0,149.0,35329300.0,321570000.0
2019-01-03,302.1005859375,3836.7412109375,1.1318106651306152,1291.800048828125,91.30257415771484,22686.220703125,310.6903837045958,3935.68505859375,1.1409143209457397,1292.0,93.91791565154783,23176.390625,300.6430404637065,3826.222900390625,1.131733775138855,1286.699951171875,91.1150902511904,22638.41015625,310.4474594589635,3931.048583984375,1.131733775138855,1286.800048828125,93.83354610566688,23176.390625,5705600.0,4530215219,0.0,10.0,42579100.0,424240000.0
2019-01-04,317.8225402832031,3857.717529296875,1.1391078233718872,1282.699951171875,95.5489730834961,23433.16015625,319.14406320145184,3865.9345703125,1.14177405834198,1294.199951171875,96.0926656095228,23518.640625,307.13387669435707,3783.853759765625,1.1348161697387695,1275.300048828125,92.73677924073857,22894.919921875,307.7266270951845,3832.0400390625,1.1390948295593262,1294.199951171875,93.47732447754484,22894.919921875,4448800.0,4847965467,0.0,34.0,44060600.0,396020000.0
2019-01-05,,3845.194580078125,,,,,,3904.903076171875,,,,,,3836.900146484375,,,,,,3851.973876953125,,,,,,5137609824,,,,
2019-01-06,,4076.632568359375,,,,,,4093.29736328125,,,,,,3826.51318359375,,,,,,3836.51904296875,,,,,,5597027440,,,,
2019-01-07,318.82342529296875,4025.248291015625,1.1410444974899292,1286.800048828125,95.67083740234375,23531.349609375,321.3304196626068,4092.613525390625,1.147446870803833,1286.800048828125,96.80508812188847,23687.740234375,314.19816865361446,4020.89404296875,1.1405240297317505,1286.5999755859375,94.65845299969683,23301.58984375,321.1652181576358,4078.5849609375,1.141291856765747,1286.800048828125,95.27713195954888,23474.259765625,4030300.0,5228625637,0.0,2.0,35656100.0,334200000.0
2019-01-08,330.89190673828125,4030.847900390625,1.1479737758636475,1283.199951171875,96.36450958251953,23787.44921875,331.59152961328897,4109.02099609375,1.1486331224441528,1283.199951171875,97.46126343870469,23864.650390625,323.2349312878725,3996.955322265625,1.1424654722213745,1278.199951171875,95.34274212500739,23581.44921875,324.6536002983097,4028.47216796875,1.1479343175888062,1280.5,96.58948308209578,23680.3203125,4736500.0,5306593305,0.0,54.0,31514400.0,317420000.0
2019-01-09,334.0985107421875,4035.29638671875,1.1456066370010376,1289.300048828125,97.74248504638672,23879.119140625,337.37315399527546,4068.403564453125,1.1540148258209229,1289.300048828125,98.31429839111784,24084.7109375,331.2222964049504,4022.662841796875,1.144164800643921,1279.199951171875,96.77696626318537,23703.16015625,333.2531392377907,4031.552001953125,1.1457247734069824,1279.4000244140625,97.35815559029315,23844.26953125,4213900.0,5115905225,0.0,102.0,32280800.0,324570000.0
2019-01-10,342.6300048828125,3678.924560546875,1.1554949283599854,1284.699951171875,97.11444091796875,24001.919921875,343.46567957633874,4064.066650390625,1.157139539718628,1284.699951171875,97.25505206214952,24014.779296875,333.2920125833411,3659.174560546875,1.151145339012146,1284.699951171875,95.97081410124231,23703.25,336.7026779447765,4034.411376953125,1.1555217504501343,1284.699951171875,96.7582322175867,23811.109375,5358100.0,6874143796,0.0,0.0,30067600.0,338150000.0
2019-01-11,342.91180419921875,3687.365478515625,1.151012897491455,1287.0999755859375,96.36450958251953,23995.94921875,344.3304732630758,3713.8818359375,1.1539002656936646,1291.199951171875,96.96444368257528,23996.3203125,338.2379448352681,3653.06982421875,1.1459741592407227,1286.300048828125,95.27712455630687,23798.16015625,338.69464352995385,3674.015380859375,1.1515165567398071,1291.199951171875,96.73009420124792,23940.009765625,3158900.0,5538712865,0.0,11.0,28314200.0,262650000.0
2019-01-12,,3661.301025390625,,,,,,3698.978271484375,,,,,,3653.810791015625,,,,,,3686.97314453125,,,,,,4778170883,,,,
2019-01-13,,3552.953125,,,,,,3674.760009765625,,,,,,3544.92724609375,,,,,,3658.8681640625,,,,,,4681302466,,,,
2019-01-14,340.44366455078125,3706.05224609375,1.146013617515564,1289.0999755859375,95.66148376464844,23909.83984375,342.8243334879572,3727.836181640625,1.148369312286377,1293.9000244140625,96.430149959138,23964.900390625,337.18850410919197,3552.28515625,1.1451605558395386,1289.0999755859375,94.92093837028477,23765.240234375,338.34482563252516,3557.31103515625,1.1462763547897339,1292.4000244140625,95.52087261223858,23880.529296875,2476400.0,5651384490,0.0,7.0,28437100.0,277560000.0
2019-01-15,342.2704772949219,3630.67529296875,1.1472889184951782,1286.199951171875,98.43617248535156,24065.58984375,343.3199264633185,3720.1533203125,1.1491611003875732,1292.699951171875,98.47366926604217,24099.140625,338.13106901954325,3619.94921875,1.1386150121688843,1286.199951171875,95.50211197438409,23887.9296875,342.03727954809307,3704.21630859375,1.147315263748169,1290.0999755859375,96.09267733053647,23914.109375,2940900.0,5537192302,0.0,3.0,31587600.0,291570000.0
2019-01-16,342.0956115722656,3655.0068359375,1.1416828632354736,1291.5999755859375,98.78298950195312,24207.16015625,344.95240285838565,3685.777099609375,1.14223051071167,1291.5999755859375,99.60790424257023,24288.609375,341.6097631175355,3624.67333984375,1.1378893852233887,1291.5999755859375,98.38928409490143,24119.720703125,342.523160584735,3631.509765625,1.141409158706665,1291.5999755859375,98.67050632952608,24139.91015625,2731100.0,5394457145,0.0,2.0,29853900.0,302830000.0
2019-01-17,348.92657470703125,3678.56396484375,1.1398088932037354,1291.0,99.47666931152344,24370.099609375,353.53240771127065,3680.135986328125,1.1407711505889893,1292.699951171875,99.95473709887888,24474.4609375,340.80320428994827,3621.9609375,1.1372424364089966,1288.5,98.20180757501853,24088.900390625,340.82262754914075,3651.87109375,1.1398999691009521,1291.5999755859375,98.42678107211395,24147.08984375,4270400.0,5464420383,0.0,10.0,28393000.0,288590000.0
2019-01-18,354.406982421875,3657.83935546875,1.13926362991333,1281.300048828125,100.96713256835938,24706.349609375,356.92367356037835,3682.52001953125,1.1410315036773682,1281.300048828125,101.14524046783798,24750.220703125,351.0934927952124,3637.080810546875,1.1354217529296875,1281.300048828125,99.27982054554838,24459.029296875,353.58103421604324,3677.990478515625,1.1391856670379639,1281.300048828125,100.73278308032073,24534.189453125,4256500.0,5002961727,0.0,3.0,37427600.0,372970000.0
2019-01-19,,3728.568359375,,,,,,3758.533447265625,,,,,,3652.3779296875,,,,,,3652.3779296875,,,,,,5955691380,,,,
2019-01-20,,3601.013671875,,,,,,3743.387939453125,,,,,,3583.01953125,,,,,,3725.446044921875,,,,,,5582489560,,,,
2019-01-21,,3576.032470703125,1.1365574598312378,,,,,3608.8408203125,1.1388224363327026,,,,,3558.537109375,1.1357957124710083,,,,,3600.372802734375,1.1365444660186768,,,,,5004347059,0.0,,,
2019-01-22,347.7702941894531,3604.5771484375,1.136932134628296,1282.5,99.06422424316406,24404.48046875,353.8920020928389,3620.74658203125,1.1375269889831543,1283.300048828125,100.39532773130809,24607.759765625,344.20418338168247,3539.721435546875,1.1336840391159058,1282.5,98.29555814349702,24244.310546875,352.5899022278053,3575.081298828125,1.1369578838348389,1282.5,100.06723985067815,24607.759765625,4336500.0,5313623556,0.0,7.0,32371300.0,338480000.0
2019-01-23,348.4601745605469,3585.123046875,1.1364023685455322,1283.0999755859375,100.02973175048828,24575.619140625,351.9485921613766,3623.06787109375,1.1393154859542847,1283.9000244140625,100.33907478226395,24700.98046875,343.66001965907697,3565.31396484375,1.1351640224456787,1278.699951171875,98.74549401818777,24307.169921875,351.66679178683194,3605.55712890625,1.1363766193389893,1281.699951171875,99.47667040741536,24577.25,2924900.0,5433755649,0.0,14.0,25874300.0,318600000.0
2019-01-24,348.12982177734375,3600.865478515625,1.1388224363327026,1279.0999755859375,99.55165100097656,24553.240234375,352.9008568967576,3616.08740234375,1.1393414735794067,1279.0999755859375,100.30157215819773,24626.30078125,346.7986018297971,3569.0927734375,1.131324052810669,1278.5,98.74548826008618,24422.73046875,348.7517219987629,3584.500244140625,1.1387057304382324,1279.0999755859375,100.17033702845075,24579.9609375,2801300.0,5262869046,0.0,1.0,23164800.0,320170000.0
2019-01-25,353.8919982910156,3599.765869140625,1.1313496828079224,1297.4000244140625,100.46092987060547,24737.19921875,356.55443812308687,3612.927734375,1.1411616802215576,1297.4000244140625,101.1264815124088,24860.150390625,350.13150663966957,3575.597412109375,1.1305822134017944,1297.4000244140625,99.55165277559385,24676.75,352.23037535652526,3607.390380859375,1.1309914588928223,1297.4000244140625,100.52654743664866,24687.2109375,3185600.0,5265847539,0.0,0.0,31225600.0,376890000.0
2019-01-26,,3602.46044921875,,,,,,3654.93310546875,,,,,,3593.345947265625,,,,,,3599.71533203125,,,,,,5098183235,,,,
2019-01-27,,3583.9658203125,,,,,,3612.67138671875,,,,,,3567.245849609375,,,,,,3604.687255859375,,,,,,5570752966,,,,
2019-01-28,352.69677734375,3470.450439453125,1.1413049697875977,1302.4000244140625,98.50180053710938,24528.220703125,352.8911285590352,3586.7509765625,1.1445575952529907,1307.0999755859375,99.81415939370218,24596.98046875,347.3815948324678,3439.23291015625,1.1390948295593262,1298.4000244140625,98.10809502566565,24323.939453125,350.44243372330214,3584.283203125,1.141265869140625,1300.800048828125,99.60793065386584,24596.98046875,3128900.0,6908930483,0.0,54.0,29476700.0,347170000.0
2019-01-29,354.5818786621094,3448.116943359375,1.143000841140747,1308.199951171875,96.4957504272461,24579.9609375,357.37064370058647,3476.0654296875,1.1450556516647339,1308.199951171875,98.39866718388932,24674.869140625,352.1526366907764,3400.81982421875,1.1411746740341187,1308.199951171875,95.77394997707032,24504.0390625,352.7939601296682,3468.8701171875,1.1429747343063354,1308.199951171875,98.31429764669649,24519.619140625,3202700.0,5897159493,0.0,213607.0,31490500.0,330870000.0
2019-01-30,376.7463073730469,3486.181640625,1.1435366868972778,1309.9000244140625,99.72039031982422,25014.859375,380.8760190239658,3495.1748046875,1.1450294256210327,1323.4000244140625,99.72039031982422,25109.619140625,369.73065486462644,3429.387939453125,1.140862226486206,1308.0999755859375,97.79872883317334,24790.900390625,376.4353572612338,3443.89697265625,1.1435105800628662,1310.4000244140625,98.07057509408838,24826.51953125,12705300.0,5955112627,0.0,54958.0,49471900.0,397330000.0
2019-01-31,374.7057189941406,3457.792724609375,1.1487650871276855,1319.699951171875,97.89244842529297,24999.669921875,377.9803324980611,3504.804931640625,1.1513707637786865,1325.4000244140625,98.63299351437847,25049.619140625,371.26590398489236,3447.915771484375,1.1450556516647339,1316.699951171875,96.72070122454579,24842.08984375,376.202140384081,3485.4091796875,1.1485539674758911,1320.0,97.30189041075624,24954.48046875,6878500.0,5831198271,0.0,1970.0,55636400.0,507350000.0
2019-02-01,376.4645080566406,3487.9453125,1.1449507474899292,1316.9000244140625,96.34575653076172,25063.890625,381.6825154599816,3501.9541015625,1.1488442420959473,1320.699951171875,97.58312149212259,25193.150390625,373.84094432203705,3431.591552734375,1.1435105800628662,1315.4000244140625,95.94267514136045,24982.490234375,375.18186108212245,3460.547119140625,1.145081877708435,1320.300048828125,97.28315444548294,25025.310546875,5625700.0,5422926707,0.0,878.0,35535700.0,372090000.0
2019-02-02,,3521.060791015625,,,,,,3523.287353515625,,,,,,3467.57470703125,,,,,,3484.6259765625,,,,,,5071623601,,,,
2019-02-03,,3464.013427734375,,,,,,3521.38818359375,,,,,,3447.92431640625,,,,,,3516.1396484375,,,,,,5043937584,,,,
2019-02-04,385.763671875,3459.154052734375,1.1455278396606445,1314.300048828125,99.12046813964844,25239.369140625,385.8316977753748,3476.223876953125,1.1462632417678833,1318.0999755859375,99.17671688604872,25239.91015625,377.13499860078923,3442.5869140625,1.1425436735153198,1308.300048828125,96.33639477745018,24977.669921875,377.96094690206974,3467.211669921875,1.1457247734069824,1318.0999755859375,96.4301403041908,25062.119140625,4256600.0,5332718886,0.0,675.0,31315100.0,298540000.0
2019-02-05,398.57061767578125,3466.357421875,1.1436283588409424,1314.199951171875,100.50782012939453,25411.51953125,399.1244920122927,3478.148193359375,1.1442956924438477,1315.0999755859375,100.5546857408567,25427.3203125,388.2414751342335,3451.93701171875,1.1403288841247559,1311.0,99.32669658314288,25287.650390625,389.40752324753817,3454.950927734375,1.14357590675354,1311.0999755859375,99.42043495784675,25287.9296875,7230400.0,5227549545,0.0,362.0,27325400.0,310650000.0
2019-02-06,399.4742736816406,3413.767822265625,1.140992522239685,1309.5,99.39230346679688,25390.30078125,402.16589290705,3469.091796875,1.141096591949463,1313.5,100.30158062233065,25439.0390625,394.17854369563514,3398.5654296875,1.1375399827957153,1305.0,98.92360449192617,25312.060546875,399.86297614073044,3469.091796875,1.1408753395080566,1312.5,100.30158062233065,25371.5703125,5356000.0,5482196038,0.0,358.0,20609800.0,247590000.0
2019-02-07,395.6802673339844,3399.4716796875,1.1365960836410522,1309.4000244140625,98.67989349365234,25169.529296875,400.73893608738354,3427.945556640625,1.1370097398757935,1310.4000244140625,98.97986059548785,25314.259765625,392.86771688802776,3394.218505859375,1.1326054334640503,1302.199951171875,97.76124737318474,25000.51953125,398.3756033423541,3414.929443359375,1.1366348266601562,1302.9000244140625,98.60490708202833,25265.810546875,5211400.0,5004962683,0.0,203.0,29760700.0,295460000.0
2019-02-08,395.4263610839844,3666.7802734375,1.1338768005371094,1313.699951171875,99.05484771728516,25106.330078125,395.47517808256055,3695.614013671875,1.1350995302200317,1314.0,99.15796207231487,25106.390625,388.4828732053055,3391.023681640625,1.132182240486145,1307.800048828125,97.7331202191996,24883.0390625,390.63135759319107,3401.37646484375,1.1339925527572632,1309.5,97.85497938797137,25042.359375,4570900.0,7735623101,0.0,122.0,21461100.0,248210000.0
2019-02-09,,3671.20361328125,,,,,,3679.94140625,,,,,,3646.559326171875,,,,,,3671.5859375,,,,,,6158833645,,,,
2019-02-10,,3690.188232421875,,,,,,3695.0361328125,,,,,,3640.97998046875,,,,,,3673.201416015625,,,,,,6282256903,,,,
2019-02-11,394.4888916015625,3648.4306640625,1.1324259042739868,1307.0,98.66111755371094,25053.109375,400.23114806867727,3695.613037109375,1.133144497871399,1313.4000244140625,99.90785833281153,25196.75,393.25839317148996,3642.287841796875,1.1273448467254639,1304.699951171875,98.39864731637978,25009.099609375,398.54168636057915,3695.613037109375,1.1324259042739868,1313.4000244140625,99.55164259490988,25142.810546875,3046900.0,6277056434,0.0,119.0,18914100.0,241700000.0
2019-02-12,401.1003112792969,3653.528564453125,1.1279042959213257,1309.199951171875,100.19849395751953,25425.759765625,401.57882519375806,3668.5869140625,1.1319899559020996,1312.0,100.43284350969856,25458.98046875,395.9049066547102,3618.556884765625,1.125885248184204,1307.5999755859375,98.87676620215586,25152.029296875,397.4674381707345,3642.751953125,1.128031611442566,1310.0,99.49544530098247,25152.029296875,3263300.0,6480384532,0.0,109.0,25056600.0,278110000.0
2019-02-13,400.9635314941406,3632.070556640625,1.1334655284881592,1310.800048828125,100.12346649169922,25543.26953125,403.0534234980113,3669.74658203125,1.134429931640625,1316.0,101.03274359064025,25625.94921875,398.1217146819639,3617.246337890625,1.1282861232757568,1308.0999755859375,100.02972813291504,25480.859375,402.85809590412947,3653.60400390625,1.1332728862762451,1311.5999755859375,100.77027332533322,25480.859375,3078700.0,6438903823,0.0,143.0,18394900.0,263330000.0
2019-02-14,400.22137451171875,3616.880859375,1.12649405002594,1309.800048828125,100.20785522460938,25439.390625,402.56515675490925,3646.256591796875,1.130825161933899,1311.800048828125,100.57343990017289,25558.900390625,398.24866703309675,3607.69775390625,1.1250618696212769,1301.5999755859375,99.0454836190172,25308.08984375,399.35220541414606,3631.170166015625,1.126405119895935,1305.0,99.6547866437699,25460.650390625,2724300.0,6271044418,0.0,858.0,21784700.0,313010000.0
2019-02-15,408.18048095703125,3620.810791015625,1.1295350790023804,1318.0999755859375,101.44522094726562,25883.25,408.2585941169282,3647.795166015625,1.1298158168792725,1318.800048828125,101.52021450978627,25883.720703125,401.7936497836626,3608.20654296875,1.1234945058822632,1313.5999755859375,100.63905802961813,25564.630859375,402.81907500021157,3617.368408203125,1.1294713020324707,1313.5999755859375,101.15462983222284,25564.630859375,4017300.0,6091952231,0.0,190.0,26606900.0,328530000.0
2019-02-16,,3629.78759765625,,,,,,3652.84130859375,,,,,,3615.270263671875,,,,,,3615.270263671875,,,,,,5934744052,,,,
2019-02-17,,3673.836181640625,,,,,,3680.537353515625,,,,,,3619.18212890625,,,,,,3633.359375,,,,,,7039512503,,,,
2019-02-18,,3915.71435546875,1.1298030614852905,,,,,3936.6650390625,1.1334141492843628,,,,,3669.982421875,1.1294840574264526,,,,,3671.369873046875,1.1294840574264526,,,,,9908216640,0.0,,,
2019-02-19,406.51055908203125,3947.094482421875,1.131196141242981,1340.0999755859375,101.39832305908203,25891.3203125,408.1512037412914,4010.87939453125,1.1341854333877563,1340.0999755859375,101.857653151877,25961.439453125,404.8308429396051,3908.153076171875,1.1277008056640625,1320.5,101.03273847210022,25820.009765625,405.7683499159238,3911.66162109375,1.131208896636963,1320.9000244140625,101.04211445303713,25849.849609375,3051500.0,9933626655,0.0,390.0,18038500.0,280620000.0
2019-02-20,411.6766357421875,3999.820556640625,1.1343011856079102,1343.300048828125,100.87115478515625,25954.439453125,411.95985183889525,4000.486328125,1.1369578838348389,1344.0,101.61486270392214,25986.19921875,407.3406250182045,3926.246826171875,1.1325926780700684,1338.0,100.061549060035,25846.48046875,407.3699509825484,3946.68505859375,1.1343011856079102,1342.199951171875,101.53954887313826,25872.259765625,3990100.0,8693373948,0.0,581.0,21607700.0,287880000.0
2019-02-21,407.7995910644531,3954.1181640625,1.1346358060836792,1323.5,102.99871826171875,25850.630859375,412.5164813786678,4010.009521484375,1.1365832090377808,1334.9000244140625,103.06461606451813,25938.880859375,405.9440980836438,3940.108154296875,1.1322592496871948,1320.9000244140625,100.60755813077807,25762.2109375,411.7059046252337,4000.2568359375,1.1346358060836792,1331.300048828125,100.63579902021755,25922.41015625,2880500.0,7775128102,0.0,414.0,29063200.0,255710000.0
2019-02-22,414.1180725097656,4005.526611328125,1.1343011856079102,1329.199951171875,104.46732330322266,26031.810546875,414.52824856477946,4006.538330078125,1.1355764865875244,1331.300048828125,104.68384162135258,26052.900390625,409.32309863116546,3950.81640625,1.131874680519104,1321.0,103.38471016560311,25906.26953125,409.8699801693115,3952.406494140625,1.1339796781539917,1324.199951171875,103.60123566605634,25906.26953125,3132300.0,7826525254,0.0,718.0,27763200.0,279760000.0
2019-02-23,,4142.52685546875,,,,,,4166.2861328125,,,,,,3968.726806640625,,,,,,3998.916259765625,,,,,,8922258316,,,,
2019-02-24,,3810.427490234375,,,,,,4210.6416015625,,,,,,3793.708984375,,,,,,4145.4580078125,,,,,,10794227451,,,,
2019-02-25,416.8720397949219,3882.6962890625,1.1342240571975708,1325.9000244140625,105.05098724365234,26091.94921875,419.85062196062427,3913.707275390625,1.1367511749267578,1331.5999755859375,105.60641784921758,26241.419921875,416.5302313755384,3807.00244140625,1.13379967212677,1325.5999755859375,104.74033021518437,26080.66015625,417.4775136678135,3807.00244140625,1.1340183019638062,1329.199951171875,105.21103095311415,26126.150390625,3276100.0,9318796067,0.0,185.0,23750600.0,281600000.0
2019-02-26,416.77435302734375,3854.35791015625,1.1367511749267578,1325.0999755859375,105.77584838867188,26057.98046875,418.95213358829363,3891.578857421875,1.1378635168075562,1325.5,106.60427892938345,26155.2890625,414.31338618842324,3837.986328125,1.1346487998962402,1323.300048828125,104.65557856720001,25966.009765625,416.0223983883755,3878.697265625,1.1366219520568848,1323.300048828125,104.74030841720196,26051.609375,2503700.0,7931218996,0.0,939.0,21536700.0,257850000.0
2019-02-27,425.2413024902344,3851.04736328125,1.1393154859542847,1317.699951171875,105.59696960449219,25985.16015625,426.11044177206503,3888.802490234375,1.140380859375,1327.9000244140625,105.775838128674,26039.6796875,417.1454591787965,3787.058837890625,1.1363893747329712,1316.5,104.38256120928531,25877.240234375,417.16500982066736,3857.479736328125,1.1394193172454834,1327.699951171875,105.14510105605122,25995.599609375,4603800.0,8301309684,0.0,604.0,21487100.0,255380000.0
2019-02-28,429.6554260253906,3854.785400390625,1.1380189657211304,1312.800048828125,105.46517181396484,25916.0,431.0812519524104,3906.058349609375,1.1422044038772583,1323.699951171875,106.26536137115117,26029.2109375,426.84287545508187,3845.8212890625,1.1360796689987183,1311.5,105.18275577265723,25896.560546875,428.42495750298633,3848.261962890625,1.1377859115600586,1321.0999755859375,105.47458783670471,25984.279296875,5063100.0,8399767798,0.0,141.0,29083900.0,338520000.0
2019-03-01,430.29998779296875,3859.583740234375,1.1373459100723267,1296.4000244140625,105.93588256835938,26026.3203125,435.5637598939369,3907.79541015625,1.1408882141113281,1312.199951171875,106.39716717440335,26143.919921875,429.8800662161222,3851.6923828125,1.135434627532959,1288.9000244140625,105.12627691071067,25914.369140625,435.5637598939369,3853.757080078125,1.137255311012268,1312.199951171875,106.27478759632031,26019.669921875,5124200.0,7661247975,0.0,110.0,23501200.0,289890000.0
2019-03-02,,3864.4150390625,,,,,,3874.607421875,,,,,,3832.1279296875,,,,,,3855.318115234375,,,,,,7578786076,,,,
2019-03-03,,3847.17578125,,,,,,3875.483642578125,,,,,,3836.90576171875,,,,,,3862.26611328125,,,,,,7253558152,,,,
2019-03-04,422.5556945800781,3761.55712890625,1.1375917196273804,1284.800048828125,105.68169403076172,25819.650390625,434.089082671328,3867.3818359375,1.1375269889831543,1287.0,106.61367914869388,26155.98046875,416.63763208018963,3733.749755859375,1.1310553550720215,1281.9000244140625,104.3072492276769,25611.55078125,432.8390635578851,3845.091552734375,1.1375269889831543,1285.5,106.39715372618403,26122.189453125,5971000.0,9029175788,0.0,28.0,26608000.0,295510000.0
2019-03-05,420.0458984375,3896.375,1.1337354183197021,1282.0,105.15453338623047,25806.630859375,423.6885466141026,3903.916748046875,1.1339154243469238,1287.0,105.80410264982726,25877.150390625,418.6005814731104,3745.18310546875,1.1293182373046875,1282.0,104.71208076188998,25725.630859375,420.9443636825811,3759.83251953125,1.133825421333313,1287.0,105.67230702856453,25829.0703125,2844300.0,10174126415,0.0,114.0,19538300.0,252260000.0
2019-03-06,414.51849365234375,3903.942626953125,1.1307101249694824,1284.9000244140625,105.20159912109375,25673.4609375,421.88190374301564,3919.510498046875,1.132502794265747,1287.0999755859375,106.05827778292782,25837.609375,412.194232099384,3871.460693359375,1.1291651725769043,1282.5999755859375,104.90035098137321,25633.7109375,419.6357851581005,3897.0810546875,1.1306205987930298,1287.0999755859375,105.31456986685977,25818.759765625,4159400.0,9175291529,0.0,14.0,17687000.0,256250000.0
2019-03-07,412.6629638671875,3911.484375,1.1314009428024292,1283.800048828125,103.92129516601562,25473.23046875,424.176831479543,3939.373291015625,1.1319899559020996,1284.5999755859375,105.01332418703429,25645.44921875,406.6863088631579,3894.113037109375,1.1208752393722534,1281.0,103.43176962087364,25352.55078125,413.4442146614212,3903.384765625,1.1312474012374878,1281.0,104.87211254709948,25645.44921875,4893600.0,9584165519,0.0,11.0,25339000.0,289140000.0
2019-03-08,412.6434631347656,3901.131591796875,1.1198333501815796,1297.0,104.03425598144531,25450.240234375,413.51260245048974,3950.43212890625,1.1244546175003052,1297.4000244140625,104.2225333618338,25466.140625,405.76834255984363,3875.228515625,1.1186057329177856,1291.5999755859375,102.42446067746222,25252.4609375,407.00858645189385,3913.225830078125,1.1201971769332886,1292.0999755859375,102.76336570801884,25347.380859375,3794900.0,10638638944,0.0,10.0,22818400.0,270500000.0
2019-03-09,,3963.313720703125,,,,,,3987.23779296875,,,,,,3892.390380859375,,,,,,3894.552490234375,,,,,,10796103518,,,,
2019-03-10,,3951.599853515625,,,,,,3966.17431640625,,,,,,3924.381103515625,,,,,,3966.17431640625,,,,,,9713267607,,,,
2019-03-11,390.6411437988281,3905.227294921875,1.1232421398162842,1288.800048828125,106.21833038330078,25650.880859375,393.23884597554195,3966.384765625,1.1257457733154297,1291.0,106.33129396386413,25661.630859375,356.9882299464508,3889.239013671875,1.1222589015960693,1288.800048828125,104.47673908715748,25208.0,362.5742597077945,3953.740234375,1.123103380203247,1291.0,104.48614793065558,25208.0,34742200.0,10125901903,0.0,9.0,26491600.0,309790000.0
2019-03-12,366.6173095703125,3909.15625,1.1259232759475708,1296.300048828125,106.96202087402344,25554.66015625,380.86558519392247,3926.88916015625,1.129433035850525,1296.300048828125,107.31033476674675,25675.439453125,359.380859875291,3863.55908203125,1.1250239610671997,1294.699951171875,106.04886044180547,25522.169921875,375.69947698842884,3903.75830078125,1.125885248184204,1294.699951171875,106.20889694291196,25600.30078125,36922600.0,9809887079,0.0,1.0,26132700.0,317730000.0
2019-03-13,368.3067932128906,3906.71728515625,1.1287446022033691,1307.5,107.79044342041016,25702.890625,372.82832618442364,3926.59765625,1.1313753128051758,1307.5,108.26114404670017,25776.490234375,354.820218048873,3891.904296875,1.1279042959213257,1307.5,107.11263336938111,25571.310546875,369.5665578947395,3913.04736328125,1.1286808252334595,1307.5,107.4421223713198,25637.23046875,32662300.0,9469184841,0.0,0.0,35513800.0,331410000.0
2019-03-14,364.5567321777344,3924.369140625,1.133105993270874,1293.4000244140625,107.87517547607422,25709.939453125,371.4806997802074,3946.50439453125,1.133594036102295,1293.4000244140625,108.44943086472222,25752.83984375,363.38485589140896,3901.296875,1.1294713020324707,1293.4000244140625,107.63041630036886,25621.310546875,366.2071521819085,3905.576904296875,1.1332857608795166,1293.4000244140625,107.82810971874113,25692.310546875,13514100.0,10480789570,0.0,1.0,30763400.0,302790000.0
2019-03-15,370.11346435546875,3960.9111328125,1.1308379173278809,1301.800048828125,109.11784362792969,25848.869140625,376.67607285795003,3968.54296875,1.1343011856079102,1304.699951171875,110.37931810157554,25927.91015625,357.86719181467834,3914.015380859375,1.1302244663238525,1300.5,107.87518684041284,25649.69921875,362.1934272788097,3926.663330078125,1.1307612657546997,1300.9000244140625,108.58123791568944,25720.9609375,26697700.0,9394210605,0.0,26.0,54681100.0,616910000.0
2019-03-16,,4048.725830078125,,,,,,4077.036376953125,,,,,,3961.657470703125,,,,,,3963.900146484375,,,,,,9856166973,,,,
2019-03-17,,4025.22900390625,,,,,,4054.1220703125,,,,,,4006.4111328125,,,,,,4047.719482421875,,,,,,8221625400,,,,
2019-03-18,363.56060791015625,4032.50732421875,1.1319772005081177,1300.300048828125,110.6805419921875,25914.099609375,364.3321131959298,4071.556640625,1.1359764337539673,1302.199951171875,110.71819890315325,25924.76953125,358.5996027193208,4009.1171875,1.1234692335128784,1297.300048828125,109.24961528709625,25785.66015625,361.3340103358745,4029.968505859375,1.1319899559020996,1297.300048828125,109.36257883767209,25801.880859375,13119200.0,9646954186,0.0,8.0,31207600.0,303170000.0
2019-03-19,364.68365478515625,4071.190185546875,1.133619785308838,1305.0,110.75587463378906,25887.380859375,369.8985797221901,4082.216064453125,1.1363636255264282,1306.9000244140625,111.4995825915104,26109.6796875,362.3203518113653,4023.8125,1.1334270238876343,1304.800048828125,110.13454627076011,25814.919921875,362.44731176834216,4032.69189453125,1.13355553150177,1306.9000244140625,111.17008636015242,25987.869140625,9856100.0,9344919956,0.0,20.0,37588700.0,342250000.0
2019-03-20,367.3497314453125,4087.476318359375,1.135486125946045,1300.5,110.63347625732422,25745.669921875,371.88103968592173,4089.4619140625,1.1367511749267578,1300.699951171875,111.79140300232783,25929.51953125,364.9278063045753,4031.11083984375,1.1336454153060913,1300.5,109.87094351203027,25670.630859375,365.92393533803374,4070.7939453125,1.1353057622909546,1300.699951171875,110.5110966754628,25867.7890625,8737600.0,10175916388,0.0,2.0,28113300.0,321980000.0
2019-03-21,363.97076416015625,4029.326904296875,1.1427918672561646,1306.0999755859375,113.17526245117188,25962.509765625,368.17003915780987,4097.35986328125,1.1439945697784424,1306.0999755859375,113.74010177981484,26009.900390625,363.51177114203824,4005.1513671875,1.1355119943618774,1306.0999755859375,110.22867186317619,25657.779296875,365.2793755771125,4083.953857421875,1.143000841140747,1306.0999755859375,110.27574479986383,25688.439453125,6951000.0,10831212662,0.0,0.0,29854400.0,335250000.0
2019-03-22,353.6874084472656,4023.96826171875,1.1375011205673218,1311.5999755859375,110.19103240966797,25502.3203125,361.19726884412506,4053.90673828125,1.139211654663086,1311.5999755859375,112.58218555119193,25877.009765625,353.0623839726225,4021.54248046875,1.1275609731674194,1311.5999755859375,110.1816163849879,25501.44921875,360.15235261746756,4028.5146484375,1.1373976469039917,1311.5999755859375,112.49746287603854,25844.650390625,10143900.0,9252935969,0.0,0.0,33624500.0,386510000.0
2019-03-23,,4035.826416015625,,,,,,4049.882568359375,,,,,,4015.964599609375,,,,,,4022.71337890625,,,,,,9578850549,,,,
2019-03-24,,4022.168212890625,,,,,,4040.69970703125,,,,,,4006.19287109375,,,,,,4035.16357421875,,,,,,9144851065,,,,
2019-03-25,361.7832336425781,3963.070556640625,1.129586100578308,1321.9000244140625,110.76529693603516,25516.830078125,362.515667458619,4038.8408203125,1.1331701278686523,1322.9000244140625,111.09478600374345,25603.26953125,354.3905576428059,3934.03125,1.1290504932403564,1320.699951171875,109.50381527096529,25372.259765625,356.45112380658645,4024.11279296875,1.129611611366272,1320.699951171875,109.7297496056334,25490.720703125,7939600.0,10359818883,0.0,19.0,27067100.0,303120000.0
2019-03-26,361.7051086425781,3985.080810546875,1.131580114364624,1314.300048828125,111.00064086914062,25657.73046875,366.80284902747337,3985.080810546875,1.1328877210617065,1315.5999755859375,111.75375766853598,25796.2890625,358.9902219120972,3944.753173828125,1.1279551982879639,1314.300048828125,110.00275051601595,25544.779296875,366.78329838588826,3969.228759765625,1.1314520835876465,1315.5999755859375,111.66903499131207,25649.560546875,6479700.0,10707678815,0.0,1.0,26097700.0,305110000.0
2019-03-27,365.4454345703125,4087.066162109375,1.127484679222107,1309.9000244140625,109.92743682861328,25625.58984375,367.838063832347,4087.066162109375,1.1285535097122192,1309.9000244140625,111.28305712459222,25758.169921875,356.98826112773764,3977.810546875,1.1242650747299194,1309.9000244140625,108.7506850945545,25425.26953125,363.1797950853828,3984.244873046875,1.1274465322494507,1309.9000244140625,110.97239294304329,25676.33984375,9600000.0,10897131934,0.0,206263.0,22733400.0,270340000.0
2019-03-28,365.6700134277344,4069.107177734375,1.1251758337020874,1289.800048828125,110.07805633544922,25717.4609375,367.8380186378912,4094.902099609375,1.1262998580932617,1311.0999755859375,110.68996862824905,25743.41015625,363.60941753474583,4040.266357421875,1.121516227722168,1287.699951171875,109.3249324085691,25576.689453125,367.7794263189254,4087.58447265625,1.1251378059387207,1308.4000244140625,110.55817301839335,25693.3203125,4921300.0,9353915899,0.0,87798.0,18334800.0,237170000.0
2019-03-29,372.4865417480469,4098.37451171875,1.1230024099349976,1293.0,111.02889251708984,25928.6796875,373.2287210567865,4113.5009765625,1.1246063709259033,1298.5,111.38662249278231,25949.3203125,365.9629754681075,4034.09716796875,1.1210887432098389,1286.0999755859375,110.10631590923006,25771.669921875,367.7012838060932,4068.2998046875,1.1229519844055176,1289.5999755859375,111.15127212348702,25827.310546875,7694700.0,10918665557,0.0,1265.0,25399800.0,300620000.0
2019-03-30,,4106.66015625,,,,,,4296.806640625,,,,,,4053.90966796875,,,,,,4092.13623046875,,,,,,9732688060,,,,
2019-03-31,,4105.404296875,,,,,,4113.0234375,,,,,,4094.100830078125,,,,,,4105.4560546875,,,,,,9045122443,,,,
2019-04-01,382.3695068359375,4158.18310546875,1.1223849058151245,1288.4000244140625,112.04559326171875,26258.419921875,383.697639125952,4164.953125,1.1250239610671997,1295.9000244140625,112.13032312388314,26280.900390625,374.1271829334381,4096.9013671875,1.1209882497787476,1285.699951171875,111.17950568360943,26071.689453125,376.7639266748987,4105.3623046875,1.1223469972610474,1291.800048828125,111.97969544995658,26075.099609375,7735700.0,10157794171,0.0,675.0,22789100.0,295570000.0
2019-04-02,381.5980529785156,4879.8779296875,1.1205737590789795,1290.0,112.20562744140625,26179.130859375,385.5824801881255,4905.95458984375,1.1214005947113037,1290.9000244140625,112.47863469049432,26221.240234375,379.40075132988693,4155.31689453125,1.1184556484222412,1284.5,111.57488308825415,26122.310546875,379.40075132988693,4156.91943359375,1.1205987930297852,1286.300048828125,112.08324067114341,26213.55078125,6401000.0,21315047816,0.0,525.0,18142300.0,250940000.0
2019-04-03,375.728759765625,4973.02197265625,1.1203854084014893,1289.9000244140625,112.93991088867188,26218.130859375,382.3695106910718,5307.00341796875,1.125499963760376,1293.0999755859375,113.37295460860682,26282.169921875,375.0744689347087,4876.62109375,1.1202473640441895,1287.5,112.16796213881888,26138.470703125,380.55305939046525,4879.9580078125,1.1202850341796875,1291.4000244140625,112.83635617495682,26238.029296875,7350300.0,22899891582,0.0,172.0,22860700.0,271980000.0
2019-04-04,386.58831787109375,4922.798828125,1.1246949434280396,1289.0,112.36566162109375,26384.630859375,387.76022389268616,5063.15966796875,1.124985933303833,1292.5999755859375,113.1846833514219,26398.900390625,376.08035436946295,4836.7939453125,1.1209254264831543,1279.5,111.44308517144864,26212.779296875,376.94949366318406,4971.3076171875,1.124530553817749,1290.5999755859375,113.06229658368981,26213.419921875,9388100.0,18251810240,0.0,269.0,20112800.0,233040000.0
2019-04-05,382.7503967285156,5036.68115234375,1.1225864887237549,1290.4000244140625,112.8646011352539,26424.990234375,389.3227806316155,5053.509765625,1.1241512298583984,1292.0,113.18468131164397,26487.5703125,381.793368891377,4919.49169921875,1.1211642026901245,1283.5999755859375,112.37507562011383,26370.8203125,388.7466029044294,4922.80615234375,1.1224603652954102,1292.0,112.39390048586763,26427.560546875,6857200.0,16837325387,0.0,181.0,15826200.0,229550000.0
2019-04-06,,5059.8173828125,,,,,,5205.82177734375,,,,,,4992.22216796875,,,,,,5036.79296875,,,,,,16929795194,,,,
2019-04-07,,5198.89697265625,,,,,,5235.1865234375,,,,,,5050.412109375,,,,,,5062.7939453125,,,,,,16655416140,,,,
2019-04-08,365.7481384277344,5289.77099609375,1.121956706047058,1297.0999755859375,112.90225982666016,26341.01953125,370.9044712833301,5318.83642578125,1.1274083852767944,1302.0999755859375,112.98698249736907,26344.650390625,363.1504362591808,5148.2119140625,1.1215540170669556,1291.800048828125,111.68785127024483,26246.029296875,367.38881282032116,5199.83544921875,1.1222084760665894,1292.199951171875,112.7892890833929,26312.669921875,14482600.0,17154113634,0.0,63.0,15116200.0,229380000.0
2019-04-09,360.3965148925781,5204.95849609375,1.1256444454193115,1303.5,112.29035186767578,26150.580078125,363.52154801065694,5289.91796875,1.1287955045700073,1304.9000244140625,112.53511822970172,26246.33984375,359.1367203635118,5167.4189453125,1.1256444454193115,1298.5,111.63137379567016,26103.140625,361.61723793936096,5289.91796875,1.1256444454193115,1298.5,111.6784395537721,26243.5390625,7980100.0,14722104361,0.0,30.0,17612000.0,244410000.0
2019-04-10,356.39251708984375,5324.5517578125,1.126697063446045,1309.0999755859375,113.14702606201172,26157.16015625,360.1523498208788,5421.6513671875,1.1282861232757568,1309.0999755859375,113.29764653722329,26209.490234375,354.4198394873331,5193.38232421875,1.123103380203247,1301.5,112.535113772345,26101.240234375,359.7714699465743,5204.10546875,1.12649405002594,1304.0,112.74222321029269,26173.7109375,8285000.0,15504590933,0.0,66.0,16477200.0,203130000.0
2019-04-11,361.49029541015625,5064.48779296875,1.1276500225067139,1288.5999755859375,113.2788314819336,26143.05078125,362.38873092635066,5354.2255859375,1.1287446022033691,1307.0999755859375,113.76835704667009,26229.880859375,355.67964150607554,5017.29638671875,1.1256064176559448,1288.5999755859375,112.89285346281686,26062.58984375,356.08004226107033,5325.08154296875,1.1276118755340576,1307.0,113.47652491282656,26188.2109375,6598400.0,16555616019,0.0,420.0,14209100.0,211680000.0
2019-04-12,370.7482604980469,5089.5390625,1.1260753870010376,1290.5999755859375,113.86248016357422,26412.30078125,371.05099743612675,5103.2744140625,1.132502794265747,1293.4000244140625,113.89072823468304,26436.6796875,363.28718676557736,4955.8525390625,1.1258344650268555,1289.199951171875,113.31647288827203,26309.720703125,366.94935598700454,5061.20068359375,1.1259359121322632,1293.4000244140625,113.57064806967809,26357.7890625,7334600.0,13675206312,0.0,607.0,19745100.0,369910000.0
2019-04-13,,5096.58642578125,,,,,,5127.1220703125,,,,,,5061.58935546875,,,,,,5088.85009765625,,,,,,10823289598,,,,
2019-04-14,,5167.72216796875,,,,,,5184.01611328125,,,,,,5053.568359375,,,,,,5095.7587890625,,,,,,10391952498,,,,
2019-04-15,366.6661682128906,5067.1083984375,1.1305055618286133,1286.800048828125,113.95661926269531,26384.76953125,369.04902222125855,5196.60693359375,1.1322463750839233,1287.300048828125,114.45556075447044,26424.849609375,364.92785961362006,5024.0693359375,1.1299434900283813,1282.300048828125,113.5047435219941,26316.419921875,367.8771458615638,5167.32177734375,1.130365014076233,1284.800048828125,113.85306455508298,26407.759765625,3822100.0,12290155061,0.0,523.0,15792600.0,250620000.0
2019-04-16,372.779541015625,5235.5595703125,1.1304928064346313,1272.5999755859375,113.69303894042969,26452.66015625,375.63116330911055,5238.9453125,1.1314995288848877,1285.199951171875,114.52147673284817,26530.7109375,366.2462285574735,5055.19482421875,1.128604531288147,1272.199951171875,113.06230175380007,26397.189453125,367.6915754463374,5066.57763671875,1.130441665649414,1285.199951171875,114.51206070821004,26482.189453125,7083800.0,11618660197,0.0,643.0,14071800.0,302340000.0
2019-04-17,368.6778869628906,5251.93798828125,1.128502607345581,1272.199951171875,114.63445281982422,26449.5390625,375.19167835967454,5274.275390625,1.13237464427948,1273.5,114.70976666051044,26501.01953125,368.63884528278106,5219.20556640625,1.1281843185424805,1271.5999755859375,113.47653304414693,26391.859375,375.10378987521415,5236.13525390625,1.1285152435302734,1273.5,114.13551119434351,26468.529296875,4424400.0,12438480677,0.0,308.0,19300900.0,367780000.0
2019-04-18,371.1681823730469,5298.3857421875,1.129713773727417,1271.9000244140625,116.14068603515625,26559.5390625,373.2190030992119,5319.986328125,1.130600094795227,1273.5999755859375,116.28189049046104,26602.419921875,368.6778894188431,5250.5068359375,1.1237722635269165,1270.0999755859375,114.19198554640548,26444.529296875,368.6778894188431,5251.48046875,1.1300712823867798,1270.800048828125,115.02983216538436,26463.369140625,4703100.0,13256489918,0.0,27.0,27991000.0,332850000.0
2019-04-19,,5303.8125,1.1235954761505127,,,,,5336.68017578125,1.125112533569336,,,,,5233.3349609375,1.1233052015304565,,,,,5298.154296875,1.123608112335205,,,,,13780238655,0.0,,,
2019-04-20,,5337.88623046875,,,,,,5358.49072265625,,,,,,5295.8779296875,,,,,,5304.16064453125,,,,,,13169647522,,,,
2019-04-21,,5314.53125,,,,,,5359.9248046875,,,,,,5257.33935546875,,,,,,5335.87890625,,,,,,13731844223,,,,
2019-04-22,366.3829345703125,5399.365234375,1.1244546175003052,1273.5,116.5078353881836,26511.05078125,370.07439976172697,5422.6875,1.1263798475265503,1273.5,116.73376970559575,26553.05078125,366.11923932626354,5280.27685546875,1.1236711740493774,1273.5,115.38756546121412,26458.609375,366.8907446136387,5312.49462890625,1.1244546175003052,1273.5,115.43463840257279,26510.76953125,4147700.0,14601631648,0.0,147.0,15648700.0,232570000.0
2019-04-23,365.2598571777344,5572.3623046875,1.1258978843688965,1269.300048828125,118.08940124511719,26656.390625,368.0431116906041,5633.80224609375,1.1261261701583862,1269.800048828125,118.221196874713,26695.9609375,363.88287800183446,5389.40869140625,1.1193444728851318,1266.0,116.57374432244215,26503.560546875,366.74427547942963,5399.36572265625,1.125885248184204,1266.4000244140625,116.8279195559989,26513.830078125,4894500.0,15867308108,0.0,206.0,24025500.0,311690000.0
2019-04-24,366.6661682128906,5464.86669921875,1.122435212135315,1275.5,117.68457794189453,26597.05078125,372.2229024583343,5642.04443359375,1.1224603652954102,1275.5,118.47535158246825,26680.580078125,364.9083387719426,5418.26318359375,1.1183055639266968,1267.800048828125,117.22328613590464,26582.859375,369.0392767018257,5571.50830078125,1.1224478483200073,1268.4000244140625,118.41886980309067,26652.560546875,9855100.0,17048033399,0.0,518.0,31257000.0,283370000.0
2019-04-25,373.8341979980469,5210.515625,1.1153494119644165,1275.800048828125,121.58198547363281,26462.080078125,375.7873547896831,5542.23828125,1.1164003610610962,1280.800048828125,123.67189773784331,26536.48046875,364.0293723620545,5181.3388671875,1.1121737957000732,1275.800048828125,121.28074449423383,26310.279296875,367.2032521484634,5466.5244140625,1.1156978607177734,1280.5999755859375,122.43866419803302,26426.369140625,6615000.0,15330283408,0.0,95.0,38033900.0,296730000.0
2019-04-26,371.8713073730469,5279.34814453125,1.113684892654419,1284.9000244140625,122.27863311767578,26543.330078125,375.0061157773367,5383.63427734375,1.1172809600830078,1284.9000244140625,122.8717206247184,26543.560546875,369.2833805033743,5177.36865234375,1.112297534942627,1284.9000244140625,121.45961845720441,26392.55078125,374.89870645576934,5210.3046875,1.113709807395935,1284.9000244140625,122.09976454478064,26454.619140625,4259600.0,16812108040,0.0,804.0,23654900.0,317290000.0
2019-04-27,,5268.291015625,,,,,,5310.75,,,,,,5233.6357421875,,,,,,5279.47119140625,,,,,,13111274675,,,,
2019-04-28,,5285.13916015625,,,,,,5326.23193359375,,,,,,5255.68359375,,,,,,5271.74658203125,,,,,,12819992056,,,,
2019-04-29,370.1720275878906,5247.3525390625,1.1150261163711548,1278.5999755859375,122.16565704345703,26554.390625,376.2756425382437,5311.27490234375,1.116994023323059,1284.9000244140625,122.5516206792959,26602.5390625,367.93568452810257,5216.48779296875,1.1145538091659546,1277.0999755859375,121.77027020075857,26520.75,369.6251460725636,5284.8583984375,1.1149017810821533,1284.800048828125,122.28802945083025,26559.869140625,5457300.0,13735490672,0.0,568.0,16324200.0,279450000.0
2019-04-30,368.8438720703125,5350.7265625,1.1185182332992554,1282.800048828125,122.94702911376953,26592.91015625,372.2130792320209,5363.25732421875,1.12296462059021,1283.300048828125,123.04116063538649,26614.0390625,366.26569097216947,5224.18994140625,1.117655634880066,1280.800048828125,121.80792709443448,26419.470703125,370.61147646448256,5247.72607421875,1.1184180974960327,1281.699951171875,122.20331396037474,26594.560546875,3732800.0,13878964574,0.0,114.0,24166500.0,340320000.0
2019-05-01,367.9747314453125,5402.697265625,1.121604323387146,1281.4000244140625,120.38639831542969,26430.140625,372.271700273791,5418.00390625,1.1249985694885254,1283.300048828125,122.99407681376249,26689.390625,367.5645852043809,5347.64599609375,1.1214408874511719,1278.699951171875,120.21694579039679,26426.380859375,369.66422281663733,5350.91455078125,1.1218308210372925,1278.699951171875,122.88111325195528,26639.060546875,2765600.0,13679528236,0.0,70.0,26821700.0,303850000.0
2019-05-02,366.9981689453125,5505.28369140625,1.1200841665267944,1269.699951171875,118.81427764892578,26307.7890625,368.80484503520614,5522.2626953125,1.1218183040618896,1270.800048828125,120.49938712766804,26454.689453125,364.5079058233031,5394.21728515625,1.1173559427261353,1266.5999755859375,118.16470834184729,26180.359375,366.7052073319499,5402.4228515625,1.1201846599578857,1269.199951171875,120.48056225865155,26407.150390625,2438800.0,14644460907,0.0,63.0,27350200.0,287610000.0
2019-05-03,367.6427001953125,5768.28955078125,1.1173559427261353,1279.199951171875,121.34661102294922,26504.94921875,369.04897549112866,5865.8818359375,1.1200717687606812,1279.199951171875,121.84555251836639,26534.9609375,365.4551740919576,5490.20166015625,1.1141316890716553,1270.0999755859375,119.79330476206823,26370.08984375,367.27159563074883,5505.55224609375,1.1172560453414917,1270.0999755859375,119.89685947043647,26379.140625,2953800.0,18720780006,0.0,15.0,24911100.0,248900000.0
2019-05-04,,5831.16748046875,,,,,,5886.8935546875,,,,,,5645.46923828125,,,,,,5769.20263671875,,,,,,17567780766,,,,
2019-05-05,,5795.70849609375,,,,,,5833.86279296875,,,,,,5708.03515625,,,,,,5831.068359375,,,,,,14808830723,,,,
2019-05-06,362.89654541015625,5746.80712890625,1.1185808181762695,1281.699951171875,120.64057159423828,26438.48046875,363.7559391848371,5802.95751953125,1.1204482316970825,1282.199951171875,121.02654957713668,26476.26953125,357.0663710734958,5653.6875,1.1179929971694946,1280.300048828125,118.72011925082056,26033.94921875,359.2636725098833,5791.693359375,1.1187058687210083,1282.199951171875,118.98371046727704,26160.619140625,4747600.0,15737171804,0.0,12.0,24239800.0,283020000.0
2019-05-07,348.8631286621094,5829.50146484375,1.1201846599578857,1283.5,118.16468811035156,25965.08984375,359.097651692667,5988.17822265625,1.121956706047058,1283.5,119.72741771711682,26276.900390625,346.7048688404776,5741.39599609375,1.1176055669784546,1280.5,116.94087072876525,25789.7109375,357.7499686700181,5745.59912109375,1.1204482316970825,1280.5,119.04960763140284,26276.900390625,9740300.0,18026409033,0.0,8.0,36017700.0,334960000.0
2019-05-08,351.3240966796875,5982.45751953125,1.1191065311431885,1279.4000244140625,118.15530395507812,25967.330078125,353.0526298036937,5989.98095703125,1.1214998960494995,1279.4000244140625,118.96490981746467,26118.099609375,345.0544499300829,5794.7158203125,1.118956208229065,1279.4000244140625,117.43983680597114,25889.41015625,349.3904606235719,5849.4814453125,1.118956208229065,1279.4000244140625,118.08940613755007,25933.7890625,6030000.0,15320605300,0.0,5.0,28419000.0,276420000.0
2019-05-09,347.8226013183594,6174.52880859375,1.1198333501815796,1283.5,118.14585876464844,25828.359375,349.315517833258,6183.0390625,1.1250998973846436,1285.0,118.41886599339355,25884.890625,341.2812188695289,5982.31640625,1.1175681352615356,1278.800048828125,116.32895403579563,25517.390625,348.4413851947938,5982.31640625,1.1197456121444702,1278.9000244140625,117.00676409580811,25878.849609375,6075200.0,16784645411,0.0,38.0,27235800.0,334760000.0
2019-05-10,348.35296630859375,6378.84912109375,1.1222084760665894,1285.699951171875,119.68035888671875,25942.369140625,349.20746589489164,6434.61767578125,1.1252391338348389,1286.5,120.43348288902632,26019.3203125,341.3597558420732,6161.51904296875,1.1218559741973877,1283.300048828125,116.56432251225866,25469.859375,345.60281927820176,6175.82275390625,1.1218559741973877,1285.4000244140625,117.59045378584464,25763.720703125,4574100.0,19419875368,0.0,6.0,30915100.0,294580000.0
2019-05-11,,7204.771484375,,,,,,7333.0029296875,,,,,,6375.69873046875,,,,,,6379.6669921875,,,,,,28867562329,,,,
2019-05-12,,6972.37158203125,,,,,,7503.8720703125,,,,,,6815.77099609375,,,,,,7203.50732421875,,,,,,27773333680,,,,
2019-05-13,331.361083984375,7814.9150390625,1.1236460208892822,1300.0999755859375,116.1218490600586,25324.990234375,340.4561633276864,8047.4130859375,1.126341700553894,1300.0999755859375,118.19293623197588,25568.060546875,330.99767886573784,6898.2822265625,1.1224100589752197,1281.800048828125,115.83001695504593,25222.509765625,338.37392753244677,6971.17822265625,1.1236711740493774,1286.699951171875,116.83731605998071,25568.060546875,7757800.0,28677672181,0.0,56.0,33944900.0,361240000.0
2019-05-14,336.93011474609375,7994.416015625,1.1232547760009766,1294.699951171875,117.42096710205078,25532.05078125,339.93561061496627,8268.712890625,1.1246063709259033,1297.800048828125,118.50357266488584,25688.9609375,331.22359919301016,7696.39111328125,1.120485782623291,1294.699951171875,116.45131789676891,25384.029296875,333.84602697367893,7807.88427734375,1.1232421398162842,1297.800048828125,116.61136154879141,25384.029296875,4747800.0,32031452227,0.0,6.0,25266300.0,291570000.0
2019-05-15,339.4837951660156,8205.16796875,1.1204482316970825,1296.300048828125,119.07454681396484,25648.01953125,342.58748579865056,8216.423828125,1.1222715377807617,1296.9000244140625,119.7265205498767,25724.890625,331.62628374885367,7899.10693359375,1.1180429458618164,1296.0,116.88241128286991,25341.939453125,333.74778545434333,7989.37451171875,1.120360255241394,1296.9000244140625,117.41155241720942,25400.130859375,4810000.0,28344112920,0.0,55.0,24722700.0,270720000.0
2019-05-16,347.5082702636719,7884.9091796875,1.1207244396209717,1285.0,121.82415008544922,25862.6796875,350.1503609390868,8320.82421875,1.122435212135315,1285.4000244140625,122.2493603372447,25957.630859375,339.66059013894204,7729.6083984375,1.1174308061599731,1285.0,119.49028762464572,25692.140625,342.43037017379777,8194.5009765625,1.1209505796432495,1285.199951171875,119.76430544101962,25692.140625,6036500.0,33167197581,0.0,3.0,30112200.0,320960000.0
2019-05-17,348.6966857910156,7343.8955078125,1.1173559427261353,1274.5,121.01156616210938,25764.0,353.57816572923326,7929.1455078125,1.1184431314468384,1280.0,123.26984329748633,25948.740234375,344.90545109735484,7038.12451171875,1.1157352924346924,1274.5,120.8698246006184,25657.779296875,345.2393917200587,7886.92578125,1.117480754852295,1280.0,121.2383295919873,25719.94921875,5282900.0,30066644905,0.0,1.0,25770500.0,283760000.0
2019-05-18,,7271.2080078125,,,,,,7447.27197265625,,,,,,7251.50439453125,,,,,,7341.66455078125,,,,,,21354286562,,,,
2019-05-19,,8197.689453125,,,,,,8261.94140625,,,,,,7267.962890625,,,,,,7267.962890625,,,,,,25902422040,,,,
2019-05-20,346.5064392089844,7978.30908203125,1.1165324449539185,1276.0999755859375,119.26351928710938,25679.900390625,349.60032832762096,8200.9677734375,1.1177005767822266,1276.0999755859375,120.55800857170571,25751.7109375,344.2866826470166,7678.78173828125,1.1151255369186401,1276.0999755859375,118.82887256588862,25560.55078125,346.7126904904862,8196.923828125,1.1165324449539185,1276.0999755859375,119.54698077890976,25655.310546875,3219900.0,23843404340,0.0,20.0,23706900.0,279560000.0
2019-05-21,352.36029052734375,7963.32763671875,1.1168566942214966,1272.0,119.90603637695312,25877.330078125,354.3443014422412,8062.16796875,1.11831796169281,1272.0,120.5013119693676,25898.26953125,348.5592240358271,7843.33984375,1.1142433881759644,1272.0,119.60367314143826,25779.609375,351.6531132749201,7977.96923828125,1.1169440746307373,1272.0,120.4068248099395,25782.33984375,4022600.0,25127245056,0.0,0.0,15293300.0,260870000.0
2019-05-22,346.4966125488281,7680.06640625,,1273.5999755859375,120.63360595703125,25776.609375,351.20130595729347,7997.6123046875,,1273.5999755859375,121.17219795145921,25878.2109375,345.48495914106485,7615.9873046875,,1273.5999755859375,119.54698550655328,25755.109375,350.85753383398935,7956.2919921875,,1273.5999755859375,119.64147988313216,25818.4609375,3841400.0,24719473175,,0.0,15396500.0,241760000.0
2019-05-23,344.3063049316406,7881.8466796875,1.1155484914779663,1284.800048828125,119.22573852539062,25490.470703125,345.2099319030322,7943.79150390625,1.1172809600830078,1284.800048828125,119.3296765819423,25657.990234375,335.07373531937196,7533.19677734375,1.1109507083892822,1284.800048828125,117.86510011883023,25328.08984375,339.75879552889165,7677.26904296875,1.115511178970337,1284.800048828125,119.24463307707754,25657.990234375,5305400.0,24457107820,0.0,0.0,23603800.0,316940000.0
2019-05-24,348.578857421875,7987.37158203125,1.1184556484222412,1283.0,119.28238677978516,25585.689453125,354.96308568957977,8140.7197265625,1.1212018728256226,1283.0,120.3973523626754,25670.810546875,346.71270438458237,7824.44873046875,1.1178054809570312,1283.0,119.02727077414133,25496.19921875,348.6770823131069,7881.6953125,1.1183805465698242,1283.0,119.9154657732474,25551.0703125,5387500.0,25919126991,0.0,9.0,14123400.0,201370000.0
2019-05-25,,8052.5439453125,,,,,,8117.92578125,,,,,,7965.97607421875,,,,,,7991.88525390625,,,,,,22256813107,,,,
2019-05-26,,8673.2158203125,,,,,,8687.5205078125,,,,,,7924.67041015625,,,,,,8055.2060546875,,,,,,26677970091,,,,
2019-05-27,,8805.7783203125,1.1209630966186523,,,,,8907.1748046875,1.1218308210372925,,,,,8668.705078125,1.118806004524231,,,,,8674.072265625,1.1206364631652832,,,,,27949839564,0.0,,,
2019-05-28,348.5592346191406,8719.9619140625,1.1193821430206299,1276.5,119.20682525634766,25347.76953125,352.910324664207,8807.0166015625,1.1199462413787842,1276.5,120.94541209493637,25717.630859375,348.5592346191406,8634.7216796875,1.1171810626983643,1276.5,119.1028872161159,25342.279296875,348.96193570313966,8802.7578125,1.1193571090698242,1276.5,119.98163151422452,25616.55078125,3504300.0,24226919267,0.0,0.0,23128400.0,358980000.0
2019-05-29,342.5874938964844,8659.4873046875,1.1170687675476074,1280.5999755859375,118.05406188964844,25126.41015625,346.50644819076587,8755.8525390625,1.1175681352615356,1280.5999755859375,118.47925771596395,25231.4609375,339.8864742829902,8482.728515625,1.1125946044921875,1280.5999755859375,117.20366302810916,24938.240234375,346.30999841108235,8718.591796875,1.1170687675476074,1280.5999755859375,118.46980683725012,25231.4609375,4160500.0,23473479966,0.0,189694.0,22763100.0,298930000.0
2019-05-30,343.6384582519531,8319.47265625,1.1137346029281616,1287.0999755859375,118.80052185058594,25169.880859375,345.65196367241265,9008.314453125,1.1146035194396973,1288.300048828125,118.82886727761367,25218.5390625,341.7428406888612,8221.2734375,1.1118524074554443,1273.9000244140625,117.90287581089494,25066.75,343.76614761691263,8661.7607421875,1.1138337850570679,1279.4000244140625,118.35642427006309,25139.939453125,2183900.0,29246528551,0.0,55573.0,16829600.0,215240000.0
2019-05-31,335.5255432128906,8574.501953125,1.1131147146224976,1305.800048828125,116.86351776123047,24815.0390625,339.69004462396305,8586.6591796875,1.1179429292678833,1306.4000244140625,117.75171303723164,25046.310546875,335.2799959824228,8172.55078125,1.1126564741134644,1287.5,116.52335817505595,24809.509765625,339.69004462396305,8320.2861328125,1.1129908561706543,1287.699951171875,117.38320802036075,25046.310546875,3217600.0,25365190957,0.0,2814.0,26646800.0,292230000.0
2019-06-01,,8564.0166015625,,,,,,8625.6005859375,,,,,,8481.578125,,,,,,8573.83984375,,,,,,22488303544,,,,
2019-06-02,,8742.9580078125,,,,,,8809.3037109375,,,,,,8561.2353515625,,,,,,8565.4736328125,,,,,,20266216022,,,,
2019-06-03,332.8540344238281,8208.9951171875,1.1174057722091675,1322.699951171875,113.23513793945312,24819.779296875,333.07008722215613,8743.5,1.1211000680923462,1327.800048828125,117.51547769437511,24935.2109375,324.78043989163695,8204.185546875,1.1162209510803223,1307.0,112.45088801633945,24680.5703125,332.1763216366201,8741.7470703125,1.1173434257507324,1307.0,117.02413292367602,24830.16015625,5148000.0,22004511436,0.0,812.0,37983600.0,328240000.0
2019-06-04,338.48193359375,7707.77099609375,1.124631643295288,1323.4000244140625,116.3721923828125,25332.1796875,340.24006011577166,8210.9853515625,1.1277772188186646,1328.5999755859375,116.48557411752446,25343.76953125,334.0620835480383,7564.48876953125,1.1227755546569824,1320.800048828125,114.00052590998546,24962.8203125,336.46845834031416,8210.9853515625,1.1245558261871338,1324.300048828125,114.59580164395292,24962.8203125,3592300.0,24609731549,0.0,302.0,29382600.0,281690000.0
2019-06-05,342.53839111328125,7824.2314453125,1.1254037618637085,1328.300048828125,118.89501190185547,25539.5703125,346.9582413211946,7901.84912109375,1.130454421043396,1343.300048828125,118.9328082084477,25544.66015625,326.567989436999,7668.66845703125,1.123987078666687,1326.300048828125,117.36429392495742,25373.580078125,340.05345430645997,7704.34326171875,1.1255050897598267,1328.9000244140625,118.06350757464293,25451.0,3188400.0,21760923463,0.0,622.0,24926100.0,262660000.0
2019-06-06,344.3947448730469,7822.0234375,1.1229015588760376,1337.5999755859375,120.77534484863281,25720.66015625,345.3769338146551,7937.3408203125,1.1307867765426636,1338.699951171875,120.91707920991507,25800.30078125,339.4248412524036,7571.47119140625,1.1223849058151245,1326.199951171875,118.6776964866006,25518.05078125,341.97853849539064,7819.63330078125,1.122725009918213,1330.800048828125,119.47140458443587,25567.44921875,2582300.0,19474611077,0.0,161.0,21459000.0,248070000.0
2019-06-07,347.4002380371094,8043.951171875,1.1276500225067139,1341.199951171875,124.15802001953125,25983.939453125,348.95208336466686,8126.1533203125,1.1348161697387695,1347.699951171875,124.96117892150316,26072.75,346.0251495499244,7788.37353515625,1.1253150701522827,1329.800048828125,121.19107842752165,25768.720703125,346.0251495499244,7826.9013671875,1.127548336982727,1333.0999755859375,122.06982994291113,25768.720703125,2470700.0,19141423231,0.0,240.0,33885600.0,263010000.0
2019-06-08,,7954.1279296875,,,,,,8076.89111328125,,,,,,7837.61083984375,,,,,,8036.77490234375,,,,,,16522722810,,,,
2019-06-09,,7688.0771484375,,,,,,7975.97412109375,,,,,,7583.2197265625,,,,,,7949.6748046875,,,,,,16610726547,,,,
2019-06-10,347.4984436035156,8000.32958984375,1.1320157051086426,1324.699951171875,125.29187774658203,26062.6796875,351.03432987004334,8031.90966796875,1.1326953172683716,1336.5,126.69030485989249,26210.609375,347.2528963624238,7586.73095703125,1.12920343875885,1324.0999755859375,124.72494043203776,26054.310546875,349.6592713147349,7692.28466796875,1.1319003105163574,1335.800048828125,125.1028890298574,26090.220703125,2560800.0,18689275117,0.0,268.0,26477100.0,249280000.0
2019-06-11,343.1080627441406,7927.71435546875,1.1318106651306152,1326.4000244140625,124.81946563720703,26048.509765625,349.138717460953,8026.39404296875,1.1332728862762451,1328.4000244140625,126.84152141266667,26248.669921875,341.9294539541061,7772.8037109375,1.1304799318313599,1319.0999755859375,124.04465207703676,25998.869140625,349.08962000162904,8004.24365234375,1.1318362951278687,1328.4000244140625,126.50136182343896,26180.58984375,2702700.0,17107279932,0.0,201.0,23913700.0,253490000.0
2019-06-12,340.8490295410156,8145.857421875,1.1329518556594849,1331.9000244140625,124.2430648803711,26004.830078125,343.04912319359244,8196.6484375,1.1343011856079102,1334.5,124.69660612173972,26082.099609375,336.69435949891727,7862.35986328125,1.1308507919311523,1326.9000244140625,123.50605495646604,25958.66015625,342.7839429681926,7925.43408203125,1.132939100265503,1326.9000244140625,124.15801418313889,26040.30078125,2738300.0,19034432883,0.0,139.0,17092500.0,223690000.0
2019-06-13,342.64642333984375,8230.923828125,1.1295605897903442,1339.199951171875,125.02730560302734,26106.76953125,342.8428731198164,8311.5673828125,1.1305004358291626,1341.0999755859375,125.66982107594752,26146.91015625,337.9712243115817,8087.06103515625,1.127116084098816,1331.5999755859375,124.30918311233512,25995.7109375,341.065113514968,8145.54541015625,1.1293054819107056,1331.5999755859375,124.70603344875303,26036.939453125,2621300.0,18669407147,0.0,157.0,17200800.0,213400000.0
2019-06-14,340.9767150878906,8693.8330078125,1.1280443668365479,1340.0999755859375,125.15018463134766,26089.609375,342.95092444365633,8710.63671875,1.1290504932403564,1355.4000244140625,126.41632878352816,26162.279296875,339.72934592810395,8183.39306640625,1.1215037107467651,1339.300048828125,124.38482905305676,25988.08984375,341.8017501983827,8230.8984375,1.1279551982879639,1345.4000244140625,124.97065393168528,26076.359375,2258400.0,19831162906,0.0,914.0,17821700.0,208020000.0
2019-06-15,,8838.375,,,,,,8859.1279296875,,,,,,8618.3955078125,,,,,,8689.74609375,,,,,,18371033226,,,,
2019-06-16,,8994.48828125,,,,,,9335.8671875,,,,,,8814.556640625,,,,,,8841.4404296875,,,,,,23348550311,,,,
2019-06-17,348.578857421875,9320.3525390625,1.1217050552368164,1338.699951171875,125.52814483642578,26112.529296875,349.7083687359709,9416.4072265625,1.1246000528335571,1340.300048828125,126.35963493732118,26165.779296875,340.8686680576105,8988.923828125,1.1205360889434814,1335.0,125.22577431404922,26049.80078125,342.410711925269,8988.923828125,1.121604323387146,1339.0,125.32026870674692,26108.529296875,3746400.0,15562951919,0.0,76.0,14517800.0,199500000.0
2019-06-18,367.2993469238281,9081.7626953125,1.1224603652954102,1346.5999755859375,127.71078491210938,26465.5390625,367.9770596521824,9348.3740234375,1.12440025806427,1349.300048828125,127.78637751614586,26527.189453125,351.23075115792483,9004.9013671875,1.1182304620742798,1341.5999755859375,126.20841975364854,26227.80078125,351.24055266443395,9335.466796875,1.12271249294281,1349.300048828125,126.79424441266258,26228.900390625,9199200.0,15848210536,0.0,29.0,25934500.0,273490000.0
2019-06-19,361.99554443359375,9273.521484375,1.1198208332061768,1344.5999755859375,128.21156311035156,26504.0,372.5540752791516,9299.62109375,1.1222084760665894,1344.5999755859375,128.438326486627,26569.75,361.7892931539895,9070.3955078125,1.1188685894012451,1344.0,126.43517310118659,26415.05078125,368.7137130212329,9078.7275390625,1.1197456121444702,1344.0,127.55958956793191,26490.16015625,5716000.0,15546809946,0.0,129.0,23744400.0,240950000.0
2019-06-20,368.2029724121094,9527.16015625,1.1238480806350708,1392.9000244140625,129.4021759033203,26753.169921875,369.0967678904767,9594.419921875,1.1315160989761353,1392.9000244140625,130.0730515201712,26798.630859375,362.38840104948684,9232.484375,1.1235828399658203,1379.5,128.2399697912932,26539.689453125,366.35645252045174,9273.060546875,1.1235828399658203,1381.5,129.8746190533272,26665.380859375,3794500.0,17846823784,0.0,76.0,33042600.0,278170000.0
2019-06-21,365.21710205078125,10144.556640625,1.1295605897903442,1396.199951171875,129.4210662841797,26719.130859375,369.4110376917036,10144.556640625,1.1333370208740234,1406.0,130.13917461861956,26907.369140625,365.099244183443,9525.07421875,1.1283625364303589,1390.300048828125,128.9391795039684,26705.869140625,367.72170162782106,9525.07421875,1.1293182373046875,1406.0,129.05256123629587,26749.119140625,4923700.0,20624008643,0.0,35.0,36727900.0,485560000.0
2019-06-22,,10701.69140625,,,,,,11157.345703125,,,,,,10107.03515625,,,,,,10175.923828125,,,,,,29995204861,,,,
2019-06-23,,10855.37109375,,,,,,11246.14453125,,,,,,10556.095703125,,,,,,10696.69140625,,,,,,20998326502,,,,
2019-06-24,367.3288269042969,11011.1025390625,1.1384724378585815,1414.300048828125,130.18638610839844,26727.5390625,368.8021102935425,11065.896484375,1.1401208639144897,1420.5999755859375,130.7722107885161,26806.51953125,365.4725054203415,10610.427734375,1.1373846530914307,1402.0999755859375,129.44937621476154,26723.369140625,366.3073720023862,10853.744140625,1.1383039951324463,1406.0,129.44937621476154,26727.609375,2323200.0,19271652365,0.0,125.0,20628800.0,232390000.0
2019-06-25,362.7420349121094,11790.9169921875,1.140029788017273,1414.9000244140625,126.0761489868164,26548.220703125,368.56640826737805,11790.9169921875,1.141396164894104,1433.300048828125,130.00687873484404,26752.310546875,361.4750027574496,11007.2021484375,1.1378376483917236,1414.9000244140625,125.41473158157572,26527.66015625,368.0753137860091,11007.2021484375,1.1400169134140015,1418.0999755859375,129.68562091198686,26731.609375,3005400.0,24879684533,0.0,105.0,33327400.0,282160000.0
2019-06-26,368.2619323730469,13016.2314453125,1.1369967460632324,1411.5999755859375,126.548583984375,26536.8203125,372.2299841783195,13796.4892578125,1.1389521360397339,1413.300048828125,128.25883987595756,26660.0390625,363.4099164954289,11755.59765625,1.1350866556167603,1405.800048828125,126.23678427006334,26536.330078125,364.41173844754985,11778.5810546875,1.1368545293807983,1407.199951171875,126.94544882004239,26599.419921875,4542000.0,45105733173,0.0,1333.0,23657700.0,274340000.0
2019-06-27,357.5364074707031,11182.806640625,1.1374752521514893,1408.4000244140625,126.75643157958984,26526.580078125,363.3411477082232,13311.14453125,1.1383039951324463,1410.800048828125,127.28557976892971,26607.240234375,355.89616872487886,10491.8525390625,1.1348419189453125,1399.800048828125,126.15170520958681,26465.3203125,360.9937317259999,13017.125,1.1374623775482178,1407.0,126.74698791146044,26523.720703125,8980000.0,39977475223,0.0,437.0,16557500.0,246930000.0
2019-06-28,357.526611328125,12407.33203125,1.1372941732406616,1409.699951171875,126.57695770263672,26599.9609375,359.70707200856987,12445.1748046875,1.1393414735794067,1422.0,127.18168427484626,26638.349609375,355.1300678784819,10914.4951171875,1.1361312866210938,1408.300048828125,125.82104588292012,26522.26953125,357.4382179190023,11162.16796875,1.1371389627456665,1408.300048828125,127.15333884316603,26605.9296875,4737100.0,35087757766,0.0,356.0,30043000.0,499350000.0
2019-06-29,,11959.37109375,,,,,,12400.91015625,,,,,,11508.37890625,,,,,,12400.763671875,,,,,,29923961128,,,,
2019-06-30,,10817.1552734375,,,,,,12178.3837890625,,,,,,10799.0087890625,,,,,,11931.9912109375,,,,,,27256473494,,,,
2019-07-01,350.1110534667969,10583.134765625,1.1364928483963013,1385.5999755859375,128.20211791992188,26717.4296875,358.72486946470605,11206.439453125,1.1367511749267578,1395.800048828125,129.16590561947856,26890.640625,347.0269958494563,10089.314453125,1.1305694580078125,1382.800048828125,127.53125697387533,26616.2109375,358.3810973484541,10796.9306640625,1.1363636255264282,1386.5999755859375,129.0997711006839,26805.859375,6392600.0,29378589324,0.0,214.0,22613500.0,267670000.0
2019-07-02,347.85205078125,10801.677734375,1.1287446022033691,1404.5999755859375,129.05255126953125,26786.6796875,350.42538109841377,10912.1884765625,1.1321053504943848,1418.4000244140625,129.06199494055605,26787.560546875,346.40823178987574,9737.884765625,1.1276754140853882,1390.800048828125,127.88088726063043,26632.650390625,349.29586977262426,10588.68359375,1.1287063360214233,1391.0999755859375,128.61789729947856,26719.529296875,3774700.0,31015895223,0.0,38.0,15237800.0,219270000.0
2019-07-03,348.1565246582031,11961.26953125,1.1293054819107056,1417.699951171875,129.88404846191406,26966.0,348.52976126185797,11968.078125,1.1305310726165771,1434.0,130.1486154140689,26966.0,345.9858954318239,10818.15625,1.127039909362793,1413.0999755859375,128.77851904734572,26831.439453125,348.18598912827963,10818.15625,1.1290887594223022,1431.0,129.26042018134154,26832.3203125,2164900.0,30796494294,0.0,46.0,13629300.0,149840000.0
2019-07-04,,11215.4375,1.1287955045700073,,,,,12006.0751953125,1.1298158168792725,,,,,11166.5693359375,1.1274338960647583,,,,,11972.71875,1.1287955045700073,,,,,25920294033,0.0,,,
2019-07-05,349.521728515625,10978.4599609375,1.128579020500183,1396.699951171875,129.50604248046875,26922.119140625,350.8869854778652,11395.6611328125,1.1287955045700073,1418.300048828125,129.76116567762398,26950.810546875,345.1706388705756,10874.96484375,1.120824933052063,1390.199951171875,128.23989899768964,26733.330078125,347.6948715441967,11203.1025390625,1.128604531288147,1418.300048828125,128.44777502236235,26867.75,3208200.0,23838480210,0.0,20.0,18141100.0,192170000.0
2019-07-06,,11208.55078125,,,,,,11620.96484375,,,,,,10982.5439453125,,,,,,10982.5439453125,,,,,,21092024306,,,,
2019-07-07,,11450.8466796875,,,,,,11541.6201171875,,,,,,11148.8046875,,,,,,11217.6162109375,,,,,,19369044277,,,,
2019-07-08,344.8661804199219,12285.9580078125,1.1227376461029053,1397.0,129.41163635253906,26806.140625,346.67340449675976,12345.8330078125,1.123721718788147,1397.0,129.54391986023933,26839.140625,343.17681422161263,11393.3740234375,1.1208375692367554,1393.5999755859375,127.90925615058921,26744.869140625,344.1688346559421,11446.5966796875,1.1227880716323853,1395.9000244140625,128.88248790391702,26835.640625,3262300.0,23482551458,0.0,14.0,16779700.0,214290000.0
2019-07-09,346.80108642578125,12573.8125,1.121604323387146,1397.5,128.93919372558594,26783.490234375,347.54755960583907,12779.1318359375,1.1222084760665894,1397.5,129.42108055894795,26807.69921875,341.7035234704441,12233.26171875,1.1195324659347534,1386.199951171875,128.3155652933614,26665.5703125,342.83303474751284,12284.326171875,1.12147855758667,1394.5,128.5045396740237,26725.119140625,4828200.0,28167921523,0.0,53.0,19953100.0,218330000.0
2019-07-10,346.025146484375,12156.5126953125,1.120824933052063,1410.0999755859375,130.25254821777344,26860.19921875,350.1699849491897,13129.529296875,1.1262998580932617,1410.0999755859375,130.94231099971086,26983.44921875,344.99386010215034,11710.978515625,1.1202598810195923,1409.9000244140625,129.46829106337688,26813.109375,348.1761426292686,12571.537109375,1.1204607486724854,1409.9000244140625,129.57222910595513,26851.9609375,2946700.0,33627574244,0.0,50.0,24204400.0,207990000.0
2019-07-11,352.6058044433594,11358.662109375,1.125885248184204,1404.300048828125,130.77223205566406,27088.080078125,352.86118314132966,12144.623046875,1.1287955045700073,1424.0,131.54704558759445,27088.44921875,344.45364880934875,11158.9228515625,1.1251758337020874,1404.300048828125,130.27144357002823,26916.3203125,346.3394346549007,12139.7138671875,1.1261261701583862,1424.0,130.58325771694038,26950.16015625,5059200.0,28595327690,0.0,6.0,22327900.0,252300000.0
2019-07-12,358.82305908203125,11815.986328125,1.1252391338348389,1409.9000244140625,131.24465942382812,27332.029296875,358.9409469286845,11905.4873046875,1.1278001070022583,1410.0999755859375,131.4619935843096,27333.7890625,351.7611484389212,11179.14453125,1.123974323272705,1405.5999755859375,130.40371146188022,27135.44921875,353.5880054126873,11354.2998046875,1.1250239610671997,1405.5999755859375,131.19742665815627,27139.490234375,3592800.0,23534692797,0.0,8.0,18936800.0,248390000.0
2019-07-13,,11392.37890625,,,,,,11841.95703125,,,,,,10908.4794921875,,,,,,11813.126953125,,,,,,21042616384,,,,
2019-07-14,,10256.05859375,,,,,,11451.2041015625,,,,,,10234.576171875,,,,,,11381.0205078125,,,,,,22486000001,,,,
2019-07-15,355.1693115234375,10895.08984375,1.1272051334381104,1411.4000244140625,131.24465942382812,27359.16015625,356.3872461341695,11052.7666015625,1.1285994052886963,1415.0,131.84938588615228,27364.689453125,352.6254458852071,9992.0068359375,1.1255683898925781,1411.4000244140625,130.82892169545588,27294.169921875,354.0790962387786,10257.8388671875,1.1271796226501465,1414.4000244140625,131.75490593699246,27364.689453125,4814600.0,25384047207,0.0,25.0,16651500.0,199730000.0
2019-07-16,356.2890319824219,9477.6416015625,1.1261768341064453,1409.199951171875,129.5249481201172,27335.630859375,358.842729178204,10996.6328125,1.126633644104004,1413.699951171875,131.38637431284965,27398.6796875,354.76665114068123,9448.1064453125,1.1209003925323486,1405.0,128.9958143751845,27290.240234375,354.82558007816624,10896.6533203125,1.1260881423950195,1413.5999755859375,131.30133805051688,27349.3203125,2960400.0,24151199070,0.0,13.0,22726100.0,226000000.0
2019-07-17,362.9384765625,9693.802734375,1.1212271451950073,1421.300048828125,128.75962829589844,27219.849609375,363.16439082817584,9963.134765625,1.1233429908752441,1421.300048828125,130.32812820846664,27343.060546875,355.55242590885643,9163.134765625,1.1201093196868896,1404.5999755859375,128.71238110901845,27218.380859375,356.28906767524217,9471.2138671875,1.1213276386260986,1404.5999755859375,130.11080845019936,27320.91015625,4010000.0,24569921549,0.0,6.0,20211000.0,193930000.0
2019-07-18,354.6782531738281,10666.482421875,1.12296462059021,1426.0999755859375,128.9013671875,27222.970703125,361.8875467656742,10736.8427734375,1.1247328519821167,1444.199951171875,129.0903415344269,27266.810546875,353.34249052975565,9376.798828125,1.1206239461898804,1419.5,127.24781642070725,27068.7890625,361.0526801261142,9698.5029296875,1.1227755546569824,1422.300048828125,128.0793208485678,27191.98046875,4582800.0,25187024648,0.0,66.0,30381800.0,216070000.0
2019-07-19,370.6388244628906,10530.732421875,1.1261515617370605,1425.0999755859375,129.09030151367188,27154.19921875,371.6603094095844,10716.98046875,1.1271415948867798,1442.0,132.91709212828326,27342.9609375,361.93664436183354,10229.62890625,1.1215037107467651,1425.0999755859375,128.92967264769146,27145.779296875,364.0680076678154,10653.9560546875,1.1261515617370605,1440.5,132.4918963750629,27246.380859375,9504000.0,20727426310,0.0,22.0,48992400.0,287690000.0
2019-07-20,,10767.1396484375,,,,,,11048.662109375,,,,,,10451.2763671875,,,,,,10525.8193359375,,,,,,20206615155,,,,
2019-07-21,,10599.10546875,,,,,,10841.8876953125,,,,,,10389.599609375,,,,,,10777.529296875,,,,,,17130580467,,,,
2019-07-22,366.7690124511719,10343.1064453125,1.1218308210372925,1425.300048828125,130.80055236816406,27171.900390625,375.6676419779434,10651.791015625,1.12271249294281,1425.300048828125,131.5186749023592,27227.76953125,365.26626455026746,10154.921875,1.1208375692367554,1424.0,129.76118649586255,27088.900390625,370.2263067791666,10596.9482421875,1.1218056678771973,1425.300048828125,129.83677910039967,27174.1796875,4265100.0,16334414913,0.0,1.0,25074900.0,216310000.0
2019-07-23,366.42523193359375,9900.767578125,1.1206114292144775,1420.0999755859375,131.61314392089844,27349.189453125,369.72537235648707,10346.748046875,1.121076226234436,1421.300048828125,132.2745755512463,27368.810546875,364.07778599935835,9883.5947265625,1.1149640083312988,1416.300048828125,130.4225929383373,27204.580078125,367.6038406671867,10346.748046875,1.1204984188079834,1418.5999755859375,132.05724142455992,27231.859375,3354900.0,17851916995,0.0,5.0,18034600.0,248850000.0
2019-07-24,354.9925537109375,9811.92578125,1.1151255369186401,1422.800048828125,132.96438598632812,27269.970703125,364.7456830298666,9908.796875,1.1155734062194824,1422.800048828125,132.9832877471425,27291.0390625,353.6174951420198,9614.306640625,1.1130032539367676,1422.800048828125,131.19745342239003,27191.119140625,363.684932126424,9887.73046875,1.115100622177124,1422.800048828125,131.24468619769735,27262.240234375,7447900.0,17398734322,0.0,20.0,20738300.0,244320000.0
2019-07-25,341.89013671875,9911.841796875,1.1142433881759644,1413.9000244140625,132.46356201171875,27140.98046875,351.3191563221913,10154.25390625,1.1186933517456055,1413.9000244140625,132.86041237571064,27298.4296875,339.55252229909803,9773.95703125,1.110383152961731,1413.9000244140625,131.64151585900808,27062.48046875,349.83604146497765,9809.0966796875,1.114230990409851,1413.9000244140625,132.69032540953398,27247.390625,9663700.0,15821952090,0.0,4.0,18356900.0,241420000.0
2019-07-26,338.8551940917969,9870.3037109375,1.1146159172058105,1418.5,133.5501708984375,27192.44921875,342.22409505958035,9916.517578125,1.1153244972229004,1423.0,133.8714286471754,27213.69921875,335.90862718665085,9717.982421875,1.1115680932998657,1418.5,132.56749589705836,27123.25,340.03383284346677,9913.126953125,1.1145166158676147,1422.800048828125,132.6336304134151,27166.0,4441100.0,14495714483,0.0,5.0,19037600.0,233650000.0
2019-07-27,,9477.677734375,,,,,,10167.3203125,,,,,,9411.521484375,,,,,,9871.1650390625,,,,,,16817809536,,,,
2019-07-28,,9552.8603515625,,,,,,9575.544921875,,,,,,9252.296875,,,,,,9491.626953125,,,,,,13738687093,,,,
2019-07-29,334.1505126953125,9519.1455078125,1.1132138967514038,1419.5999755859375,133.2572479248047,27221.349609375,339.91595735358965,9681.6484375,1.1144545078277588,1419.5999755859375,133.71078908782786,27275.849609375,333.07009879598627,9472.9482421875,1.1114444732666016,1419.5999755859375,131.68873398115807,27178.060546875,338.845374935994,9548.1787109375,1.113089919090271,1419.5999755859375,133.7013454199072,27192.240234375,4116600.0,13791445323,0.0,224267.0,16605900.0,250850000.0
2019-07-30,341.2713623046875,9607.423828125,1.1143054962158203,1429.699951171875,132.6147918701172,27198.01953125,341.30082677406494,9701.759765625,1.1158099174499512,1433.9000244140625,133.43683829958968,27224.359375,330.5655088031429,9437.3359375,1.1133253574371338,1422.0999755859375,132.09510154546558,27069.859375,333.787087342533,9522.3291015625,1.1142184734344482,1426.300048828125,132.41635941240654,27145.390625,4528000.0,13829811132,0.0,73874.0,16846500.0,293250000.0
2019-07-31,335.1031799316406,10085.6279296875,1.1157974004745483,1426.0999755859375,128.75962829589844,26864.26953125,345.03312465183956,10085.6279296875,1.1164453029632568,1435.800048828125,132.74704864924013,27281.650390625,334.97549058709427,9598.09765625,1.1127803325653076,1411.199951171875,127.63521157011394,26719.599609375,342.2829779261412,9604.05078125,1.1157352924346924,1431.300048828125,132.5958634183511,27244.669921875,5219700.0,16631520648,0.0,3294.0,38598800.0,385150000.0
2019-08-01,328.3359680175781,10399.6689453125,1.1071745157241821,1420.9000244140625,130.45095825195312,26583.419921875,338.1578579821254,10446.919921875,1.1072970628738403,1445.199951171875,133.17223453311303,27175.58984375,327.0689358194233,9922.01953125,1.1027547121047974,1400.9000244140625,129.38323246317267,26548.7109375,335.8202433747184,10077.4423828125,1.1072235107421875,1411.300048828125,129.44938140341958,26879.859375,6465300.0,17165337858,0.0,2431.0,40557500.0,386320000.0
2019-08-02,333.5120849609375,10518.1748046875,1.1078859567642212,1445.5999755859375,129.35488891601562,26485.009765625,334.4746409442244,10657.953125,1.1114197969436646,1448.0,130.6966397370034,26570.01953125,326.4010463947808,10371.013671875,1.1070764064788818,1432.300048828125,127.80527643735682,26249.220703125,328.60114010054673,10402.04296875,1.1081806421279907,1448.0,130.47930557401992,26528.66015625,4675400.0,17489094082,0.0,1873.0,30791600.0,327640000.0
2019-08-03,,10821.7265625,,,,,,10946.78125,,,,,,10503.5048828125,,,,,,10519.2783203125,,,,,,15352685061,,,,
2019-08-04,,10970.1845703125,,,,,,11009.20703125,,,,,,10620.2783203125,,,,,,10821.6328125,,,,,,16530894787,,,,
2019-08-05,325.1634521484375,11805.6533203125,1.1108025312423706,1464.5999755859375,124.92338562011719,25717.740234375,327.43230609076215,11895.091796875,1.1199462413787842,1469.699951171875,126.54857629154948,26259.23046875,321.1364716969172,10960.7353515625,1.1107407808303833,1440.4000244140625,123.57219112969729,25523.380859375,326.5385106022667,10960.7353515625,1.1107407808303833,1440.4000244140625,125.95330790986883,26259.23046875,5876100.0,23875988832,0.0,1008.0,42749600.0,422240000.0
2019-08-06,326.5287170410156,11478.1689453125,1.1243788003921509,1472.4000244140625,127.2667236328125,26029.51953125,329.720831017304,12273.8212890625,1.1249732971191406,1475.0,128.20215173641057,26038.6796875,323.2776741277026,11290.7314453125,1.1170687675476074,1457.699951171875,125.86829610426304,25710.869140625,328.041266390019,11811.544921875,1.1242650747299194,1469.699951171875,126.4257754978161,25810.619140625,3653300.0,23635107660,0.0,460.0,32696700.0,318160000.0
2019-08-07,325.477783203125,11941.96875,1.1206992864608765,1507.300048828125,127.82417297363281,26007.0703125,327.7073413574459,12036.990234375,1.1240994930267334,1509.9000244140625,128.17377616912023,26073.2109375,318.7890787661339,11433.701171875,1.1180930137634277,1473.199951171875,124.56431925800649,25440.390625,322.74729908621845,11476.193359375,1.1205862760543823,1473.5,126.41628768675763,25814.220703125,4187600.0,22194988641,0.0,824.0,33414500.0,344790000.0
2019-08-08,332.4206848144531,11966.4072265625,1.1204355955123901,1497.699951171875,131.2352294921875,26378.189453125,332.4997369644338,11979.419921875,1.1228384971618652,1508.5,131.3297238690553,26383.609375,325.0181642779366,11556.16796875,1.1184431314468384,1492.0,128.4383603000221,26038.099609375,327.4296620267179,11954.0400390625,1.120485782623291,1498.4000244140625,129.07144667296456,26086.51953125,3673000.0,19481591730,0.0,367.0,27496500.0,282530000.0
2019-08-09,333.6066589355469,11862.9365234375,1.1187183856964111,1496.5999755859375,130.12025451660156,26287.439453125,335.1187839522711,11970.4580078125,1.1219818592071533,1507.5,131.69821237145032,26413.359375,329.2778523378545,11709.7451171875,1.1184055805206299,1495.5999755859375,128.93914704280914,26097.640625,330.1574394897988,11953.4697265625,1.118730902671814,1506.199951171875,130.97064613060576,26337.08984375,3102900.0,18339989960,0.0,74.0,23466700.0,240260000.0
2019-08-10,,11354.0244140625,,,,,,11915.6552734375,,,,,,11323.8984375,,,,,,11861.556640625,,,,,,18125355447,,,,
2019-08-11,,11523.5791015625,,,,,,11523.5791015625,,,,,,11248.294921875,,,,,,11349.740234375,,,,,,15774371518,,,,
2019-08-12,329.050537109375,11382.6162109375,1.1208499670028687,1505.300048828125,128.30606079101562,25896.439453125,332.0846800527171,11528.189453125,1.1230276823043823,1514.9000244140625,130.26198168880524,26178.94921875,327.49887089470695,11320.951171875,1.1163331270217896,1488.0999755859375,127.7863850366302,25824.939453125,329.78188264397966,11528.189453125,1.1206867694854736,1496.0,129.51552810896402,26169.91015625,2683400.0,13647198229,0.0,257.0,20484300.0,199390000.0
2019-08-13,328.9714660644531,10895.830078125,1.1218308210372925,1502.199951171875,130.9612274169922,26279.91015625,333.4584375620654,11420.0498046875,1.1228259801864624,1531.4000244140625,131.15020176524646,26426.970703125,326.63905040874084,10830.3271484375,1.117817997932434,1483.699951171875,127.55963147714098,25833.25,327.943637213326,11385.052734375,1.1218308210372925,1510.4000244140625,128.55176482774914,25888.880859375,3689700.0,16681503537,0.0,672.0,25154600.0,308900000.0
2019-08-14,316.67681884765625,10051.7041015625,1.1177055835723877,1515.9000244140625,127.01741027832031,25479.419921875,325.69027281615644,10889.556640625,1.1191002130508423,1520.5,129.80462858125838,26035.080078125,316.66692601761224,10028.1357421875,1.1139951944351196,1497.0,126.72352247162674,25471.58984375,324.51417216147473,10889.4873046875,1.1177555322647095,1500.0,129.27373261228544,26035.080078125,5110400.0,19990838300,0.0,328.0,32527300.0,352250000.0
2019-08-15,324.1682434082031,10311.5458984375,1.1143302917480469,1519.5999755859375,126.73297882080078,25579.390625,324.2374328939278,10437.4111328125,1.1158995628356934,1522.699951171875,127.58621675813693,25639.689453125,315.81694580475437,9675.31640625,1.1095577478408813,1510.5999755859375,125.37729927694247,25339.599609375,319.2266543318586,10038.421875,1.114504098892212,1519.800048828125,127.40608826694948,25514.25,4721800.0,22899115082,0.0,87.0,28074400.0,332600000.0
2019-08-16,326.5896301269531,10374.3388671875,1.1113580465316772,1512.5,129.05563354492188,25886.009765625,327.29132732211616,10524.349609375,1.1113580465316772,1524.5999755859375,129.36848592022596,25929.650390625,322.66600724186554,9855.478515625,1.1067456007003784,1504.699951171875,127.71890461384724,25678.169921875,326.3623061742369,10319.419921875,1.1111358404159546,1524.5999755859375,127.8705932441445,25678.169921875,3866600.0,20228207096,0.0,1815.0,24449100.0,276210000.0
2019-08-17,,10231.744140625,,,,,,10452.625,,,,,,10086.6982421875,,,,,,10358.72265625,,,,,,13778035685,,,,
2019-08-18,,10345.810546875,,,,,,10487.0703125,,,,,,10119.0947265625,,,,,,10233.005859375,,,,,,12999813869,,,,
2019-08-19,329.8807373046875,10916.0537109375,1.109385371208191,1500.4000244140625,131.21717834472656,26135.7890625,331.98585919268106,10916.0537109375,1.1110000610351562,1507.5999755859375,131.34990231260173,26222.3203125,327.52853594929684,10313.2041015625,1.108819603919983,1492.9000244140625,129.77616493220503,26020.060546875,330.2760584203092,10350.283203125,1.109385371208191,1507.199951171875,130.68628247322587,26020.060546875,2335600.0,16038264603,0.0,205.0,24355700.0,252640000.0
2019-08-20,327.87445068359375,10763.232421875,1.1083157062530518,1504.5999755859375,130.12692260742188,25962.439453125,329.60400694190963,10947.0419921875,1.1099001169204712,1506.0999755859375,131.50158116632758,26160.119140625,325.03798324572654,10618.9609375,1.1068925857543945,1497.5,130.10797237473082,25952.0,328.58604075060066,10916.3466796875,1.1082541942596436,1497.5,131.0275649641743,26086.859375,2039000.0,15053082175,0.0,486.0,21170800.0,238100000.0
2019-08-21,336.0181579589844,10138.0498046875,1.1097793579101562,1504.5999755859375,131.57740783691406,26202.73046875,338.5778974324276,10798.7294921875,1.1107407808303833,1505.0,132.24104207649128,26268.3203125,329.31736450558594,9962.7216796875,1.1088809967041016,1498.800048828125,130.82846862064343,26141.76953125,331.56086520657925,10764.572265625,1.1098532676696777,1504.9000244140625,131.34988932352863,26145.359375,3265600.0,19473084768,0.0,350.0,14970300.0,208790000.0
2019-08-22,350.2697448730469,10131.0556640625,1.10907781124115,1497.300048828125,130.61993408203125,26252.240234375,352.2760289710398,10232.99609375,1.1114000082015991,1497.300048828125,131.96613867535072,26388.779296875,337.02629126021714,9831.462890625,1.1064517498016357,1493.800048828125,129.2073602612787,26099.009765625,338.4296857652399,10142.521484375,1.1090408563613892,1495.0999755859375,131.45420742216214,26271.640625,8320900.0,17097508856,0.0,686.0,18697000.0,222810000.0
2019-08-23,351.8510437011719,10407.96484375,1.1084016561508179,1526.5999755859375,126.45804595947266,25628.900390625,365.3712245072307,10442.443359375,1.1149004697799683,1527.5999755859375,131.16029320328053,26320.2890625,350.2104324682308,10078.1923828125,1.105299711227417,1493.5,125.89871029447315,25507.1796875,351.19875030775677,10136.3095703125,1.1083279848098755,1493.5,130.06057210659114,26134.2109375,11518700.0,15627023886,0.0,983.0,38508600.0,364260000.0
2019-08-24,,10159.9609375,,,,,,10418.0205078125,,,,,,9982.296875,,,,,,10407.64453125,,,,,,15451030650,,,,
2019-08-25,,10138.517578125,,,,,,10304.6220703125,,,,,,10008.7890625,,,,,,10160.7373046875,,,,,,14153856610,,,,
2019-08-26,354.84564208984375,10370.8203125,1.1143054962158203,1526.300048828125,128.41102600097656,25898.830078125,363.04866801352813,10512.328125,1.1152499914169312,1543.300048828125,128.51531017634923,25941.25,352.72076478778735,10126.2998046875,1.110839605331421,1524.300048828125,126.94157242648204,25716.390625,360.7755490692011,10126.2998046875,1.1143054962158203,1543.199951171875,127.97493906093155,25826.05078125,4661100.0,18438654080,0.0,334.0,20312600.0,222780000.0
2019-08-27,350.58599853515625,10185.5,1.1103708744049072,1541.0,128.68594360351562,25777.900390625,357.0891166569398,10381.328125,1.1118524074554443,1542.0999755859375,129.61501145250824,26054.01953125,349.48895004808156,10087.30078125,1.1088809967041016,1528.5,127.6620667131482,25721.849609375,355.2212116215283,10372.826171875,1.110111951828003,1530.5,129.3021589749658,26014.4609375,3740300.0,14762609503,0.0,166.0,23102100.0,263530000.0
2019-08-28,355.7647705078125,9754.4228515625,1.109004020690918,1537.800048828125,128.51527404785156,26036.099609375,355.98220163687733,10279.3662109375,1.1100010871887207,1538.0999755859375,128.70487764090984,26041.5703125,347.07744833612816,9716.65625,1.107444167137146,1537.800048828125,126.60973406900166,25637.4296875,349.18257014001347,10203.4267578125,1.109004020690918,1538.0999755859375,127.8706189382881,25712.990234375,2402000.0,17603790323,0.0,2756.0,17393300.0,207070000.0
2019-08-29,358.50238037109375,9510.2001953125,1.1085859537124634,1526.5,130.94224548339844,26362.25,361.76384712813604,9756.7861328125,1.1090162992477417,1549.300048828125,131.24562282980497,26408.83984375,355.96242660949207,9421.6298828125,1.1056197881698608,1519.5999755859375,129.79513424864038,26185.7109375,359.5994287860741,9756.7861328125,1.1085368394851685,1537.5,130.11746182982625,26249.08984375,2717500.0,17045878501,0.0,704.0,20168700.0,208650000.0
2019-08-30,359.8366394042969,9598.173828125,1.1061947345733643,1519.0999755859375,130.6957550048828,26403.279296875,362.09000287717487,9656.1240234375,1.106096863746643,1530.4000244140625,131.94715032497564,26514.619140625,358.16637983875717,9428.302734375,1.0987199544906616,1516.699951171875,129.18838687115593,26295.58984375,360.11336719356024,9514.8447265625,1.1059622764587402,1524.5999755859375,131.91871050855266,26476.390625,3147000.0,13595263986,0.0,276.0,23940100.0,216160000.0
2019-08-31,,9630.6640625,,,,,,9673.220703125,,,,,,9531.7998046875,,,,,,9597.5390625,,,,,,11454806419,,,,
2019-09-01,,9757.970703125,,,,,,9796.755859375,,,,,,9582.9443359375,,,,,,9630.5927734375,,,,,,11445355859,,,,
2019-09-02,,10346.7607421875,1.0991789102554321,,,,,10396.591796875,1.0997470617294312,,,,,9730.650390625,1.0958784818649292,,,,,9757.4736328125,1.0990943908691406,,,,,17248102294,0.0,,,
2019-09-03,350.2796325683594,10623.5400390625,1.0968520641326904,1545.9000244140625,128.9703369140625,26118.01953125,351.16911261866863,10736.1044921875,1.0977309942245483,1547.300048828125,130.07005810273623,26198.259765625,346.51411373749704,10308.5478515625,1.0930395126342773,1521.0,128.64800933091516,25978.220703125,349.97322628064137,10345.7255859375,1.0967316627502441,1522.9000244140625,129.51072239095203,26198.259765625,4272200.0,19384917989,0.0,139.0,18869300.0,223210000.0
2019-09-04,352.3649597167969,10594.4931640625,1.0974539518356323,1550.300048828125,130.4777069091797,26355.470703125,353.84743648280494,10762.64453125,1.103499412536621,1553.199951171875,130.53458653998496,26362.349609375,350.28948621217216,10434.7099609375,1.0972732305526733,1534.800048828125,129.38746094404726,26244.439453125,353.50151920518965,10621.1806640625,1.0973576307296753,1549.0,130.16485447392395,26301.990234375,2737100.0,16742664769,0.0,46.0,17995900.0,202710000.0
2019-09-05,356.0909118652344,10575.533203125,1.10349702835083,1515.4000244140625,132.77195739746094,26728.150390625,360.4493972345758,10627.26953125,1.1082788705825806,1551.0999755859375,133.08480986514482,26836.30078125,354.9345968625714,10516.41796875,1.1018311977386475,1511.0999755859375,131.54898734507594,26603.150390625,355.9328075498304,10588.18359375,1.1037527322769165,1551.0,131.8808045136029,26603.150390625,3643300.0,14551239508,0.0,125.0,26101800.0,256670000.0
2019-09-06,358.7593688964844,10353.302734375,1.1036310195922852,1506.199951171875,131.87136840820312,26797.4609375,360.64705955325667,10898.76171875,1.10574209690094,1526.0,132.895231103372,26860.869140625,354.92469092658604,10292.2998046875,1.1021226644515991,1504.5,131.01813020778567,26708.390625,357.385592648467,10578.1982421875,1.1036310195922852,1517.300048828125,132.753031969552,26790.25,3022600.0,19536574783,0.0,54.0,20824500.0,209700000.0
2019-09-07,,10517.2548828125,,,,,,10558.673828125,,,,,,10348.9189453125,,,,,,10353.931640625,,,,,,15307366476,,,,
2019-09-08,,10441.2763671875,,,,,,10595.6376953125,,,,,,10409.0908203125,,,,,,10518.1142578125,,,,,,13670567493,,,,
2019-09-09,354.5886535644531,10334.974609375,1.1020619869232178,1502.199951171875,130.3734130859375,26835.509765625,356.71353076920263,10450.3115234375,1.106525182723999,1513.0,132.4875211802793,26900.830078125,350.5859786011125,10144.9296875,1.1016126871109009,1498.0,129.3685011074385,26762.1796875,353.79801140117223,10443.228515625,1.102074146270752,1509.0,132.33583253217452,26866.23046875,4183300.0,17595943368,0.0,69.0,25773900.0,273120000.0
2019-09-10,365.1735534667969,10115.9755859375,1.1048381328582764,1490.300048828125,129.0082550048828,26909.4296875,365.1735534667969,10394.353515625,1.1059499979019165,1498.5,129.77615895980875,26909.4296875,354.36135375353905,10020.5732421875,1.1031805276870728,1486.9000244140625,127.51983714394093,26717.05078125,354.8061088513451,10336.408203125,1.1047282218933105,1498.5,129.69083951277852,26805.830078125,4547200.0,14906809639,0.0,23.0,28903400.0,322340000.0
2019-09-11,378.4664306640625,10178.3720703125,1.1050333976745605,1494.4000244140625,129.04617309570312,27137.0390625,379.0198862336827,10215.9482421875,1.1058276891708374,1496.5999755859375,129.18838664339455,27137.0390625,363.7009599321909,9980.7763671875,1.0986233949661255,1490.199951171875,128.06970082469638,26885.48046875,364.4323054718177,10123.03515625,1.1049723625183105,1491.699951171875,128.84709438109326,26928.05078125,8437000.0,15428063426,0.0,8.0,24726100.0,272590000.0
2019-09-12,371.2418518066406,10410.126953125,1.1013457775115967,1498.699951171875,130.3734130859375,27182.44921875,379.51406767471707,10442.25390625,1.1077508926391602,1515.4000244140625,131.22663641633173,27306.73046875,369.9372649603524,10099.2421875,1.0929558277130127,1498.699951171875,129.7571833776966,27105.009765625,379.22744704309275,10176.8193359375,1.1014429330825806,1499.5,130.6862654979689,27197.3203125,4495300.0,15323563925,0.0,27.0,27010000.0,250010000.0
2019-09-13,375.3235778808594,10360.546875,1.1058276891708374,1490.9000244140625,130.18382263183594,27219.51953125,377.2903206539453,10441.4892578125,1.110913634300232,1490.9000244140625,130.8853573848433,27277.55078125,372.6452149233146,10226.5966796875,1.1057665348052979,1486.9000244140625,129.47279829622437,27193.94921875,372.98126951750123,10415.3623046875,1.1057665348052979,1490.9000244140625,130.6199094568145,27216.669921875,3628900.0,14109864675,0.0,1.0,23363100.0,255260000.0
2019-09-14,,10358.048828125,,,,,,10422.1337890625,,,,,,10291.6943359375,,,,,,10345.4033203125,,,,,,13468713124,,,,
2019-09-15,,10347.712890625,,,,,,10387.03515625,,,,,,10313.0927734375,,,,,,10356.4658203125,,,,,,12043433567,,,,
2019-09-16,374.4241943359375,10276.7939453125,1.1083402633666992,1503.0999755859375,129.2452392578125,27076.8203125,377.1717165384545,10386.8671875,1.1084262132644653,1506.800048828125,129.59600656363548,27172.869140625,370.61916487764734,10189.744140625,1.099493145942688,1496.9000244140625,128.6100593818895,27032.560546875,373.7224971622006,10347.22265625,1.1084139347076416,1506.5999755859375,128.77122312958718,27146.060546875,3055500.0,15160167779,0.0,21.0,16731400.0,220620000.0
2019-09-17,379.71173095703125,10241.2724609375,1.100594401359558,1505.0999755859375,130.25018310546875,27110.80078125,380.80874929588447,10296.771484375,1.1068068742752075,1505.0999755859375,130.37343195812292,27110.80078125,373.38647257280866,10199.7392578125,1.0992876291275024,1497.9000244140625,129.34006555092205,26984.140625,373.9893621465285,10281.513671875,1.1004005670547485,1497.9000244140625,129.84253607873225,27010.119140625,3269500.0,15304603363,0.0,3.0,17814200.0,223580000.0
2019-09-18,381.8959045410156,10198.248046875,1.1074687242507935,1507.5,131.32147216796875,27147.080078125,382.2220361610758,10275.9287109375,1.1077877283096313,1509.4000244140625,131.46367126337012,27161.9296875,375.36310786015304,10191.4697265625,1.1037527322769165,1489.300048828125,129.43488219594832,26899.150390625,378.77281651157256,10247.7958984375,1.1074320077896118,1508.9000244140625,130.22175094410272,27075.390625,4186400.0,16169268880,0.0,8.0,23982100.0,212860000.0
2019-09-19,379.94891357421875,10266.4150390625,1.1031439304351807,1498.4000244140625,133.7389678955078,27094.7890625,383.98123709852734,10295.6689453125,1.107499361038208,1502.4000244140625,134.97139872191886,27272.169921875,378.4268956525087,9851.6923828125,1.102353572845459,1496.0999755859375,132.79093528083487,27064.2109375,381.6290659699697,10200.49609375,1.1031439304351807,1496.0999755859375,133.00897873177735,27186.05078125,2928800.0,19937691247,0.0,10.0,35772100.0,212360000.0
2019-09-20,374.9579162597656,10181.6416015625,1.1048502922058105,1507.300048828125,132.19366455078125,26935.0703125,380.23552985627964,10285.8720703125,1.1068999767303467,1507.300048828125,134.2888084403222,27194.75,373.5050878422204,10132.1865234375,1.0998800992965698,1503.0,131.06550347218422,26926.6796875,379.62274746596086,10266.318359375,1.1046061515808105,1503.0,133.68206817105522,27102.1796875,6643000.0,14734189639,0.0,2.0,39167300.0,497640000.0
2019-09-21,,10019.716796875,,,,,,10188.09765625,,,,,,10000.7080078125,,,,,,10183.6484375,,,,,,13425266806,,,,
2019-09-22,,10070.392578125,,,,,,10074.4443359375,,,,,,9922.533203125,,,,,,10024.115234375,,,,,,13199651698,,,,
2019-09-23,372.6254577636719,9729.32421875,1.1019041538238525,1523.699951171875,131.9092254638672,26949.990234375,375.6596006388506,10074.23828125,1.102803349494934,1523.699951171875,132.3737665401921,27011.0703125,370.0459627910404,9727.1435546875,1.0968279838562012,1515.5,131.24560568756462,26831.33984375,372.2103510180996,10067.962890625,1.1019526720046997,1515.5,131.99454490671476,26851.44921875,2674900.0,15144925408,0.0,5.0,17139300.0,204240000.0
2019-09-24,377.1914978027344,8620.56640625,1.0993722677230835,1532.0999755859375,130.24073791503906,26807.76953125,377.428714593985,9804.3173828125,1.1013944149017334,1533.0,133.37872386063543,27079.6796875,370.92556631315745,8370.8017578125,1.0985147953033447,1515.0999755859375,129.7667215615452,26704.9609375,375.1061616365466,9729.3212890625,1.0993722677230835,1515.0999755859375,133.06587133142978,27034.0703125,3533300.0,25002886689,0.0,25.0,29773200.0,301750000.0
2019-09-25,381.6883544921875,8486.9931640625,1.1016855239868164,1504.5999755859375,132.11781311035156,26970.7109375,386.43226796803356,8744.828125,1.1019283533096313,1527.9000244140625,132.68663841102725,27016.560546875,378.6245632152149,8325.396484375,1.094834566116333,1504.5999755859375,128.96086306984094,26755.859375,380.4134160581407,8603.4287109375,1.1015641689300537,1527.5999755859375,130.3544720372509,26866.7109375,4705500.0,21744728353,0.0,25.0,21382000.0,237220000.0
2019-09-26,382.37030029296875,8118.9677734375,1.0952903032302856,1507.5,132.28843688964844,26891.119140625,383.6946425678044,8515.685546875,1.0967316627502441,1507.5,132.89517705691583,27015.0703125,378.85186106477056,7895.62939453125,1.092514157295227,1507.5,131.24560991212797,26803.83984375,382.5778385924778,8487.669921875,1.0951822996139526,1507.5,132.19364232759747,27004.109375,2520400.0,19258205289,0.0,8178.0,17456600.0,229180000.0
2019-09-27,378.3873596191406,8251.845703125,1.0922753810882568,1499.0999755859375,130.57254028320312,26820.25,385.13758746132805,8271.5205078125,1.0958423614501953,1506.0999755859375,133.06587092401278,27012.5390625,376.8554790077866,7965.9228515625,1.0905839204788208,1485.5999755859375,129.54866322689153,26715.8203125,383.6551106783142,8113.10107421875,1.0923112630844116,1504.199951171875,132.86677769118924,26987.259765625,2730800.0,16408941156,0.0,7827.0,22477700.0,217780000.0
2019-09-28,,8245.9150390625,,,,,,8285.6171875,,,,,,8125.431640625,,,,,,8251.2734375,,,,,,14141152736,,,,
2019-09-29,,8104.185546875,,,,,,8261.70703125,,,,,,7990.4970703125,,,,,,8246.037109375,,,,,,13034629109,,,,
2019-09-30,376.0252685546875,8293.8681640625,1.0942714214324951,1465.699951171875,131.8050079345703,26916.830078125,379.28670517806654,8314.2314453125,1.0948106050491333,1495.9000244140625,131.98513649327722,26998.859375,372.289428536917,7830.7587890625,1.088767170906067,1463.5,130.61996685448116,26852.330078125,378.5257113422288,8104.2265625,1.0941636562347412,1495.9000244140625,130.8759397782138,26852.330078125,3183300.0,17115474183,0.0,1078.0,17280900.0,222680000.0
2019-10-01,370.5599060058594,8343.2763671875,1.0899657011032104,1482.0,129.94683837890625,26573.0390625,378.37750400674304,8497.6923828125,1.0937328338623047,1485.5,132.96157517182417,27046.2109375,370.2535298778747,8232.6796875,1.0881510972976685,1458.300048828125,129.88046915179973,26562.220703125,377.240944484116,8299.720703125,1.0899182558059692,1468.699951171875,132.4022393969112,26962.5390625,2943800.0,15305343413,0.0,219.0,21466600.0,260110000.0
2019-10-02,363.06842041015625,8393.0419921875,1.0934937000274658,1501.0,127.6525650024414,26078.619140625,368.63265457068417,8393.0419921875,1.0957943201065063,1503.699951171875,129.2831819915434,26438.0390625,359.5203630504826,8227.6953125,1.090524435043335,1474.0999755859375,126.6381777920761,25974.119140625,367.5059879379869,8344.212890625,1.0935415029525757,1476.5999755859375,129.16942272536377,26425.859375,3698300.0,13125712443,0.0,205.0,30521700.0,309640000.0
2019-10-03,367.7234191894531,8259.9921875,1.0963709354400635,1507.0999755859375,129.1978759765625,26201.0390625,367.90130915871816,8414.2275390625,1.0998317003250122,1518.199951171875,129.64345243653574,26205.19921875,358.98669326421947,8146.43701171875,1.0941877365112305,1496.5999755859375,126.29689866070535,25743.4609375,361.93186107005033,8390.7744140625,1.0962027311325073,1497.4000244140625,127.93699093725833,26039.01953125,2623900.0,13668823409,0.0,1213.0,24132900.0,241610000.0
2019-10-04,371.3110046386719,8205.939453125,1.0975382328033447,1506.199951171875,130.94224548339844,26573.720703125,371.73597404842434,8260.0556640625,1.0992271900177002,1508.699951171875,131.0654943386046,26590.740234375,367.3774889884459,8151.23681640625,1.0959144830703735,1497.0999755859375,129.3305931116409,26271.69921875,367.90129620911097,8259.494140625,1.0974900722503662,1505.5999755859375,129.6434455754371,26271.69921875,2008400.0,13139456229,0.0,233.0,22897700.0,221310000.0
2019-10-05,,8151.50048828125,,,,,,8215.5263671875,,,,,,8071.12060546875,,,,,,8210.1494140625,,,,,,12200497197,,,,
2019-10-06,,7988.15576171875,,,,,,8161.41015625,,,,,,7958.8505859375,,,,,,8149.876953125,,,,,,13160830305,,,,
2019-10-07,372.1412048339844,8245.623046875,1.098659634590149,1497.699951171875,129.99417114257812,26478.01953125,373.73238206588286,8308.4501953125,1.1001100540161133,1505.800048828125,130.99908296397066,26655.83984375,368.7018479213095,7905.76611328125,1.0963709354400635,1489.0999755859375,129.89937660170196,26424.5390625,369.6901657531172,7989.12060546875,1.098659634590149,1504.800048828125,130.01313583708273,26502.330078125,1931800.0,18009742607,0.0,121.0,15303700.0,195200000.0
2019-10-08,369.7297058105469,8228.783203125,1.0972130298614502,1497.199951171875,128.6195526123047,26164.0390625,372.93184592452764,8332.71484375,1.0998003482818604,1506.300048828125,130.60093683555868,26421.810546875,364.33349891004355,8185.76318359375,1.094666838645935,1489.300048828125,128.57214809964057,26139.80078125,366.7153183358692,8246.849609375,1.0972732305526733,1489.4000244140625,129.9562817539708,26276.58984375,4030200.0,15592264032,0.0,46.0,25550500.0,244590000.0
2019-10-09,370.57965087890625,8595.740234375,1.0960105657577515,1506.0999755859375,131.05601501464844,26346.009765625,373.445766598452,8627.7060546875,1.0991994142532349,1507.699951171875,131.49210185382546,26424.310546875,369.13671526967113,8169.298828125,1.095554232597351,1498.4000244140625,129.8520097167136,26249.75,371.6075098832566,8229.8408203125,1.0960224866867065,1507.699951171875,130.3165508388025,26308.23046875,2774100.0,19384942333,0.0,120.0,19749900.0,190060000.0
2019-10-10,366.6659240722656,8586.4736328125,1.0987803936004639,1494.800048828125,131.87136840820312,26496.669921875,370.16457772279796,8625.2724609375,1.1033873558044434,1511.199951171875,132.41173958255155,26603.310546875,366.0037378387857,8471.93359375,1.0980443954467773,1490.5999755859375,131.06553474100318,26314.509765625,369.3343943442266,8585.2802734375,1.098587155342102,1511.199951171875,131.29306782094767,26317.349609375,2723700.0,17618660671,0.0,78.0,17654600.0,217680000.0
2019-10-11,370.5401611328125,8321.7568359375,1.1011033058166504,1482.699951171875,132.42120361328125,26816.58984375,372.53655243710534,8721.7802734375,1.1061996221542358,1494.9000244140625,133.70105357381044,27013.970703125,365.75667594482263,8316.181640625,1.1003884077072144,1476.9000244140625,132.2505646669874,26694.19921875,368.6425774898764,8585.2626953125,1.1014429330825806,1491.9000244140625,132.8383403253302,26694.19921875,3935400.0,19604381101,0.0,57.0,25446000.0,282080000.0
2019-10-12,,8336.5556640625,,,,,,8415.2421875,,,,,,8313.3408203125,,,,,,8315.6650390625,,,,,,14532641605,,,,
2019-10-13,,8321.005859375,,,,,,8470.98828125,,,,,,8276.6123046875,,,,,,8336.90234375,,,,,,13808286059,,,,
2019-10-14,368.8204345703125,8374.6865234375,1.1030004024505615,1491.699951171875,132.2979278564453,26787.359375,374.2759682063856,8390.208984375,1.1043000221252441,1493.5,132.9994625931053,26874.330078125,368.32627566333866,8284.130859375,1.1015156507492065,1481.300048828125,132.26948804094974,26749.1796875,369.8779418698923,8320.83203125,1.1028155088424683,1484.4000244140625,132.43065181736694,26766.4296875,2124500.0,15151387859,0.0,400.0,13304300.0,178620000.0
2019-10-15,366.6263732910156,8205.369140625,1.1029006242752075,1477.5999755859375,134.2129364013672,27024.80078125,369.1663573494414,8410.71484375,1.1045451164245605,1495.4000244140625,134.42149019375307,27120.109375,366.2014038633288,8182.70654296875,1.0992755889892578,1476.5999755859375,132.54439033568366,26811.19921875,368.2274433477458,8373.4580078125,1.1025844812393188,1488.9000244140625,132.78139840493876,26811.19921875,2836600.0,15220412632,0.0,367.0,19695700.0,245510000.0
2019-10-16,368.0791931152344,8047.52685546875,1.1034727096557617,1488.0,133.1132049560547,27001.98046875,373.0109194748945,8216.8125,1.1076282262802124,1488.0,133.66306536911944,27058.33984375,364.92645690236276,7985.08984375,1.102353572845459,1480.0,132.2789319892222,26943.2890625,365.89501920987203,8204.6748046875,1.103399634361267,1482.0,133.47344735605867,26972.310546875,3657100.0,16071646996,0.0,383.0,20751600.0,214660000.0
2019-10-17,364.74859619140625,8103.9111328125,1.107493281364441,1492.300048828125,132.4306640625,27025.880859375,369.4332133143302,8134.83154296875,1.1139951944351196,1493.199951171875,134.07075625964478,27112.16015625,364.74859619140625,8000.94287109375,1.1065863370895386,1485.800048828125,131.7954840146558,26970.2890625,368.06935996845397,8047.8125,1.1074295043945312,1486.199951171875,133.62517982124498,27032.380859375,2397100.0,14313052244,0.0,271.0,21460600.0,222540000.0
2019-10-18,339.9813232421875,7973.20751953125,1.1127183437347412,1488.199951171875,130.26913452148438,26770.19921875,365.0351855075095,8138.41357421875,1.1161960363388062,1489.0999755859375,132.7245349461906,27018.25,339.9813232421875,7902.1640625,1.1115063428878784,1486.5999755859375,129.46330120155199,26770.130859375,364.68926824525346,8100.93359375,1.1127183437347412,1487.300048828125,132.49700196429964,27004.490234375,13544300.0,15651592610,0.0,82.0,32273500.0,288970000.0
2019-10-19,,7988.560546875,,,,,,8082.62939453125,,,,,,7944.77685546875,,,,,,7973.8037109375,,,,,,13797825640,,,,
2019-10-20,,8222.078125,,,,,,8281.818359375,,,,,,7949.439453125,,,,,,7997.80712890625,,,,,,15504249442,,,,
2019-10-21,327.1925048828125,8243.720703125,1.1155734062194824,1482.4000244140625,131.23611450195312,26827.640625,330.3353484059528,8296.6943359375,1.118067979812622,1489.9000244140625,131.30248371168548,26852.669921875,320.6103043850052,8196.416015625,1.1140000820159912,1481.5,129.88991026766746,26747.619140625,329.0011434378175,8225.115234375,1.1156107187271118,1489.9000244140625,131.2550791998518,26852.669921875,15493100.0,15868748866,0.0,72.0,20078200.0,241030000.0
2019-10-22,333.0631103515625,8078.203125,1.1151753664016724,1481.699951171875,129.28318786621094,26788.099609375,337.4907851097691,8296.6513671875,1.116071343421936,1483.5,132.73402560013045,26946.640625,330.5527746058912,8074.462890625,1.1124708652496338,1481.699951171875,129.1789037121985,26782.609375,332.1439820037884,8243.40234375,1.115200161933899,1483.4000244140625,131.74807816150832,26850.4296875,7949700.0,16803377857,0.0,99.0,27431000.0,265510000.0
2019-10-23,336.522216796875,7514.671875,1.112928867340088,1489.9000244140625,130.10797119140625,26833.94921875,346.70187825082684,8092.99951171875,1.1133378744125366,1490.300048828125,130.30704989363718,26896.890625,332.5689455276019,7469.32275390625,1.1108025312423706,1486.4000244140625,128.56267375737644,26745.0,340.9696469748073,8076.228515625,1.1129660606384277,1486.4000244140625,129.76667895032685,26835.240234375,10960800.0,21942878958,0.0,67.0,29844600.0,247680000.0
2019-10-24,340.5248718261719,7493.48876953125,1.1132385730743408,1498.9000244140625,132.66766357421875,26805.529296875,341.7009723723608,7532.86767578125,1.1165698766708374,1501.199951171875,133.12271510049607,26931.779296875,333.82407862606027,7446.98876953125,1.109385371208191,1485.9000244140625,131.46365831041138,26714.33984375,337.70819034164884,7509.72802734375,1.1132633686065674,1490.5,132.14624283274097,26893.9296875,5382700.0,16268708849,0.0,115.0,37029300.0,253590000.0
2019-10-25,335.86004638671875,8660.7001953125,1.1103955507278442,1499.5,133.4166259765625,26958.060546875,339.35870006969503,8691.5400390625,1.1125946044921875,1514.300048828125,133.80532282085554,27015.369140625,334.94091801203433,7479.984375,1.1080454587936401,1499.0,131.9661372315955,26765.6796875,338.9139751276224,7490.703125,1.1104449033737183,1501.4000244140625,132.09886121917975,26789.609375,4058000.0,28705065488,0.0,93.0,25959700.0,274610000.0
2019-10-26,,9244.97265625,,,,,,10021.744140625,,,,,,8662.6220703125,,,,,,8667.5771484375,,,,,,44496255609,,,,
2019-10-27,,9551.71484375,,,,,,9749.529296875,,,,,,9112.5419921875,,,,,,9241.70703125,,,,,,32593129501,,,,
2019-10-28,336.89776611328125,9256.1484375,1.1084262132644653,1490.0,136.69679260253906,27090.720703125,340.94987500068896,9805.1181640625,1.1106668710708618,1504.0999755859375,138.09987648903987,27167.880859375,335.5239899362822,9256.1484375,1.107714056968689,1490.0,136.05212305523244,27028.7109375,337.5105183046379,9565.1015625,1.1084753274917603,1504.0999755859375,136.89587130353834,27040.330078125,3234500.0,30948255332,0.0,37.0,35280100.0,290770000.0
2019-10-29,344.8537292480469,9427.6875,1.1099148988723755,1487.0,135.407470703125,27071.4609375,345.6345087699359,9516.1806640625,1.1118770837783813,1487.0,136.99068309013603,27165.939453125,335.2571716733538,9232.6484375,1.1075055599212646,1485.9000244140625,135.2368173472881,27039.759765625,336.2158411639569,9248.4404296875,1.1102476119995117,1485.9000244140625,136.59251121428537,27061.0703125,6113600.0,28426779937,0.0,425.0,20589500.0,269610000.0
2019-10-30,342.0172424316406,9205.7265625,1.1114816665649414,1493.199951171875,137.094970703125,27186.689453125,345.9112168282495,9426.8740234375,1.1125946044921875,1495.4000244140625,137.46470277333054,27204.359375,339.2598274295402,9085.3701171875,1.1103339195251465,1481.0,135.36954473161455,26999.640625,342.58059079484497,9422.462890625,1.111222267150879,1487.199951171875,136.0616188230412,27110.7109375,3997600.0,27706531577,0.0,320.0,18496600.0,231750000.0
2019-10-31,335.9391174316406,9199.5849609375,1.1154489517211914,1511.4000244140625,135.91941833496094,27046.23046875,342.0172660578537,9383.1611328125,1.1176930665969849,1513.0999755859375,137.39834675784823,27188.369140625,335.4844996746456,9028.7177734375,1.113374948501587,1496.0999755859375,135.5591758126091,26918.2890625,340.6731682854974,9202.4580078125,1.1154240369796753,1496.0999755859375,137.3699069393949,27188.369140625,3868400.0,26583653947,0.0,210.0,24605100.0,273830000.0
2019-11-01,341.1574401855469,9261.1044921875,1.1157102584838867,1508.0,136.25120544433594,27347.359375,341.1574401855469,9275.6572265625,1.1174432039260864,1511.5999755859375,136.91482517155046,27347.4296875,335.53390922048317,9132.0478515625,1.1130775213241577,1503.0,135.540181208215,27142.94921875,336.6111720549116,9193.9921875,1.1156107187271118,1511.0,136.76313652937998,27142.94921875,3538200.0,24324691031,0.0,235.0,33128400.0,270870000.0
2019-11-02,,9324.7177734375,,,,,,9377.486328125,,,,,,9249.587890625,,,,,,9259.783203125,,,,,,21242676385,,,,
2019-11-03,,9235.3544921875,,,,,,9379.806640625,,,,,,9141.251953125,,,,,,9324.787109375,,,,,,21132220847,,,,
2019-11-04,346.9884948730469,9412.6123046875,1.1166571378707886,1508.0,137.03810119628906,27462.109375,347.34430496694455,9505.0517578125,1.1177005767822266,1511.5999755859375,137.46471292945625,27517.580078125,342.0073646859405,9191.4853515625,1.1141999959945679,1508.0,136.6683690987671,27402.060546875,342.4125786057095,9235.607421875,1.1169440746307373,1511.5999755859375,137.30354913985212,27402.060546875,3703000.0,26170255634,0.0,101.0,16912000.0,273030000.0
2019-11-05,354.1044006347656,9342.52734375,1.1128545999526978,1480.800048828125,136.9527587890625,27492.630859375,357.38559287903496,9457.41796875,1.1138995885849,1507.0999755859375,137.48365458720863,27560.359375,349.063973713978,9256.931640625,1.1064640283584595,1480.800048828125,136.43133810665984,27453.55078125,351.08015051450633,9413.0048828125,1.1128298044204712,1507.0999755859375,137.4362500768401,27500.23046875,5468900.0,26198609048,0.0,31.0,18250200.0,286350000.0
2019-11-06,350.05230712890625,9360.8798828125,1.107419729232788,1490.199951171875,136.57354736328125,27492.560546875,355.20143476209995,9423.2373046875,1.1095085144042969,1491.0,137.0096486390585,27526.05078125,349.0046926045575,9305.9091796875,1.1067456007003784,1483.199951171875,135.75823890790988,27407.810546875,354.66773466973075,9340.8642578125,1.107444167137146,1483.199951171875,136.8674350973407,27502.740234375,3815700.0,23133895765,0.0,567.0,16575800.0,237910000.0
2019-11-07,355.1966857910156,9267.5615234375,1.1070396900177002,1464.199951171875,136.7631378173828,27674.80078125,357.2743208351131,9368.4765625,1.109139323234558,1489.0999755859375,137.3509276948729,27774.669921875,352.9500428644524,9202.353515625,1.1038014888763428,1464.199951171875,136.2986112368704,27590.16015625,354.01372162500064,9352.3935546875,1.1070642471313477,1489.0999755859375,136.36496597730422,27590.16015625,2834500.0,22700383839,0.0,581.0,17786700.0,259020000.0
2019-11-08,348.92401123046875,8804.880859375,1.1019697189331055,1461.300048828125,138.3748321533203,27681.240234375,354.8885242429554,9272.759765625,1.103813648223877,1469.0999755859375,138.4032719714833,27694.94921875,348.4766606196995,8775.5341796875,1.1017802953720093,1461.300048828125,136.2891490491808,27578.970703125,354.29206687429036,9265.3681640625,1.103460431098938,1469.0999755859375,136.49771735959473,27686.19921875,3218200.0,24333037836,0.0,21.0,16732700.0,221440000.0
2019-11-09,,8813.58203125,,,,,,8891.818359375,,,,,,8793.1630859375,,,,,,8809.46875,,,,,,17578630606,,,,
2019-11-10,,9055.5263671875,,,,,,9103.826171875,,,,,,8806.162109375,,,,,,8812.4892578125,,,,,,20587919881,,,,
2019-11-11,364.78961181640625,8757.7880859375,1.102244257926941,1455.5,138.51702880859375,27691.490234375,367.56311889555906,9081.279296875,1.1043622493743896,1461.0,138.81091656832922,27714.390625,343.51618787877885,8700.6083984375,1.101722002029419,1449.300048828125,137.2087393327877,27517.669921875,346.9756163897338,9056.91796875,1.102280616760254,1461.0,137.78703973498028,27580.66015625,11483400.0,20265510765,0.0,22.0,14362600.0,202350000.0
2019-11-12,360.7337341308594,8815.662109375,1.1035456657409668,1452.0999755859375,139.42715454101562,27691.490234375,364.93869618239364,8853.7685546875,1.1041183471679688,1454.9000244140625,139.90117081760982,27770.859375,357.88071373395235,8685.427734375,1.1003884077072144,1447.0999755859375,138.46963240416494,27635.3203125,364.32236805530886,8759.751953125,1.1034847497940063,1454.9000244140625,138.67820072313268,27701.58984375,5769700.0,20309769107,0.0,6.0,18641600.0,213670000.0
2019-11-13,360.3559875488281,8808.2626953125,1.1012367010116577,1461.699951171875,139.65467834472656,27783.58984375,364.45161488441556,8836.841796875,1.1020498275756836,1463.300048828125,139.79689191254732,27806.400390625,358.9841447285023,8761.6513671875,1.1001100540161133,1456.800048828125,138.678205935507,27587.19921875,359.72970884067234,8812.033203125,1.1012123823165894,1456.800048828125,139.11430729132968,27622.0390625,3453700.0,17545755405,0.0,56.0,16919200.0,278390000.0
2019-11-14,365.26678466796875,8708.0947265625,1.1013215780258179,1471.800048828125,140.36572265625,27781.9609375,366.3006420996767,8826.943359375,1.1017826795578003,1471.800048828125,140.69753989564057,27800.7109375,359.34204348306713,8692.5517578125,1.0990822315216064,1463.699951171875,139.36081028437866,27676.970703125,360.9524571661207,8811.9365234375,1.1008729934692383,1463.800048828125,139.37977498927188,27757.19921875,5339600.0,19084739975,0.0,83.0,19729800.0,303970000.0
2019-11-15,369.481689453125,8491.9921875,1.1020498275756836,1467.300048828125,142.1764373779297,28004.890625,371.27106154614364,8730.873046875,1.1055831909179688,1469.0999755859375,142.19540207865438,28004.890625,367.11576112139653,8484.84375,1.1015278100967407,1467.300048828125,140.56478499620616,27843.5390625,367.81163310263963,8705.7080078125,1.102292776107788,1469.0999755859375,141.1904754618396,27843.5390625,5493100.0,21796856471,0.0,13.0,23485700.0,283720000.0
2019-11-16,,8550.7607421875,,,,,,8591.9970703125,,,,,,8473.9736328125,,,,,,8491.166015625,,,,,,16495389808,,,,
2019-11-17,,8577.9755859375,,,,,,8727.7890625,,,,,,8500.9677734375,,,,,,8549.470703125,,,,,,18668638897,,,,
2019-11-18,367.2748107910156,8309.2861328125,1.105509877204895,1470.9000244140625,142.5271759033203,28036.220703125,373.37851016419427,8653.2802734375,1.1090999841690063,1472.0,142.72626905602306,28040.970703125,365.72403987828307,8273.5732421875,1.1053999662399292,1469.699951171875,141.2378513659926,27969.240234375,369.47176153162104,8573.98046875,1.1053999662399292,1472.0,142.27121759162068,27993.220703125,3823800.0,21579470673,0.0,141.0,21534000.0,252320000.0
2019-11-19,364.8293762207031,8206.1455078125,1.1072357892990112,1473.300048828125,142.57461547851562,27934.01953125,372.613052288758,8408.5166015625,1.1085245609283447,1474.300048828125,143.46576839544014,28090.2109375,359.47124084737914,8099.96337890625,1.1064271926879883,1467.699951171875,142.39448697839316,27894.51953125,371.30088249313815,8305.134765625,1.1072235107421875,1467.699951171875,143.03915663852467,28079.759765625,6670200.0,21083613816,0.0,18.0,23935700.0,245890000.0
2019-11-20,368.71624755859375,8027.26806640625,1.1080001592636108,1473.300048828125,142.32725524902344,27821.08984375,368.79576104836127,8237.240234375,1.1082788705825806,1474.5,143.4877914795395,27897.279296875,363.5867628617756,8010.51171875,1.1053632497787476,1467.300048828125,141.22380670636062,27675.279296875,363.83528423078565,8203.61328125,1.108033299446106,1472.5999755859375,142.98362576637012,27879.55078125,3774800.0,20764300437,0.0,31.0,25696800.0,258140000.0
2019-11-21,364.2726745605469,7642.75,1.1078859567642212,1463.0999755859375,142.19410705566406,27766.2890625,368.5671309835078,8110.09814453125,1.1096439361572266,1463.0999755859375,142.49851672263713,27828.330078125,364.0937464605269,7597.3818359375,1.106378197669983,1463.0999755859375,141.26187785189973,27708.33984375,367.56309497159526,8023.64453125,1.107898235321045,1463.0999755859375,142.1180046389208,27820.279296875,2703800.0,22514243371,0.0,16.0,18576100.0,232020000.0
2019-11-22,369.1437072753906,7296.57763671875,1.1065863370895386,1463.0999755859375,142.2987518310547,27875.619140625,371.34062774401735,7697.3828125,1.1078613996505737,1468.5999755859375,142.97415173511484,27898.4609375,364.44167192189826,6936.70654296875,1.102864146232605,1463.0999755859375,141.56629325593954,27773.98046875,366.0918574983644,7643.5693359375,1.1065618991851807,1468.5999755859375,142.7553663500189,27831.23046875,3915700.0,34242315785,0.0,19.0,15901800.0,214780000.0
2019-11-23,,7397.796875,,,,,,7442.2587890625,,,,,,7151.41796875,,,,,,7296.16455078125,,,,,,21008924418,,,,
2019-11-24,,7047.9169921875,,,,,,7408.5771484375,,,,,,7029.2890625,,,,,,7398.6337890625,,,,,,30433517289,,,,
2019-11-25,370.9231262207031,7146.1337890625,1.1022562980651855,1456.5999755859375,143.85877990722656,28066.470703125,372.0861892630233,7319.85693359375,1.1033873558044434,1457.0999755859375,143.9729407665266,28068.689453125,367.01637749974975,6617.1669921875,1.100618600845337,1455.5,142.61263393232176,27917.76953125,370.31671829246125,7039.97705078125,1.1024142503738403,1457.0999755859375,142.6887363335055,27917.76953125,3324400.0,42685231262,0.0,14.0,22420900.0,248420000.0
2019-11-26,371.3008728027344,7218.37109375,1.1014429330825806,1459.800048828125,144.61984252929688,28121.6796875,372.55339986300436,7320.23046875,1.102657437324524,1459.800048828125,144.9908327994432,28146.01953125,369.16356477720245,7098.572265625,1.1008002758026123,1459.800048828125,143.94445705764662,28042.2109375,371.449979555495,7145.1591796875,1.1012003421783447,1459.800048828125,143.98250101468926,28080.75,2859000.0,21129505542,0.0,346362.0,24620100.0,324050000.0
2019-11-27,365.8234558105469,7531.66357421875,1.1022562980651855,1453.4000244140625,144.89566040039062,28164.0,369.6307898419985,7619.693359375,1.1022076606750488,1461.9000244140625,145.0668799143777,28174.970703125,364.6305411024191,6974.17431640625,1.09933602809906,1452.0,144.1346509142235,28075.23046875,367.77185485254637,7220.880859375,1.1022076606750488,1461.0999755859375,144.90516775726257,28156.470703125,4145000.0,23991412764,0.0,88364.0,15184400.0,198210000.0
2019-11-28,,7463.10595703125,1.1004853248596191,,,,,7730.07275390625,1.1019283533096313,,,,,7454.12158203125,1.100158452987671,,,,,7536.8203125,1.1006064414978027,,,,,19050116751,0.0,,,
2019-11-29,364.01422119140625,7761.24365234375,1.101176142692566,1465.5999755859375,144.0015411376953,28051.41015625,366.12167759794966,7781.1796875,1.102669596672058,1465.5999755859375,144.87669736638313,28119.509765625,364.01422119140625,7460.75634765625,1.0982855558395386,1452.0999755859375,143.9064094653151,28042.529296875,365.32642133260265,7466.72705078125,1.1011276245117188,1453.5999755859375,144.686448536678,28103.16015625,1390900.0,19709695456,0.0,7020.0,11977300.0,120630000.0
2019-11-30,,7569.6298828125,,,,,,7836.10205078125,,,,,,7515.849609375,,,,,,7764.05712890625,,,,,,17158194786,,,,
2019-12-01,,7424.29248046875,,,,,,7571.6162109375,,,,,,7291.341796875,,,,,,7571.6162109375,,,,,,18720708479,,,,
2019-12-02,353.07928466796875,7321.98828125,1.1019041538238525,1462.300048828125,142.2606658935547,27783.0390625,365.20714004221884,7474.81884765625,1.1089179515838623,1464.4000244140625,144.42953341585763,28109.83984375,353.05941387908985,7233.3994140625,1.1003763675689697,1453.300048828125,141.0906223785079,27782.349609375,364.9088961865412,7424.0361328125,1.1017705202102661,1462.800048828125,144.41050418775376,28109.740234375,4794500.0,17082040706,0.0,2172.0,27418400.0,236610000.0
2019-12-03,349.99761962890625,7320.1455078125,1.1079105138778687,1478.199951171875,142.0323944091797,27502.810546875,353.4570481904535,7418.85888671875,1.1092623472213745,1480.4000244140625,142.14654077640378,27524.740234375,345.55405610172096,7229.35693359375,1.1066476106643677,1459.5,139.50204349199936,27325.130859375,350.00757019206065,7323.9755859375,1.1076037883758545,1461.5999755859375,140.3011116077233,27501.98046875,4683500.0,14797485769,0.0,1460.0,24066000.0,275350000.0
2019-12-04,346.7767639160156,7252.03466796875,1.1085245609283447,1474.0,142.54608154296875,27649.779296875,353.1886271881577,7539.78466796875,1.1113457679748535,1483.4000244140625,142.8599840516264,27727.44921875,346.7568931284116,7170.9228515625,1.1067945957183838,1471.199951171875,141.92775485443144,27612.080078125,352.60212041449677,7320.125,1.1081806421279907,1477.5,142.8219401010488,27634.630859375,3014200.0,21664240918,0.0,613.0,17574700.0,218200000.0
2019-12-05,343.6354675292969,7448.3076171875,1.108303427696228,1476.9000244140625,142.62217712402344,27677.7890625,348.34745341713415,7743.431640625,1.1104941368103027,1478.0,142.99318186615466,27745.19921875,343.54600347496273,7232.6767578125,1.1079963445663452,1472.300048828125,142.19411371047912,27562.80078125,348.14862418278153,7253.24169921875,1.1082665920257568,1474.699951171875,142.73633801200708,27736.05078125,4719600.0,18816085231,0.0,907.0,17869100.0,208600000.0
2019-12-06,351.9957275390625,7546.99658203125,1.1105434894561768,1459.0999755859375,144.35345458984375,28015.060546875,352.30389161401826,7546.99658203125,1.1112345457077026,1476.0,144.46760094700966,28035.849609375,345.0569998970122,7392.17529296875,1.1042280197143555,1458.199951171875,142.94559629627884,27839.6796875,345.6832786096905,7450.5615234375,1.1104201078414917,1475.0,143.63050346937538,27839.6796875,2856100.0,18104466307,0.0,899.0,16403500.0,223310000.0
2019-12-07,,7556.23779296875,,,,,,7589.95166015625,,,,,,7525.71142578125,,,,,,7547.265625,,,,,,15453520564,,,,
2019-12-08,,7564.34521484375,,,,,,7634.6064453125,,,,,,7476.09130859375,,,,,,7551.3388671875,,,,,,15409908086,,,,
2019-12-09,349.13275146484375,7400.8994140625,1.105888843536377,1459.300048828125,143.98248291015625,27909.599609375,351.50863031382863,7618.091796875,1.108033299446106,1464.199951171875,144.7910584174201,28010.419921875,347.5024670597976,7365.9853515625,1.1053999662399292,1458.5999755859375,143.55441950074405,27906.140625,350.5841381022248,7561.79541015625,1.105780005455017,1458.800048828125,143.70662433988468,27987.05078125,2844600.0,17872021272,0.0,1461.0,16687400.0,217000000.0
2019-12-10,345.84234619140625,7278.11962890625,1.106499433517456,1462.5999755859375,143.763671875,27881.720703125,349.32164550990547,7424.02294921875,1.1097548007965088,1467.199951171875,144.4866229593481,27949.01953125,345.3950259098487,7246.0439453125,1.106353759765625,1460.699951171875,143.41169643290638,27804.0,348.07903861044144,7397.13427734375,1.1064517498016357,1460.699951171875,143.91586217193395,27900.650390625,2920900.0,18249031195,0.0,367.0,16476100.0,213250000.0
2019-12-11,347.929931640625,7217.42724609375,1.1092746257781982,1469.4000244140625,144.305908203125,27911.30078125,347.9597529927109,7324.15625,1.1098779439926147,1475.4000244140625,144.46762040257147,27925.5,336.49794817243304,7195.52734375,1.1071745157241821,1463.0999755859375,143.00268873314016,27801.80078125,340.07666210815313,7277.19775390625,1.109385371208191,1463.0999755859375,144.15370336303923,27867.310546875,7369100.0,16350490689,0.0,393.0,18856600.0,213510000.0
2019-12-12,344.24188232421875,7243.13427734375,1.1135857105255127,1466.699951171875,145.77084350585938,28132.05078125,348.9936098840371,7266.6396484375,1.1153370141983032,1483.9000244140625,145.96109228423833,28224.94921875,338.98316144264624,7164.7412109375,1.1111851930618286,1463.699951171875,143.65904868123462,27859.869140625,346.19028144399283,7216.73876953125,1.1133253574371338,1475.0999755859375,144.25833160737582,27898.33984375,5970000.0,18927080224,0.0,955.0,24612100.0,277740000.0
2019-12-13,339.6492004394531,7269.6845703125,1.1186057329177856,1475.5999755859375,146.99790954589844,28135.380859375,347.24399775685174,7293.560546875,1.1186933517456055,1475.9000244140625,147.34036303437938,28290.73046875,339.08256443305254,7227.12255859375,1.111889362335205,1463.0999755859375,145.38077371725643,28028.3203125,344.2517907441467,7244.662109375,1.1183431148529053,1463.0999755859375,145.542485848616,28123.640625,4526300.0,17125736940,0.0,468.0,23845400.0,250660000.0
2019-12-14,,7124.673828125,,,,,,7308.83642578125,,,,,,7097.208984375,,,,,,7268.90283203125,,,,,,17137029730,,,,
2019-12-15,,7152.3017578125,,,,,,7181.07568359375,,,,,,6924.3759765625,,,,,,7124.23974609375,,,,,,16881129804,,,,
2019-12-16,325.0659484863281,6932.48046875,1.1124460697174072,1475.0,147.94923400878906,28235.890625,334.2413682900284,7171.1689453125,1.115785002708435,1475.300048828125,148.30119501055412,28337.490234375,324.49931248788374,6903.6826171875,1.1123470067977905,1473.800048828125,147.27384859918294,28191.669921875,326.5868980409919,7153.6630859375,1.1125203371047974,1473.800048828125,147.54970717879962,28191.669921875,16488200.0,20213265950,0.0,99.0,24144200.0,286770000.0
2019-12-17,325.0659484863281,6640.51513671875,1.1136974096298218,1474.5999755859375,147.15016174316406,28267.16015625,328.99259822520025,6964.0751953125,1.1173185110092163,1476.9000244140625,148.120449359057,28328.630859375,318.7137277752093,6587.97412109375,1.113089919090271,1474.0,146.921854505586,28220.560546875,320.1551638406385,6931.3154296875,1.113709807395935,1474.0999755859375,147.8731128895847,28221.75,13526400.0,22363804217,0.0,410.0,25425600.0,286770000.0
2019-12-18,328.72418212890625,7276.802734375,1.115138053894043,1472.5999755859375,146.8457794189453,28239.279296875,333.2671600932545,7324.98486328125,1.1151504516601562,1472.5999755859375,147.90167700227323,28323.25,326.1992268302571,6540.04931640625,1.1111358404159546,1472.5999755859375,146.66503796994402,28239.279296875,326.7757830653986,6647.6982421875,1.1151504516601562,1472.5999755859375,146.77919886750226,28291.439453125,7029300.0,31836522778,0.0,250.0,24129200.0,289890000.0
2019-12-19,331.5274963378906,7202.84423828125,1.1115927696228027,1478.199951171875,148.12046813964844,28376.9609375,332.8297458455648,7346.6025390625,1.1142433881759644,1478.9000244140625,148.17754132751665,28381.48046875,329.0224119345874,7041.3818359375,1.110987663269043,1473.300048828125,146.25599508398705,28278.240234375,330.9310390027003,7277.5908203125,1.1115927696228027,1475.9000244140625,146.49380971013986,28278.310546875,5492600.0,25904604416,0.0,319.0,24958900.0,262570000.0
2019-12-20,326.0600280761719,7218.81640625,1.1125946044921875,1474.699951171875,149.737548828125,28455.08984375,333.51566896206,7257.921875,1.1125946044921875,1478.0999755859375,150.76490937160833,28608.640625,326.0600280761719,7086.1240234375,1.1074320077896118,1474.699951171875,148.67212983022705,28445.599609375,332.6408689108496,7208.63671875,1.112371802330017,1476.699951171875,149.6804756615505,28608.640625,9489400.0,22633815180,0.0,118.0,53477500.0,603780000.0
2019-12-21,,7191.15869140625,,,,,,7223.22607421875,,,,,,7112.73583984375,,,,,,7220.59375,,,,,,19312552168,,,,
2019-12-22,,7511.5888671875,,,,,,7518.033203125,,,,,,7167.17919921875,,,,,,7191.1884765625,,,,,,23134537956,,,,
2019-12-23,335.5535583496094,7355.62841796875,1.1079840660095215,1482.5,149.737548828125,28551.529296875,338.57558685368804,7656.17626953125,1.1097548007965088,1482.5,150.41293398598648,28582.490234375,332.22339609543354,7326.1923828125,1.1071499586105347,1479.9000244140625,149.6043732677687,28491.779296875,334.75830206083845,7508.90234375,1.1079840660095215,1482.300048828125,150.41293398598648,28491.779296875,9534800.0,27831788041,0.0,391.0,17718200.0,223530000.0
2019-12-24,331.03045654296875,7322.5322265625,1.109385371208191,1499.0999755859375,149.7090606689453,28515.44921875,337.7405333647857,7535.716796875,1.1097548007965088,1499.0999755859375,150.02297770169045,28576.80078125,330.65269921610394,7269.52880859375,1.1070642471313477,1488.699951171875,149.46172418039038,28503.2109375,337.50196256343133,7354.39306640625,1.1092993021011353,1488.699951171875,149.8041778056531,28572.5703125,4120100.0,22991622105,0.0,52.0,8989200.0,86150000.0
2019-12-25,,7275.15576171875,1.1090162992477417,,,,,7357.02001953125,1.110864281654358,,,,,7220.9912109375,1.1077877283096313,,,,,7325.755859375,1.109139323234558,,,,,21559505149,0.0,,,
2019-12-26,327.96868896484375,7238.966796875,1.1095454692840576,1509.300048828125,150.93614196777344,28621.390625,331.3883150439416,7388.302734375,1.1104941368103027,1512.300048828125,150.99321513930005,28624.099609375,327.3523304952682,7200.38671875,1.1082788705825806,1505.0,149.72803994861454,28535.150390625,330.73224533566565,7274.79931640625,1.1095085144042969,1505.199951171875,149.88024474938467,28539.4609375,4593400.0,22787010034,0.0,126.0,14520600.0,155970000.0
2019-12-27,328.1874084472656,7290.08837890625,1.110111951828003,1513.800048828125,151.2120361328125,28645.259765625,331.6766279965737,7363.529296875,1.118067979812622,1513.800048828125,151.77327508472027,28701.66015625,327.2231442784637,7189.93408203125,1.1099998950958252,1513.800048828125,150.50809971708105,28608.98046875,328.24705115155587,7238.14111328125,1.1101243495941162,1513.800048828125,151.67814344217118,28675.33984375,4124000.0,22777360996,0.0,839.0,18412800.0,182280000.0
2019-12-28,,7317.990234375,,,,,,7399.041015625,,,,,,7286.9052734375,,,,,,7289.03125,,,,,,21365673026,,,,
2019-12-29,,7422.65283203125,,,,,,7513.9482421875,,,,,,7279.865234375,,,,,,7317.6474609375,,,,,,22445257702,,,,
2019-12-30,324.4695129394531,7292.9951171875,1.1182304620742798,1514.5,149.90879821777344,28462.140625,328.67450567881485,7454.82421875,1.1220699548721313,1515.0999755859375,151.26910519089932,28664.689453125,323.78359149252714,7276.30810546875,1.1181554794311523,1510.0,149.09071546531285,28428.98046875,328.54526970517907,7420.27294921875,1.1181554794311523,1512.5999755859375,151.24056860192223,28654.759765625,4525500.0,22874131672,0.0,446.0,16348400.0,181600000.0
2019-12-31,323.83331298828125,7193.59912109375,1.120229721069336,1519.5,150.01351928710938,28538.439453125,324.6385198431698,7335.2900390625,1.1241008043289185,1523.4000244140625,150.0801143745232,28547.349609375,321.4077418604176,7169.77783203125,1.1200717687606812,1513.800048828125,148.82444571236206,28376.490234375,323.4853769842606,7294.43896484375,1.1204482316970825,1513.800048828125,149.12885551472536,28414.640625,4958800.0,21167946112,0.0,301.0,18369400.0,193340000.0
2020-01-01,,7200.17431640625,1.1220825910568237,,,,,7254.33056640625,1.1228384971618652,,,,,7174.9443359375,1.115946888923645,,,,,7194.89208984375,1.1220825910568237,,,,,18565664997,0.0,,,
2020-01-02,331.34857177734375,6985.47021484375,1.1220825910568237,1524.5,152.79112243652344,28868.80078125,331.37839312756773,7212.1552734375,1.12271249294281,1528.699951171875,152.8957614430933,28872.80078125,325.76181636345586,6935.27001953125,1.1166820526123047,1518.0,150.61274704618017,28627.76953125,326.60676473216284,7202.55126953125,1.1218937635421753,1518.0999755859375,151.04081043121997,28638.970703125,4544400.0,20802083465,0.0,214.0,22622100.0,251820000.0
2020-01-03,330.7919006347656,7344.88427734375,1.1171437501907349,1549.199951171875,150.88865661621094,28634.880859375,332.90930760335885,7413.71533203125,1.118067979812622,1552.699951171875,152.15383248156562,28716.310546875,328.34642846245924,6914.99609375,1.112569808959961,1530.0999755859375,150.35595404449452,28500.359375,328.67449366617245,6984.4287109375,1.1170812845230103,1530.0999755859375,150.6032906064032,28553.330078125,3875900.0,28111481032,0.0,107.0,21116200.0,239590000.0
2020-01-04,,7410.65673828125,,,,,,7427.3857421875,,,,,,7309.51416015625,,,,,,7345.37548828125,,,,,,18444271275,,,,
2020-01-05,,7411.3173828125,,,,,,7544.4970703125,,,,,,7400.53564453125,,,,,,7410.45166015625,,,,,,19725074095,,,,
2020-01-06,331.7660827636719,7769.21923828125,1.1161960363388062,1566.199951171875,151.27867126464844,28703.380859375,332.8794536620254,7781.8671875,1.120824933052063,1580.0,151.34526634147608,28708.01953125,325.94075633582884,7409.29296875,1.1158099174499512,1560.4000244140625,148.8814952548052,28418.630859375,327.35234074728356,7410.4521484375,1.1162458658218384,1580.0,149.42371968592403,28465.5,5355000.0,23276261598,0.0,416.0,20813700.0,252760000.0
2020-01-07,335.28515625,8163.6923828125,1.1197994947433472,1571.800048828125,149.89930725097656,28583.6796875,342.15429069593097,8178.2158203125,1.1199462413787842,1576.300048828125,151.8874339140462,28685.5,328.7540072336429,7768.2275390625,1.1134865283966064,1558.300048828125,149.65198528111424,28565.279296875,332.2830289611392,7768.68212890625,1.1195825338363647,1558.300048828125,151.55450216789137,28639.1796875,9898600.0,28767291327,0.0,47.0,21634100.0,258900000.0
2020-01-08,329.41009521484375,8079.86279296875,1.1154738664627075,1557.4000244140625,152.28695678710938,28745.08984375,332.05436618843447,8396.73828125,1.1165200471878052,1604.199951171875,152.96235665110237,28866.1796875,327.6505748656441,7956.7744140625,1.111086368560791,1552.300048828125,150.2512643514122,28522.509765625,330.434002028855,8161.935546875,1.1155734062194824,1579.699951171875,151.18349353765257,28556.140625,8239200.0,31672559265,0.0,236.0,27746500.0,291750000.0
2020-01-09,334.3507080078125,7879.0712890625,1.1113210916519165,1551.699951171875,154.18948364257812,28956.900390625,339.7088433277258,8082.2958984375,1.1122233867645264,1555.699951171875,154.31315188987753,28988.009765625,330.0860727875837,7842.40380859375,1.1095085144042969,1543.300048828125,153.18115197551302,28844.310546875,332.96894496050135,8082.2958984375,1.1114444732666016,1555.699951171875,153.95166902241928,28851.970703125,8175600.0,24045990466,0.0,54.0,21385000.0,275060000.0
2020-01-10,327.96868896484375,8166.55419921875,1.1111111640930176,1557.5,153.47601318359375,28823.76953125,335.70267264556696,8166.55419921875,1.1120996475219727,1558.800048828125,155.2643834620675,29009.0703125,327.50146758422983,7726.77490234375,1.1086229085922241,1545.4000244140625,153.32380836945768,28789.099609375,333.57531519513043,7878.3076171875,1.1109259128570557,1551.199951171875,154.88388594177735,28977.51953125,7161700.0,28714583844,0.0,16.0,20725900.0,237830000.0
2020-01-11,,8037.53759765625,,,,,,8218.359375,,,,,,8029.64208984375,,,,,,8162.19091796875,,,,,,25521165085,,,,
2020-01-12,,8192.494140625,,,,,,8200.0634765625,,,,,,8009.05908203125,,,,,,8033.26171875,,,,,,22903438381,,,,
2020-01-13,328.26690673828125,8144.1943359375,1.1116669178009033,1548.4000244140625,155.32150268554688,28907.05078125,332.12396323486524,8197.7880859375,1.114466905593872,1558.0,155.35003928227616,28909.91015625,328.1277202099949,8079.70068359375,1.1114075183868408,1548.4000244140625,153.3999562538008,28819.4296875,330.4340057926857,8189.77197265625,1.1116546392440796,1557.4000244140625,153.8755855526946,28869.009765625,5648500.0,22482910688,0.0,48.0,21626500.0,249830000.0
2020-01-14,330.3843078613281,8827.7646484375,1.1135733127593994,1542.4000244140625,154.22752380371094,28939.669921875,333.366564233772,8879.51171875,1.1145787239074707,1546.699951171875,155.6258747654675,29054.16015625,326.33837276847987,8140.93310546875,1.11055588722229,1534.9000244140625,153.83750438933242,28872.26953125,328.8037156243825,8140.93310546875,1.1134493350982666,1546.699951171875,155.42610412162335,28895.5,6945300.0,44841784107,0.0,32.0,23477400.0,287440000.0
2020-01-15,327.8493957519531,8807.0107421875,1.113089919090271,1552.0999755859375,155.22630310058594,29030.220703125,331.1398164302177,8890.1171875,1.1163455247879028,1553.9000244140625,155.94926860820615,29127.58984375,327.7400609054219,8657.1875,1.112025499343872,1545.5999755859375,154.6460495442772,28897.349609375,330.38433205642025,8825.34375,1.1129660606384277,1548.0,154.6936008413171,28901.80078125,4578300.0,40102834650,0.0,11.0,21417900.0,260270000.0
2020-01-16,330.036376953125,8723.7861328125,1.1154004335403442,1549.0,158.0706024169922,29297.640625,330.90122646048485,8846.4609375,1.117193579673767,1556.0999755859375,158.1371974704603,29300.3203125,327.36228460446,8612.095703125,1.112978458404541,1548.5,156.03491007528677,29131.94921875,329.0919836191797,8812.4814453125,1.1152697801589966,1555.699951171875,156.3393197224824,29131.94921875,4024100.0,31313981931,0.0,98.0,23865400.0,252110000.0
2020-01-17,322.2328186035156,8929.0380859375,1.1139578819274902,1558.800048828125,158.95529174804688,29348.099609375,330.53343884956024,8958.1220703125,1.1145004034042358,1558.800048828125,159.30725272739872,29373.619140625,321.0896263110014,8677.31640625,1.1087580919265747,1553.5999755859375,157.36667737382461,29289.91015625,330.42410400301884,8725.2099609375,1.113800287246704,1554.0999755859375,159.2596869022034,29313.310546875,11061700.0,36372139320,0.0,108.0,34371700.0,321820000.0
2020-01-18,,8942.80859375,,,,,,9012.1982421875,,,,,,8827.33203125,,,,,,8927.2119140625,,,,,,32337772627,,,,
2020-01-19,,8706.2451171875,,,,,,9164.3623046875,,,,,,8620.080078125,,,,,,8941.4453125,,,,,,34217320471,,,,
2020-01-20,,8657.642578125,1.1094592809677124,,,,,8745.5908203125,1.1104941368103027,,,,,8560.4736328125,1.1077508926391602,,,,,8704.6318359375,1.1095207929611206,,,,,26422375678,0.0,,,
2020-01-21,311.5165710449219,8745.89453125,1.109693169593811,1556.4000244140625,158.38453674316406,29196.0390625,324.66833324795715,8755.7060546875,1.1119760274887085,1566.199951171875,159.99216589497755,29341.2109375,303.94164432164825,8544.5205078125,1.1086474657058716,1551.0,158.31794168241322,29146.470703125,320.69199121267803,8658.9912109375,1.1096439361572266,1559.300048828125,158.5557563021477,29269.05078125,19318000.0,24097418512,0.0,45.0,29517200.0,320640000.0
2020-01-22,307.17242431640625,8680.8759765625,1.108561396598816,1555.300048828125,157.6234588623047,29186.26953125,310.98970905581075,8792.994140625,1.1097793579101562,1557.0999755859375,159.3262189313456,29320.19921875,300.9295684920027,8636.7470703125,1.1071622371673584,1549.800048828125,157.6044296367441,29172.259765625,307.9875817200874,8744.2109375,1.1085859537124634,1549.800048828125,159.24059467384603,29263.630859375,18792600.0,22600204051,0.0,42.0,24138800.0,283440000.0
2020-01-23,315.9104309082031,8406.515625,1.1096439361572266,1564.5999755859375,158.59381103515625,29160.08984375,316.2881882418153,8687.7470703125,1.1103215217590332,1564.5999755859375,158.66991345348552,29190.470703125,305.8801121276974,8333.6376953125,1.1037039756774902,1552.199951171875,157.21448917618713,28966.98046875,306.6753683711369,8680.650390625,1.1097548007965088,1553.0999755859375,158.0896452143955,29111.01953125,9702100.0,25770680779,0.0,15.0,19680800.0,307060000.0
2020-01-24,321.1393127441406,8445.4345703125,1.1055220365524292,1571.0999755859375,156.9956817626953,28989.73046875,324.27070637882355,8514.6669921875,1.1060845851898193,1571.0999755859375,159.3643204314718,29288.7890625,310.6616732829415,8266.8408203125,1.1021226644515991,1556.300048828125,156.43444278382523,28843.310546875,320.09553509063454,8405.5673828125,1.105534315109253,1556.300048828125,159.34529119903766,29230.390625,17798200.0,24397913026,0.0,43.0,24918100.0,380010000.0
2020-01-25,,8367.84765625,,,,,,8458.453125,,,,,,8296.21875,,,,,,8440.119140625,,,,,,19647331549,,,,
2020-01-26,,8596.830078125,,,,,,8602.4013671875,,,,,,8325.498046875,,,,,,8364.41015625,,,,,,22177678796,,,,
2020-01-27,314.72747802734375,8909.8193359375,1.1025358438491821,1576.800048828125,154.3701934814453,28535.80078125,319.35992013694477,8977.7265625,1.1039965152740479,1584.5,155.4165834020012,28671.7890625,312.71940588464,8597.30859375,1.1010063886642456,1576.800048828125,152.39157450488025,28440.470703125,314.3397701172677,8597.30859375,1.1026331186294556,1584.300048828125,153.29526697351514,28542.490234375,7468100.0,28647338393,0.0,22.0,32078100.0,337270000.0
2020-01-28,314.6877136230469,9358.58984375,1.101976990699768,1569.199951171875,157.3952178955078,28722.849609375,317.47114097816836,9358.58984375,1.102657437324524,1576.4000244140625,157.6805837973838,28823.23046875,312.1428570877693,8908.447265625,1.099855899810791,1569.199951171875,155.12171094857308,28575.75,316.16889135804905,8912.5244140625,1.1019648313522339,1576.4000244140625,155.7970962697475,28594.279296875,5502200.0,34398744403,0.0,3.0,24899900.0,330140000.0
2020-01-29,320.1153869628906,9316.6298828125,1.1022562980651855,1569.800048828125,159.84947204589844,28734.44921875,325.2448715457745,9406.431640625,1.1030223369598389,1569.800048828125,160.5248719679126,28944.240234375,317.2524463386331,9269.4677734375,1.0993238687515259,1569.800048828125,157.61402327863624,28728.189453125,322.4316230593828,9357.470703125,1.102292776107788,1569.800048828125,159.65922324879887,28820.529296875,12454700.0,30682598115,0.0,251274.0,34754500.0,302290000.0
2020-01-30,321.3878173828125,9508.9931640625,1.1016855239868164,1583.5,164.35842895507812,28859.439453125,323.4257107799609,9553.1259765625,1.1036553382873535,1585.0,165.56653121496151,28879.7109375,315.7613203705977,9230.8974609375,1.1008244752883911,1571.4000244140625,162.46541947030428,28489.759765625,318.6043902270497,9316.0166015625,1.101406455039978,1576.800048828125,165.56653121496151,28640.16015625,6022000.0,32378792851,0.0,62336.0,51597500.0,326850000.0
2020-01-31,316.3875732421875,9350.529296875,1.1029127836227417,1582.9000244140625,161.9326934814453,28256.029296875,320.02592972154304,9521.7060546875,1.1090162992477417,1589.0,163.99692221413906,28813.0390625,315.11514504752887,9230.7763671875,1.1017948389053345,1570.0,161.3143814033984,28169.529296875,319.84700161692257,9508.3134765625,1.1028763055801392,1573.4000244140625,163.81619533297652,28813.0390625,4999600.0,29432489719,0.0,1095.0,36142700.0,403890000.0
2020-02-01,,9392.875,,,,,,9439.3232421875,,,,,,9313.2392578125,,,,,,9346.357421875,,,,,,25922656496,,,,
2020-02-02,,9344.365234375,,,,,,9468.7978515625,,,,,,9217.82421875,,,,,,9389.8203125,,,,,,30835736946,,,,
2020-02-03,314.1310119628906,9293.521484375,1.1089794635772705,1577.199951171875,165.8804168701172,28399.810546875,318.842967434468,9540.3720703125,1.108905553817749,1593.300048828125,165.99456321433146,28630.390625,313.017641078221,9248.6337890625,1.104349970817566,1568.199951171875,162.09439861645657,28319.650390625,316.8647470353525,9344.68359375,1.108905553817749,1592.9000244140625,162.12293520251015,28319.650390625,4841800.0,30934096509,0.0,1062.0,30107000.0,307910000.0
2020-02-04,316.0595397949219,9180.962890625,1.1062926054000854,1550.4000244140625,171.3406219482422,28807.630859375,317.5904399278108,9331.265625,1.1065618991851807,1577.699951171875,171.83528027532705,28904.880859375,313.16674740898316,9112.8115234375,1.1033873558044434,1547.800048828125,167.71633053691934,28696.740234375,316.39752521751893,9292.841796875,1.1062926054000854,1577.699951171875,168.50587658292363,28696.740234375,3779800.0,29893183716,0.0,978.0,36433300.0,332750000.0
2020-02-05,327.6008605957031,9613.423828125,1.1047282218933105,1557.800048828125,171.13140869140625,29290.849609375,327.73009656313934,9701.2998046875,1.1048502922058105,1560.699951171875,175.22182339174296,29308.890625,317.34192141071037,9163.7041015625,1.0998317003250122,1547.699951171875,169.7140427303393,29000.849609375,318.60439905973817,9183.416015625,1.104472041130066,1553.199951171875,175.0601111787714,29048.73046875,6071800.0,35222060874,0.0,1305.0,39186300.0,357540000.0
2020-02-06,339.4106140136719,9729.8017578125,1.1002310514450073,1565.0999755859375,174.6796112060547,29379.76953125,341.40873562969546,9824.619140625,1.1012852191925049,1565.5999755859375,174.86035265195414,29408.05078125,323.73389618296295,9539.818359375,1.0965512990951538,1551.5999755859375,171.28361123428937,29246.9296875,328.9528451968062,9617.8212890625,1.1000494956970215,1553.5999755859375,172.14925999356916,29388.580078125,12845500.0,37628823716,0.0,110.0,27751400.0,263700000.0
2020-02-07,334.75830078125,9795.943359375,1.0982975959777832,1568.5999755859375,174.92691040039062,29102.509765625,338.72469232094755,9834.716796875,1.0986994504928589,1571.9000244140625,176.5821052778127,29286.919921875,333.70457255096903,9726.0029296875,1.0946906805038452,1560.5,173.58563254360297,29056.98046875,338.3568855303699,9726.0029296875,1.0981045961380005,1564.9000244140625,173.937608029494,29286.919921875,5337800.0,34522718159,0.0,431.0,33529100.0,252860000.0
2020-02-08,,9865.119140625,,,,,,9876.7490234375,,,,,,9678.91015625,,,,,,9793.0703125,,,,,,35172043762,,,,
2020-02-09,,10116.673828125,,,,,,10129.435546875,,,,,,9850.392578125,,,,,,9863.89453125,,,,,,35807884663,,,,
2020-02-10,342.6314697265625,9856.611328125,1.0949305295944214,1574.699951171875,179.5024871826172,29276.8203125,343.89394741634914,10165.765625,1.0961307287216187,1574.699951171875,179.63566280027678,29278.0703125,334.3308495623045,9784.5634765625,1.090959906578064,1568.5999755859375,174.3181309390107,28995.66015625,335.22552046340985,10115.5595703125,1.0948705673217773,1569.300048828125,174.6320480052912,28995.66015625,5876400.0,39386548075,0.0,128.0,35844300.0,250510000.0
2020-02-11,342.3829345703125,10208.236328125,1.0913456678390503,1565.5999755859375,175.4500732421875,29276.33984375,346.01134050701995,10210.052734375,1.0927003622055054,1571.0999755859375,181.4049446376646,29415.390625,340.0766489744631,9729.3349609375,1.089348316192627,1561.9000244140625,174.55588816839932,29210.470703125,345.5838910312693,9855.8916015625,1.091226577758789,1570.9000244140625,181.35737882234736,29390.7109375,5311500.0,37648059389,0.0,440.0,53159900.0,279540000.0
2020-02-12,345.39501953125,10326.0546875,1.091941475868225,1567.4000244140625,175.70692443847656,29551.419921875,347.8802332842822,10393.611328125,1.0924997329711914,1568.699951171875,176.79135830419105,29568.5703125,343.804476661893,10202.3876953125,1.0887079238891602,1561.0,172.986325159221,29406.75,344.371112678484,10202.3876953125,1.0921800136566162,1565.199951171875,176.5345145026917,29406.75,4421500.0,43444303830,0.0,36.0,47062900.0,309530000.0
2020-02-13,342.82000732421875,10214.3798828125,1.0875948667526245,1575.0999755859375,174.75567626953125,29423.310546875,347.8900146484375,10457.626953125,1.0890873670578003,1575.0999755859375,177.15283683880781,29535.400390625,342.6300048828125,10116.1611328125,1.0835527181625366,1570.199951171875,173.95660823138869,29345.9296875,344.32000732421875,10323.9609375,1.0876421928405762,1570.199951171875,174.1563788696869,29436.029296875,3783100.0,49356071373,0.0,74.0,35295800.0,291150000.0
2020-02-14,340.489990234375,10312.1162109375,1.0845986604690552,1582.699951171875,176.3157958984375,29398.080078125,344.5,10321.99609375,1.0862481594085693,1582.699951171875,176.37286909480693,29463.0390625,338.0,10125.5341796875,1.0831302404403687,1574.800048828125,173.74738594137312,29283.1796875,342.29998779296875,10211.55078125,1.0845986604690552,1575.800048828125,174.31814693517745,29440.470703125,4199800.0,43338264162,0.0,68.0,23149500.0,231000000.0
2020-02-15,,9889.4248046875,,,,,,10341.5556640625,,,,,,9874.427734375,,,,,,10313.8564453125,,,,,,43865054831,,,,
2020-02-16,,9934.43359375,,,,,,10053.96875,,,,,,9722.38671875,,,,,,9889.1796875,,,,,,43374780305,,,,
2020-02-17,,9690.142578125,1.0841753482818604,,,,,9938.8154296875,1.0854003429412842,,,,,9507.6376953125,1.0830246210098267,,,,,9936.560546875,1.0840578079223633,,,,,45998298413,0.0,,,
2020-02-18,338.8800048828125,10141.99609375,1.0840108394622803,1600.0,178.10414123535156,29232.189453125,339.989990234375,10161.935546875,1.0839003324508667,1604.300048828125,178.55123393258535,29330.16015625,336.1000061035156,9632.3828125,1.078690528869629,1579.800048828125,176.45846794354335,29116.810546875,338.7699890136719,9691.23046875,1.0837054252624512,1579.800048828125,176.56310696874817,29282.779296875,2904600.0,47271023953,0.0,310.0,27792200.0,256600000.0
2020-02-19,338.29998779296875,9633.38671875,1.079540491104126,1607.5,178.6382598876953,29348.029296875,341.4700012207031,10191.67578125,1.0808473825454712,1610.5,179.4967249914194,29409.08984375,335.8599853515625,9611.2236328125,1.0783600807189941,1599.699951171875,177.86563838340436,29274.380859375,338.1199951171875,10143.798828125,1.0794706344604492,1600.5999755859375,179.3822668588419,29312.69921875,4935700.0,46992019710,0.0,542.0,29997500.0,240640000.0
2020-02-20,336.2799987792969,9608.4755859375,1.081009864807129,1616.5999755859375,175.9102783203125,29219.98046875,341.239990234375,9643.216796875,1.0821000337600708,1621.0,178.60969494915213,29368.44921875,335.3900146484375,9507.900390625,1.0779578685760498,1603.0,172.74348115053945,28959.650390625,338.2900085449219,9629.3251953125,1.080964207649231,1606.5,178.32353498355386,29296.25,2807500.0,44925260237,0.0,117.0,36862400.0,287780000.0
2020-02-21,330.3800048828125,9686.44140625,1.078799843788147,1644.5999755859375,170.3492431640625,28992.41015625,334.6600036621094,9723.0146484375,1.0863661766052246,1645.0,175.0326824659516,29146.529296875,330.2300109863281,9589.7431640625,1.078771948814392,1619.300048828125,169.0710788397271,28892.69921875,334.04998779296875,9611.7822265625,1.078771948814392,1619.300048828125,174.7179080479234,29146.529296875,3709900.0,40930547513,0.0,186.0,48572600.0,311210000.0
2020-02-22,,9663.181640625,,,,,,9698.2314453125,,,,,,9600.728515625,,,,,,9687.70703125,,,,,,35838025154,,,,
2020-02-23,,9924.515625,,,,,,9937.404296875,,,,,,9657.791015625,,,,,,9663.318359375,,,,,,41185185761,,,,
2020-02-24,317.8999938964844,9650.1748046875,1.0839051008224487,1672.4000244140625,163.0045623779297,27960.80078125,321.739990234375,9951.74609375,1.0863661766052246,1686.5999755859375,166.49568121094842,28402.9296875,316.3299865722656,9537.04296875,1.0808473825454712,1650.0,155.69801694393684,27912.439453125,320.0,9921.5830078125,1.0838581323623657,1657.0,160.02853428667305,28402.9296875,6073200.0,45080496648,0.0,435.0,68311100.0,452580000.0
2020-02-25,304.1400146484375,9341.705078125,1.0849199295043945,1646.9000244140625,160.31468200683594,27081.359375,320.6400146484375,9652.7373046875,1.088174819946289,1653.699951171875,166.77228055874716,28149.19921875,303.6300048828125,9305.021484375,1.083177089691162,1632.300048828125,159.91404943605284,26997.619140625,318.260009765625,9651.3125,1.084904670715332,1645.0999755859375,166.16181293118208,28037.650390625,8052500.0,42515259129,0.0,409.0,68073300.0,513270000.0
2020-02-26,305.5899963378906,8820.5224609375,1.0881996154785156,1640.0,162.31777954101562,26957.58984375,315.2200012207031,9354.7783203125,1.090358018875122,1648.0999755859375,165.26519300844907,27542.779296875,304.05999755859375,8704.4267578125,1.085564136505127,1636.4000244140625,160.44822871342618,26890.970703125,307.0,9338.2900390625,1.0881001949310303,1644.0,161.87901364573722,27159.4609375,6987300.0,50420050762,0.0,1990.0,56206100.0,472450000.0
2020-02-27,287.760009765625,8784.494140625,1.0885894298553467,1640.0,150.88107299804688,25766.640625,301.0,8932.892578125,1.1005700826644897,1658.0,159.3227121355239,26775.310546875,284.2900085449219,8577.19921875,1.088565707206726,1638.5,150.69030453462327,25752.8203125,300.3699951171875,8825.09375,1.088565707206726,1641.0999755859375,155.78391129170845,26526.0,10982400.0,45470195695,0.0,707.0,93174900.0,664980000.0
2020-02-28,275.1099853515625,8672.455078125,1.0997228622436523,1564.0999755859375,154.53431701660156,25409.359375,282.8599853515625,8890.4560546875,1.10527765750885,1642.5,156.15588503240923,25494.240234375,269.6000061035156,8492.9326171875,1.095158338546753,1564.0999755859375,144.98621679499112,24681.009765625,278.07000732421875,8788.728515625,1.0995535850524902,1640.300048828125,145.37730153078934,25270.830078125,15364300.0,44605450443,0.0,289.0,97012700.0,915990000.0
2020-02-29,,8599.5087890625,,,,,,8775.6318359375,,,,,,8599.5087890625,,,,,,8671.212890625,,,,,,35792392544,,,,
2020-03-01,,8562.4541015625,,,,,,8726.796875,,,,,,8471.212890625,,,,,,8599.7587890625,,,,,,35349164300,,,,
2020-03-02,289.2699890136719,8869.669921875,1.1051311492919922,1592.300048828125,164.81690979003906,26703.3203125,291.7099914550781,8921.30859375,1.116407871246338,1608.300048828125,164.94091583133388,26706.169921875,274.2900085449219,8532.630859375,1.1037284135818481,1574.300048828125,154.82049461820966,25391.9609375,279.5400085449219,8563.2646484375,1.1052532196044922,1583.9000244140625,157.68206501338486,25590.509765625,11012300.0,42857674409,0.0,537.0,71030800.0,637200000.0
2020-03-03,280.6199951171875,8787.7861328125,1.1144047975540161,1642.0999755859375,156.9189453125,25917.41015625,297.44000244140625,8901.5986328125,1.120749592781067,1645.300048828125,166.92490636820497,27084.58984375,278.0799865722656,8704.990234375,1.1097301244735718,1594.0,154.7727679449088,25706.279296875,292.0,8865.3876953125,1.1144297122955322,1594.5,165.78028134976233,26762.470703125,7499300.0,42386715821,0.0,610.0,71677000.0,647080000.0
2020-03-04,283.1199951171875,8755.24609375,1.118067979812622,1641.0999755859375,162.6802520751953,27090.859375,285.9100036621094,8843.3662109375,1.1185681819915771,1645.9000244140625,162.8233247486236,27102.33984375,277.010009765625,8712.431640625,1.109693169593811,1631.300048828125,157.9777312943237,26286.310546875,284.54998779296875,8788.5419921875,1.1177304983139038,1645.4000244140625,160.71530973506168,26383.6796875,6986100.0,34746706368,0.0,83.0,49814400.0,457590000.0
2020-03-05,260.3699951171875,9078.7626953125,1.113908290863037,1666.4000244140625,158.59774780273438,26121.279296875,276.30999755859375,9142.0546875,1.1204482316970825,1672.9000244140625,162.98547961930032,26671.919921875,259.6499938964844,8757.25390625,1.1121737957000732,1637.199951171875,158.0445092042918,25943.330078125,275.7900085449219,8760.28515625,1.113908290863037,1637.300048828125,158.38789817730108,26671.919921875,14669100.0,39698054597,0.0,154.0,47817300.0,477370000.0
2020-03-06,262.3299865722656,9122.5458984375,1.1223849058151245,1670.800048828125,154.11459350585938,25864.779296875,264.2900085449219,9167.6953125,1.135473370552063,1686.199951171875,155.583526033775,25994.380859375,249.8000030517578,9032.0791015625,1.1213905811309814,1647.199951171875,148.80160609679118,25226.619140625,253.6999969482422,9078.30859375,1.1223849058151245,1670.800048828125,155.1065978091058,25457.2109375,12861800.0,40826885651,0.0,175.0,72821100.0,599780000.0
2020-03-07,,8909.9541015625,,,,,,9163.220703125,,,,,,8890.744140625,,,,,,9121.6005859375,,,,,,36216930370,,,,
2020-03-08,,8108.1162109375,,,,,,8914.34375,,,,,,8105.2529296875,,,,,,8908.2060546875,,,,,,39973102121,,,,
2020-03-09,227.1699981689453,7923.64453125,1.1386020183563232,1674.5,143.66986083984375,23851.01953125,241.47999572753906,8177.79345703125,1.1495838165283203,1701.5999755859375,150.47086231713158,24992.359375,224.3699951171875,7690.09814453125,1.1356796026229858,1657.699951171875,143.07847446953875,23706.0703125,238.0,8111.146484375,1.1386150121688843,1696.0999755859375,144.03233096600232,24992.359375,11585500.0,46936995808,0.0,161.0,70419300.0,750430000.0
2020-03-10,231.00999450683594,7909.7294921875,1.1397960186004639,1659.0999755859375,153.49459838867188,25018.16015625,237.8300018310547,8136.9453125,1.1422958374023438,1674.5999755859375,153.59952319416868,25020.990234375,215.0,7814.76318359375,1.1334141492843628,1643.0,145.53943804182967,23690.33984375,237.0,7922.14697265625,1.1397439241409302,1671.5999755859375,150.8619594798835,24453.0,13059600.0,42213940994,0.0,48.0,65354400.0,654860000.0
2020-03-11,189.0800018310547,7911.43017578125,1.1316505670547485,1641.4000244140625,146.541015625,23553.220703125,226.99000549316406,7950.814453125,1.1365960836410522,1666.5,150.42320498839098,24604.630859375,187.0,7642.8125,1.1259005069732666,1635.0,144.17544043039595,23328.3203125,222.99000549316406,7910.08984375,1.1316184997558594,1656.5999755859375,149.87951421502953,24604.630859375,28503500.0,38682762605,0.0,47.0,56371600.0,663960000.0
2020-03-12,154.83999633789062,4970.7880859375,1.1261515617370605,1589.300048828125,132.64329528808594,21200.619140625,189.85000610351562,7929.1162109375,1.1332857608795166,1647.5,146.38837226502318,22837.94921875,154.80999755859375,4860.35400390625,1.1080824136734009,1566.4000244140625,132.18544819947115,21154.4609375,160.52999877929688,7913.6162109375,1.1260753870010376,1637.0,138.59536565886447,22184.7109375,31734400.0,53980357243,0.0,256.0,93226400.0,908260000.0
2020-03-13,170.1999969482422,5563.70703125,1.1184931993484497,1515.699951171875,151.50111389160156,23185.619140625,178.27999877929688,5838.11474609375,1.1221328973770142,1589.800048828125,154.43899529192603,23189.759765625,161.3800048828125,4106.98095703125,1.1065373420715332,1513.800048828125,134.23629581872757,21285.369140625,174.97000122070312,5017.8310546875,1.118355631828308,1574.9000244140625,140.693911990134,21973.8203125,21168500.0,74156772075,0.0,89.0,92727400.0,843080000.0
2020-03-14,,5200.3662109375,,,,,,5625.2265625,,,,,,5125.0693359375,,,,,,5573.07763671875,,,,,,36154506008,,,,
2020-03-15,,5392.31494140625,,,,,,5836.64501953125,,,,,,5169.283203125,,,,,,5201.06689453125,,,,,,33997889639,,,,
2020-03-16,129.61000061035156,5014.47998046875,1.115536093711853,1485.9000244140625,129.17123413085938,20188.51953125,151.0,5385.2294921875,1.1235400438308716,1569.0999755859375,142.4584615765155,21768.279296875,128.75999450683594,4575.35791015625,1.1088687181472778,1452.0999755859375,128.77061618263224,20116.4609375,149.4199981689453,5385.2294921875,1.1159594058990479,1569.0999755859375,133.53989826347046,20917.529296875,26844400.0,45368026430,0.0,193.0,87905900.0,770130000.0
2020-03-17,124.13999938964844,5225.62939453125,1.1163206100463867,1524.9000244140625,139.80679321289062,21237.380859375,134.9600067138672,5371.3486328125,1.1189061403274536,1537.699951171875,140.69387301923084,21379.349609375,101.25,4981.9091796875,1.0957943201065063,1469.300048828125,128.77066344132993,19882.259765625,132.50999450683594,5002.578125,1.1163331270217896,1469.300048828125,133.53994727249028,20487.05078125,54492200.0,38622642935,0.0,122.0,81059800.0,793060000.0
2020-03-18,101.88999938964844,5238.4384765625,1.101552128791809,1477.300048828125,133.9214630126953,19898.919921875,107.8499984741211,5331.833984375,1.1045000553131104,1542.0,139.26306588210693,20489.330078125,89.0,5069.3359375,1.0831888914108276,1477.300048828125,128.78972431779513,18917.4609375,99.86000061035156,5227.11376953125,1.1016855239868164,1537.5,131.63221295705998,20188.689453125,61943200.0,37878801016,0.0,333.0,81593200.0,871360000.0
2020-03-19,97.70999908447266,6191.19287109375,1.0961546897888184,1478.5999755859375,136.12489318847656,20087.189453125,103.56999969482422,6329.73583984375,1.0945589542388916,1491.5999755859375,143.22157466077158,20442.630859375,90.3499984741211,5236.96875,1.0697933435440063,1471.0,132.5860785020876,19177.130859375,98.80000305175781,5245.41650390625,1.0943433046340942,1481.5,136.18212226051716,19830.009765625,40210600.0,51000731797,0.0,262.0,85922700.0,780300000.0
2020-03-20,95.01000213623047,6198.7783203125,1.0657345056533813,1484.0,131.01222229003906,19173.98046875,107.0,6844.26171875,1.0829894542694092,1484.0,140.31232502440062,20531.259765625,94.27999877929688,5865.78173828125,1.0654505491256714,1483.5,129.59097058119917,19094.26953125,99.8499984741211,6191.65380859375,1.0658481121063232,1483.5,139.26307684274727,20253.150390625,41370700.0,54442976103,0.0,14.0,84866200.0,872290000.0
2020-03-21,,6185.06640625,,,,,,6378.13525390625,,,,,,5932.8232421875,,,,,,6206.521484375,,,,,,42494390880,,,,
2020-03-22,,5830.2548828125,,,,,,6359.697265625,,,,,,5823.7138671875,,,,,,6185.55810546875,,,,,,40099664740,,,,
2020-03-23,105.62000274658203,6416.31494140625,1.0694386959075928,1567.0,129.7053985595703,18591.9296875,114.48999786376953,6443.9345703125,1.0824854373931885,1567.0,134.08361081318208,19121.009765625,93.55999755859375,5785.00439453125,1.0660412311553955,1490.199951171875,126.40506332796147,18213.650390625,98.75,5831.37451171875,1.0687528848648071,1505.300048828125,130.68786955811524,19028.359375,46140100.0,46491916000,0.0,51.0,78975200.0,787970000.0
2020-03-24,127.68000030517578,6734.8037109375,1.0764610767364502,1660.199951171875,141.4950714111328,20704.91015625,127.95999908447266,6789.02294921875,1.0888501405715942,1685.5,142.69693993052886,20737.69921875,116.12999725341797,6411.06640625,1.0753382444381714,1592.699951171875,134.75131344382464,19649.25,123.68000030517578,6436.642578125,1.0764726400375366,1592.699951171875,137.11687351683517,19722.189453125,43683100.0,48221910672,0.0,442.0,82516700.0,799340000.0
2020-03-25,158.72999572753906,6681.06298828125,1.080263614654541,1632.300048828125,140.140625,21200.55078125,174.77000427246094,6892.51123046875,1.0849517583847046,1676.5,147.2087066594224,22019.9296875,141.0,6536.92626953125,1.0770175457000732,1631.0999755859375,137.77506445285783,20538.33984375,154.89999389648438,6738.716796875,1.0801235437393188,1676.5,142.0388050778731,21050.33984375,77826000.0,44590107888,0.0,476.0,75638200.0,796320000.0
2020-03-26,180.5500030517578,6716.4404296875,1.0889569520950317,1650.0999755859375,148.9065704345703,22552.169921875,186.47999572753906,6735.4638671875,1.1025480031967163,1660.5,149.4311945319734,22595.060546875,167.17999267578125,6590.962890625,1.0876539945602417,1650.0999755859375,141.52371431628413,21427.099609375,172.2899932861328,6675.1708984375,1.0887553691864014,1660.5,141.55232885298807,21468.380859375,63267300.0,35319797642,0.0,3.0,64568100.0,705180000.0
2020-03-27,162.0,6469.79833984375,1.1048258543014526,1623.9000244140625,142.79234313964844,21636.779296875,172.9199981689453,6793.83642578125,1.1086474657058716,1623.9000244140625,147.742861674162,22327.5703125,155.5399932861328,6466.70166015625,1.0955182313919067,1623.9000244140625,142.3154147961261,21469.26953125,172.0,6719.38916015625,1.1046184301376343,1623.9000244140625,144.74775225902962,21898.470703125,47880200.0,34585598367,0.0,100638.0,57042300.0,588830000.0
2020-03-28,,6242.19384765625,,,,,,6467.5009765625,,,,,,6117.837890625,,,,,,6467.25390625,,,,,,34885225901,,,,
2020-03-29,,5922.04296875,,,,,,6250.46728515625,,,,,,5920.0859375,,,,,,6245.62451171875,,,,,,28373690931,,,,
2020-03-30,152.27999877929688,6429.841796875,1.113908290863037,1622.0,152.83644104003906,22327.48046875,153.80999755859375,6517.19580078125,1.1137841939926147,1652.800048828125,153.1893778840761,22378.08984375,140.67999267578125,5903.234375,1.1012245416641235,1607.199951171875,143.08802528988713,21522.080078125,153.80999755859375,5925.53857421875,1.1135361194610596,1641.199951171875,145.40590442813732,21678.220703125,51052500.0,37101651525,0.0,16389.0,63420300.0,545540000.0
2020-03-31,149.13999938964844,6438.64453125,1.1030466556549072,1583.4000244140625,150.43272399902344,21917.16015625,160.63999938964844,6504.51513671875,1.1043622493743896,1621.0,157.17648228814505,22480.369140625,149.0,6374.162109375,1.0929678678512573,1576.0,149.3357802257252,21852.080078125,155.0,6430.6064453125,1.1028398275375366,1618.699951171875,152.04472935430687,22208.419921875,29954000.0,32786468812,0.0,2874.0,77927200.0,571210000.0
2020-04-01,130.6999969482422,6606.7763671875,1.102657437324524,1578.199951171875,145.09112548828125,20943.509765625,144.3800048828125,6612.57373046875,1.1037527322769165,1600.0,150.4708760366592,21487.240234375,130.0,6202.37353515625,1.0918699502944946,1570.0,143.86065689971826,20784.4296875,138.91000366210938,6437.3193359375,1.1028155088424683,1570.0,145.94005726534934,21227.380859375,41899700.0,40346426266,0.0,2158.0,57969900.0,506680000.0
2020-04-02,123.2699966430664,6793.62451171875,1.0953621864318848,1625.699951171875,148.0957794189453,21413.439453125,136.67999267578125,7088.24755859375,1.0962989330291748,1631.199951171875,148.30562904799265,21477.76953125,120.0199966430664,6595.91845703125,1.0844340324401855,1586.0,143.42188761859504,20735.01953125,128.50999450683594,6606.7763671875,1.0950982570648193,1590.9000244140625,144.85267260499177,20819.4609375,42372400.0,47660646124,0.0,1294.0,49630700.0,529540000.0
2020-04-03,124.5199966430664,6733.38720703125,1.0847399234771729,1633.699951171875,146.73178100585938,21052.529296875,131.2899932861328,7003.220703125,1.085894227027893,1636.0,150.11797527329975,21447.810546875,122.5,6673.3359375,1.0776199102401733,1619.800048828125,145.16745656701602,20863.08984375,125.0,6797.396484375,1.084386944770813,1624.5,147.94318311575407,21285.9296875,37347400.0,38976504903,0.0,643.0,41243300.0,450010000.0
2020-04-04,,6867.52734375,,,,,,6878.95361328125,,,,,,6696.48486328125,,,,,,6738.3828125,,,,,,33185988584,,,,
2020-04-05,,6791.12939453125,,,,,,6883.4140625,,,,,,6715.92919921875,,,,,,6862.53759765625,,,,,,29510409856,,,,
2020-04-06,148.77000427246094,7271.78125,1.0806955099105835,1677.0,157.6439208984375,22679.990234375,149.69000244140625,7271.78125,1.083435297012329,1696.699951171875,158.81716071307395,22783.44921875,129.2100067138672,6782.8896484375,1.0769248008728027,1625.9000244140625,150.30875961543,21693.630859375,133.6999969482422,6788.0498046875,1.0808240175247192,1629.0999755859375,152.92233254493476,21693.630859375,51085500.0,46896904615,0.0,1063.0,67111700.0,610760000.0
2020-04-07,141.5800018310547,7176.41455078125,1.0803803205490112,1664.800048828125,155.94601440429688,22653.859375,164.8000030517578,7427.939453125,1.0923351049423218,1724.4000244140625,162.15561537698372,23617.240234375,140.25999450683594,7136.71435546875,1.0791398286819458,1658.0,155.72661691587626,22634.44921875,162.0,7273.64404296875,1.0801936388015747,1695.699951171875,161.76453069382984,23537.439453125,56699100.0,44243482668,0.0,1144.0,62769000.0,594660000.0
2020-04-08,146.8699951171875,7334.0986328125,1.0895144939422607,1665.4000244140625,157.5103759765625,23433.5703125,154.0,7356.2236328125,1.0896213054656982,1677.0,158.9793090252371,23513.400390625,144.5500030517578,7153.3056640625,1.083177089691162,1662.5,155.95558475544172,22682.990234375,147.50999450683594,7179.283203125,1.0894314050674438,1669.699951171875,158.02545223774203,22893.470703125,41351000.0,37563249549,0.0,747.0,48318200.0,472740000.0
2020-04-09,151.83999633789062,7302.08935546875,1.0863661766052246,1736.199951171875,157.51991271972656,23719.369140625,157.97999572753906,7341.4482421875,1.0943553447723389,1736.199951171875,159.64700932663945,24008.990234375,150.08999633789062,7179.09423828125,1.0841801166534424,1662.699951171875,155.79343422568292,23504.08984375,154.7100067138672,7337.96630859375,1.0861183404922485,1662.699951171875,158.68361919007526,23690.66015625,37874200.0,34815139178,0.0,825.0,51385100.0,566400000.0
2020-04-10,,6865.4931640625,1.0927408933639526,,,,,7303.8154296875,1.0954102277755737,,,,,6802.47509765625,1.0921083688735962,,,,,7303.8154296875,1.0925976037979126,,,,,43622840992,0.0,,,
2020-04-11,,6859.0830078125,,,,,,6926.06982421875,,,,,,6789.9208984375,,,,,,6867.4404296875,,,,,,31222085946,,,,
2020-04-12,,6971.091796875,,,,,,7119.947265625,,,,,,6811.078125,,,,,,6858.06787109375,,,,,,35759567632,,,,
2020-04-13,147.3300018310547,6845.03759765625,1.0932666063308716,1744.800048828125,157.87283325195312,23390.76953125,156.0,6965.61669921875,1.0968520641326904,1756.800048828125,157.93007688572814,23698.9296875,146.25999450683594,6668.259765625,1.089360237121582,1710.699951171875,154.81096108382366,23095.349609375,155.5,6965.61669921875,1.093135118484497,1722.0,156.76637042886347,23698.9296875,26034100.0,38619308647,0.0,696.0,41905300.0,394320000.0
2020-04-14,141.0,6842.427734375,1.0922993421554565,1756.699951171875,165.68487548828125,23949.759765625,152.39999389648438,6958.55712890625,1.0983941555023193,1775.0,165.7325712254723,24040.580078125,140.0,6793.8212890625,1.0915720462799072,1739.5,160.24789620649983,23683.439453125,150.50999450683594,6843.28173828125,1.0919533967971802,1756.800048828125,161.2017527315385,23690.5703125,33970500.0,34110434052,0.0,675.0,52874300.0,485910000.0
2020-04-15,145.97999572753906,6642.10986328125,1.098538875579834,1727.199951171875,163.9488525390625,23504.349609375,148.69000244140625,6928.66455078125,1.0989010334014893,1744.9000244140625,165.56087228065886,23649.720703125,132.89999389648438,6633.40283203125,1.0857645273208618,1722.699951171875,161.43067207396544,23233.3203125,139.0,6845.5615234375,1.0982372760772705,1739.4000244140625,163.30022257965408,23600.720703125,39297600.0,32288311031,0.0,642.0,40940800.0,437630000.0
2020-04-16,134.24000549316406,7116.80419921875,1.0905101299285889,1720.4000244140625,168.87075805664062,23537.6796875,143.24000549316406,7134.45068359375,1.0907741785049438,1750.5999755859375,169.0996888694817,23598.080078125,134.0,6555.50439453125,1.0829660892486572,1715.0,164.92179250198183,23211.380859375,141.4600067138672,6640.4541015625,1.0903817415237427,1731.0,166.25720041151084,23543.66015625,41364800.0,46783242377,0.0,162.0,50479600.0,471050000.0
2020-04-17,154.0,7096.1845703125,1.0858471393585205,1689.199951171875,170.3587646484375,24242.490234375,154.0,7167.18310546875,1.0893245935440063,1725.0,171.69415783191923,24264.2109375,145.0,7050.33203125,1.0812681913375854,1684.9000244140625,167.75472610860697,23817.150390625,149.41000366210938,7116.552734375,1.0860122442245483,1715.699951171875,171.21722961571945,23817.150390625,52389400.0,32513423567,0.0,223.0,52765600.0,525950000.0
2020-04-18,,7257.6650390625,,,,,,7269.95654296875,,,,,,7089.2470703125,,,,,,7092.29150390625,,,,,,32447188386,,,,
2020-04-19,,7189.4248046875,,,,,,7280.52197265625,,,,,,7167.0546875,,,,,,7260.92236328125,,,,,,31311210215,,,,
2020-04-20,143.61000061035156,6881.95849609375,1.0866966247558594,1701.5999755859375,166.98216247558594,23650.439453125,151.6300048828125,7240.29052734375,1.0897043943405151,1701.5999755859375,170.5018962571426,24108.689453125,142.5,6835.5029296875,1.084304690361023,1680.0,166.91540007067005,23627.189453125,147.2100067138672,7186.87353515625,1.0866258144378662,1686.0,168.47972457861755,24095.099609375,34983800.0,37747113936,0.0,106.0,36669600.0,423410000.0
2020-04-21,136.3300018310547,6880.3232421875,1.0864840745925903,1678.199951171875,160.07620239257812,23018.880859375,141.89999389648438,6934.5517578125,1.0879971981048584,1707.0999755859375,165.65625410027482,23365.25,135.4499969482422,6834.4423828125,1.0817945003509521,1659.9000244140625,158.44510139820838,22941.880859375,139.00999450683594,6879.7841796875,1.0863542556762695,1697.0,165.49410024429338,23365.25,27043800.0,32589741511,0.0,666.0,56203700.0,485140000.0
2020-04-22,134.97000122070312,7117.20751953125,1.0856467485427856,1728.699951171875,165.51318359375,23475.8203125,140.82000732421875,7145.86572265625,1.0883169174194336,1728.699951171875,165.9710306374352,23613.099609375,134.52000427246094,6867.78173828125,1.0824267864227295,1684.800048828125,162.93777396031504,23339.599609375,140.4199981689453,6879.4404296875,1.0857409238815308,1696.0,163.48146459568588,23437.33984375,22734500.0,33249153866,0.0,453.0,34620200.0,352880000.0
2020-04-23,137.74000549316406,7429.724609375,1.080964207649231,1733.300048828125,163.51011657714844,23515.259765625,142.3800048828125,7491.78515625,1.0843987464904785,1745.0999755859375,166.98215444262306,23885.359375,136.0500030517578,7081.5947265625,1.0758357048034668,1733.300048828125,163.02365489148056,23483.349609375,136.5,7121.30615234375,1.0806838274002075,1734.0,166.07599347299146,23543.08984375,25936400.0,43500782316,0.0,482.0,32790800.0,389290000.0
2020-04-24,128.97999572753906,7550.90087890625,1.077702283859253,1723.5,166.4956512451172,23775.26953125,137.57000732421875,7574.19580078125,1.0817711353302002,1744.0,166.50518457021275,23826.0,128.3300018310547,7434.181640625,1.0727657079696655,1714.5,162.83284586053986,23417.6796875,137.0,7434.181640625,1.0776326656341553,1744.0,164.1205433737908,23628.240234375,35884700.0,34636526286,0.0,221.0,34277600.0,376020000.0
2020-04-25,,7569.93603515625,,,,,,7641.36376953125,,,,,,7521.67236328125,,,,,,7550.48291015625,,,,,,32941541447,,,,
2020-04-26,,7679.8671875,,,,,,7700.59423828125,,,,,,7561.40771484375,,,,,,7570.13916015625,,,,,,33070154491,,,,
2020-04-27,128.67999267578125,7795.60107421875,1.08236825466156,1711.9000244140625,166.01876831054688,24133.779296875,131.1999969482422,7795.60107421875,1.0860357284545898,1731.9000244140625,168.73725128349537,24207.650390625,123.83000183105469,7679.4189453125,1.081221342086792,1711.9000244140625,165.30337575639746,23840.609375,129.97000122070312,7679.4189453125,1.08236825466156,1731.9000244140625,168.44155802319875,23866.150390625,34563000.0,36162144725,0.0,169.0,33194400.0,389390000.0
2020-04-28,131.3000030517578,7807.05859375,1.0824854373931885,1710.5,161.974365234375,24101.55078125,137.1999969482422,7814.52734375,1.0889687538146973,1716.5999755859375,167.56396474430508,24512.240234375,127.73999786376953,7730.806640625,1.0811277627944946,1707.0999755859375,161.57374726256776,24031.19921875,133.8800048828125,7796.97021484375,1.0827198028564453,1716.5999755859375,167.48765447995686,24357.169921875,37806900.0,33187959921,0.0,1255.0,34392700.0,400250000.0
2020-04-29,139.0,8801.0380859375,1.0836584568023682,1703.4000244140625,169.2427520751953,24633.859375,147.17999267578125,8871.75390625,1.0874292850494385,1713.5,169.48121620057074,24764.76953125,135.25,7786.04931640625,1.0831655263900757,1702.0,163.94886013561694,24453.990234375,138.0800018310547,7806.71240234375,1.0832358598709106,1710.0,165.2270243545024,24490.369140625,60454400.0,60201052203,0.0,373.0,51286600.0,455290000.0
2020-04-30,141.02000427246094,8658.5537109375,1.087725043296814,1684.199951171875,170.94065856933594,24345.720703125,144.64999389648438,9440.650390625,1.0969964265823364,1719.300048828125,172.07573576963108,24585.5703125,132.30999755859375,8533.255859375,1.0835645198822021,1680.800048828125,168.09815524104735,24186.900390625,137.6699981689453,8797.669921875,1.0876659154891968,1719.300048828125,171.6941989272274,24585.5703125,37876600.0,66964629541,0.0,327.0,53875900.0,487840000.0
2020-05-01,133.3699951171875,8864.7666015625,1.094546914100647,1694.5,166.51480102539062,23723.689453125,143.7100067138672,9048.0234375,1.101624846458435,1701.5,170.39699092351708,24120.779296875,132.83999633789062,8667.763671875,1.0935415029525757,1670.5,165.98062895146168,23645.30078125,143.22999572753906,8672.7822265625,1.0944750308990479,1686.5999755859375,167.6880409018882,24120.779296875,36613100.0,44068389997,0.0,337.0,39370500.0,418160000.0
2020-05-02,,8988.5966796875,,,,,,9007.1875,,,,,,8811.3662109375,,,,,,8869.0576171875,,,,,,40134388683,,,,
2020-05-03,,8897.46875,,,,,,9167.78125,,,,,,8830.9716796875,,,,,,8983.6142578125,,,,,,47101785174,,,,
2020-05-04,131.4600067138672,8912.654296875,1.0959625244140625,1706.9000244140625,170.5876922607422,23749.759765625,131.5,8956.90625,1.0957822799682617,1709.0,170.74031279323725,23769.560546875,124.3499984741211,8645.0244140625,1.0901321172714233,1699.5999755859375,165.78026192470793,23361.16015625,127.12000274658203,8895.7451171875,1.0957462787628174,1702.5999755859375,166.43842523573474,23581.55078125,30708900.0,45718796276,0.0,320.0,30372900.0,355360000.0
2020-05-05,125.4000015258789,9003.0703125,1.0904293060302734,1704.4000244140625,172.41912841796875,23883.08984375,133.8000030517578,9062.4150390625,1.092132329940796,1704.4000244140625,175.17577364387245,24169.720703125,125.0,8856.8271484375,1.0826963186264038,1697.199951171875,171.59881109012036,23868.91015625,132.8800048828125,8912.83203125,1.090453028678894,1701.5,172.2855890648166,23958.880859375,30621000.0,43148462663,0.0,82.0,36839200.0,369710000.0
2020-05-06,121.86000061035156,9268.76171875,1.0838581323623657,1684.199951171875,174.1169891357422,23664.640625,126.86000061035156,9411.4677734375,1.084481120109558,1704.0,175.70039469195763,24054.58984375,121.37000274658203,8966.7060546875,1.0784229040145874,1684.199951171875,173.24899063260753,23661.140625,125.80000305175781,9007.44140625,1.0840108394622803,1704.0,173.67822322069787,23978.880859375,29627700.0,49371886931,0.0,469.0,32139300.0,377450000.0
2020-05-07,128.64999389648438,9951.5185546875,1.0798553228378296,1721.800048828125,175.12811279296875,23875.890625,130.7100067138672,9992.6640625,1.08157217502594,1721.800048828125,176.0342738342213,24094.619140625,122.36000061035156,9138.322265625,1.0767507553100586,1685.5999755859375,174.15517479003572,23834.390625,122.80999755859375,9261.8955078125,1.0800535678863525,1686.199951171875,175.67180359584043,23837.2109375,29525000.0,61112700562,0.0,853.0,28316000.0,369890000.0
2020-05-08,133.44000244140625,9842.666015625,1.0837171077728271,1709.9000244140625,176.15821838378906,24331.3203125,135.5500030517578,9996.7431640625,1.0873347520828247,1728.9000244140625,176.46345946208552,24349.900390625,131.55999755859375,9767.1728515625,1.0816305875778198,1703.800048828125,174.8991353225554,24107.05078125,132.57000732421875,9936.162109375,1.0836936235427856,1726.199951171875,176.44437825601807,24107.8203125,22695700.0,51780748042,0.0,330.0,30877800.0,335760000.0
2020-05-09,,9593.896484375,,,,,,9913.86328125,,,,,,9580.64453125,,,,,,9840.90625,,,,,,46566121841,,,,
2020-05-10,,8756.4306640625,,,,,,9595.5810546875,,,,,,8395.107421875,,,,,,9591.1689453125,,,,,,63325279337,,,,
2020-05-11,128.91000366210938,8601.7958984375,1.0839520692825317,1695.300048828125,178.12319946289062,24221.990234375,131.0,9033.470703125,1.0853049755096436,1704.5,178.85765861803685,24366.2109375,127.94999694824219,8374.3232421875,1.0804269313812256,1690.199951171875,174.41269760570697,24070.220703125,130.9199981689453,8755.53515625,1.0840108394622803,1702.300048828125,174.6988429624145,24256.44921875,20055400.0,57119858802,0.0,749.0,30892700.0,352400000.0
2020-05-12,125.22000122070312,8804.4775390625,1.080940842628479,1704.4000244140625,174.08837890625,23764.779296875,133.1199951171875,8949.8984375,1.08804452419281,1713.0999755859375,178.40934853898727,24382.08984375,125.19999694824219,8569.6435546875,1.078539252281189,1699.300048828125,173.88807715237897,23761.580078125,129.72000122070312,8610.3857421875,1.080917477607727,1699.300048828125,178.18043224884894,24292.83984375,22579000.0,42142717533,0.0,324.0,32038200.0,359480000.0
2020-05-13,121.5,9269.9873046875,1.0846810340881348,1713.9000244140625,171.45574951171875,23247.970703125,125.06999969482422,9317.87890625,1.0893363952636719,1721.300048828125,175.55733641654106,23708.900390625,119.33000183105469,8805.3876953125,1.0831419229507446,1701.9000244140625,168.3938629633808,23067.640625,125.0,8805.3876953125,1.0846339464187622,1702.0,174.126551302396,23702.16015625,26002000.0,45558144023,0.0,431.0,44711500.0,469950000.0
2020-05-14,122.5199966430664,9733.7216796875,1.08236825466156,1738.0999755859375,172.19972229003906,23625.33984375,122.61000061035156,9793.2685546875,1.0824854373931885,1743.0999755859375,172.3523428315941,23630.859375,113.88999938964844,9255.03515625,1.0776559114456177,1720.5,167.57351218768702,22789.619140625,118.9800033569336,9271.3291015625,1.0821925401687622,1724.300048828125,169.34768595785033,23049.060546875,37499200.0,56426907637,0.0,672.0,41873900.0,472700000.0
2020-05-15,120.0,9328.197265625,1.0806955099105835,1753.4000244140625,174.70838928222656,23685.419921875,121.88999938964844,9755.828125,1.0849517583847046,1753.4000244140625,178.42842443314447,23730.080078125,117.77999877929688,9261.3984375,1.079086184501648,1739.699951171875,168.83262876539936,23354.150390625,118.33000183105469,9734.291015625,1.0806254148483276,1739.699951171875,170.7975711556123,23454.830078125,26756800.0,48158802327,0.0,719.0,46610400.0,491510000.0
2020-05-16,,9377.013671875,,,,,,9564.205078125,,,,,,9260.6943359375,,,,,,9333.240234375,,,,,,36164766408,,,,
2020-05-17,,9670.7392578125,,,,,,9823.001953125,,,,,,9349.5458984375,,,,,,9374.9296875,,,,,,40084250663,,,,
2020-05-18,135.44000244140625,9726.5751953125,1.0821340084075928,1731.800048828125,176.37765502929688,24597.369140625,136.1999969482422,9906.0302734375,1.0912741422653198,1770.5,177.60812383198754,24708.5390625,125.80000305175781,9570.359375,1.0800886154174805,1731.800048828125,175.47149402828296,24059.98046875,126.18000030517578,9675.6953125,1.081946611404419,1755.699951171875,177.17889120568609,24059.98046875,43781800.0,41827139896,0.0,229.0,35264500.0,484190000.0
2020-05-19,130.44000244140625,9729.0380859375,1.0915124416351318,1744.199951171875,175.15672302246094,24206.859375,137.0399932861328,9836.0478515625,1.0975141525268555,1749.5,177.98967878872068,24599.5,130.27999877929688,9539.6240234375,1.090274691581726,1744.199951171875,175.02318365708535,24202.9609375,137.0,9727.0634765625,1.0915838479995728,1744.199951171875,176.4921166762167,24577.48046875,32373000.0,39254288955,0.0,167.0,26799100.0,374100000.0
2020-05-20,133.32000732421875,9522.9814453125,1.0927767753601074,1750.5999755859375,177.58621215820312,24575.900390625,135.4499969482422,9804.7939453125,1.0999042987823486,1752.0999755859375,177.76795196863398,24649.48046875,131.30999755859375,9447.201171875,1.0929200649261475,1745.5999755859375,175.9410085835654,24455.939453125,133.27000427246094,9725.3291015625,1.0930156707763672,1751.5999755859375,176.77317024687463,24455.939453125,21835500.0,36546239703,0.0,16.0,31261300.0,366510000.0
2020-05-21,139.0,9081.76171875,1.0982975959777832,1720.5,175.45321655273438,24474.119140625,144.24000549316406,9555.2421875,1.1008729934692383,1746.800048828125,178.5523247036514,24718.4609375,136.14999389648438,8869.9306640625,1.093948245048523,1720.5,175.3193052829855,24370.880859375,137.0,9522.740234375,1.0979359149932861,1746.800048828125,177.33754880256504,24564.26953125,48263900.0,39326160532,0.0,528.0,29119500.0,346770000.0
2020-05-22,137.52999877929688,9182.5771484375,1.0952903032302856,1734.5999755859375,175.5297393798828,24465.16015625,141.0800018310547,9232.9365234375,1.0955302715301514,1734.5999755859375,176.4384386338719,24481.640625,135.77999877929688,9008.638671875,1.0886130332946777,1726.5999755859375,174.6019203696662,24294.0703125,141.00999450683594,9080.3349609375,1.0952422618865967,1726.5999755859375,175.22366273267104,24461.98046875,21098800.0,29810773699,0.0,6.0,20826900.0,255660000.0
2020-05-23,,9209.287109375,,,,,,9302.501953125,,,,,,9118.1083984375,,,,,,9185.0625,,,,,,27727866812,,,,
2020-05-24,,8790.3681640625,,,,,,9288.404296875,,,,,,8787.2509765625,,,,,,9212.283203125,,,,,,32518803300,,,,
2020-05-25,,8906.9345703125,1.0907801389694214,,,,,8951.005859375,1.0914647579193115,,,,,8719.66796875,1.0872046947479248,,,,,8786.107421875,1.0909050703048706,,,,,31288157264,0.0,,,
2020-05-26,144.72999572753906,8835.052734375,1.0902997255325317,1704.800048828125,173.6741180419922,24995.109375,145.91000366210938,8991.9677734375,1.0991548299789429,1726.4000244140625,178.3897213651275,25176.419921875,142.61000061035156,8757.2939453125,1.0898351669311523,1704.800048828125,173.22455564626833,24781.83984375,145.2100067138672,8909.5859375,1.0901083946228027,1726.4000244140625,178.23667574206536,24781.83984375,30338300.0,29584186947,0.0,39.0,36073600.0,424380000.0
2020-05-27,149.52000427246094,9181.017578125,1.0981770753860474,1710.300048828125,173.9036865234375,25548.26953125,149.64999389648438,9203.3203125,1.1029858589172363,1710.300048828125,174.07586651268787,25551.560546875,141.24000549316406,8834.1572265625,1.0936611890792847,1685.5999755859375,168.9202602379732,25009.869140625,149.13999938964844,8837.380859375,1.098056435585022,1685.5999755859375,172.36369947539364,25298.630859375,32799900.0,32740536902,0.0,137416.0,39517100.0,411230000.0
2020-05-28,149.82000732421875,9525.7509765625,1.1016855239868164,1713.300048828125,173.5115203857422,25400.640625,156.6999969482422,9546.3193359375,1.1071866750717163,1727.800048828125,176.14193216697456,25758.7890625,149.0500030517578,9148.45703125,1.0993118286132812,1705.0,172.53588725181854,25358.73046875,156.10000610351562,9184.9453125,1.1015278100967407,1709.300048828125,172.88023265062566,25697.359375,34734300.0,34367073114,0.0,23355.0,33810200.0,377800000.0
2020-05-29,145.85000610351562,9439.1240234375,1.1079105138778687,1736.9000244140625,175.2810516357422,25383.109375,152.0,9573.6669921875,1.114466905593872,1738.300048828125,176.25669922946608,25482.80078125,142.94000244140625,9379.3388671875,1.1070396900177002,1715.0999755859375,172.56455753071015,25031.669921875,145.3000030517578,9528.35546875,1.1078122854232788,1718.800048828125,174.78366066312537,25324.150390625,33853900.0,32896642044,0.0,1526.0,42130400.0,527620000.0
2020-05-30,,9700.4140625,,,,,,9704.0302734375,,,,,,9366.7294921875,,,,,,9438.9140625,,,,,,32722975141,,,,
2020-05-31,,9461.05859375,,,,,,9700.34375,,,,,,9432.296875,,,,,,9700.10546875,,,,,,27773290299,,,,
2020-06-01,151.38999938964844,10167.2685546875,1.1118524074554443,1737.800048828125,174.87930297851562,25475.01953125,153.5500030517578,10199.5654296875,1.115200161933899,1747.0,175.04190846445908,25508.830078125,144.5500030517578,9450.8994140625,1.1101489067077637,1727.0999755859375,173.56888461840913,25220.66015625,145.4499969482422,9463.60546875,1.1114568710327148,1740.4000244140625,174.6019059884931,25342.990234375,27127300.0,35198901068,0.0,871.0,22622400.0,338310000.0
2020-06-02,153.30999755859375,9529.8037109375,1.1125946044921875,1725.199951171875,176.86888122558594,25742.650390625,155.85000610351562,10182.3408203125,1.1195701360702515,1745.5,176.954963921394,25743.130859375,151.80999755859375,9460.5712890625,1.1115680932998657,1721.800048828125,173.4636961469848,25523.740234375,154.0,10162.9736328125,1.1125574111938477,1743.0,176.2375789325235,25582.51953125,24780500.0,39137252109,0.0,741.0,30794600.0,352610000.0
2020-06-03,173.16000366210938,9656.7177734375,1.118943691253662,1697.800048828125,177.2992706298828,26269.890625,173.77999877929688,9682.859375,1.1249985694885254,1726.300048828125,177.854049985037,26337.75,155.49000549316406,9471.8466796875,1.118105411529541,1684.5,175.59667846192727,25906.880859375,157.10000610351562,9533.7607421875,1.1185681819915771,1726.300048828125,176.78275997245333,25906.880859375,66486400.0,25007459262,0.0,2755.0,27311000.0,398790000.0
2020-06-04,184.3000030517578,9800.63671875,1.1235954761505127,1718.9000244140625,174.96539306640625,26281.8203125,188.60000610351562,9887.6103515625,1.1360538005828857,1718.9000244140625,177.75840986334956,26384.099609375,177.39999389648438,9525.2470703125,1.1195951700210571,1694.5,174.3723595519527,26082.310546875,181.27999877929688,9655.8544921875,1.123721718788147,1694.5,176.28538595494675,26226.490234375,67155600.0,25921805072,0.0,807.0,28761800.0,372190000.0
2020-06-05,205.42999267578125,9665.533203125,1.1337867975234985,1676.199951171875,179.05921936035156,27110.98046875,218.7899932861328,9869.2373046875,1.1383945941925049,1711.800048828125,179.56617005068236,27338.30078125,197.36000061035156,9663.216796875,1.1285662651062012,1668.5999755859375,174.09491486897133,26836.80078125,205.0,9800.2158203125,1.1337226629257202,1711.800048828125,174.6783883458918,26836.80078125,99846000.0,23509628646,0.0,1502.0,39893600.0,542310000.0
2020-06-06,,9653.6796875,,,,,,9773.431640625,,,,,,9591.0244140625,,,,,,9664.904296875,,,,,,20438419222,,,,
2020-06-07,,9758.8525390625,,,,,,9768.498046875,,,,,,9458.150390625,,,,,,9653.0029296875,,,,,,25015250846,,,,
2020-06-08,230.5,9771.4892578125,1.1319515705108643,1698.300048828125,180.1688232421875,27572.439453125,234.1999969482422,9782.306640625,1.131874680519104,1699.4000244140625,180.35056308169897,27580.2109375,218.92999267578125,9675.8857421875,1.126950979232788,1675.9000244140625,176.4192933264842,27232.48046875,222.94000244140625,9760.0634765625,1.1316057443618774,1679.0999755859375,177.8540630970701,27232.9296875,80902800.0,21486346312,0.0,587.0,33211600.0,430200000.0
2020-06-09,216.74000549316406,9795.7001953125,1.1305567026138306,1714.699951171875,181.5461883544922,27272.30078125,227.0,9836.369140625,1.1363377571105957,1720.9000244140625,182.40704430192065,27447.369140625,213.0800018310547,9664.7197265625,1.1243661642074585,1692.0,179.116636919803,27151.060546875,222.13999938964844,9774.3603515625,1.1302883625030518,1694.5999755859375,179.8244618644037,27447.369140625,66688700.0,23717842783,0.0,690.0,29783900.0,381430000.0
2020-06-10,203.41000366210938,9870.0947265625,1.1332215070724487,1713.300048828125,188.28004455566406,26989.990234375,213.02999877929688,9908.896484375,1.1388872861862183,1740.800048828125,189.8869942338778,27355.220703125,197.39999389648438,9728.291015625,1.1334141492843628,1711.9000244140625,182.70357115121254,26938.05078125,211.1699981689453,9794.119140625,1.1334141492843628,1716.0999755859375,182.81836265373434,27251.890625,90384900.0,25706567601,0.0,718.0,43872300.0,448930000.0
2020-06-11,170.0,9321.78125,1.1365444660186768,1732.0,178.1697540283203,25128.169921875,192.17999267578125,9938.2978515625,1.1400169134140015,1744.0999755859375,187.24705679853201,26294.080078125,166.00999450683594,9263.0693359375,1.1326054334640503,1720.0,177.97845426852322,25082.720703125,179.35000610351562,9870.078125,1.1368675231933594,1737.199951171875,184.7314364964898,26282.509765625,103212800.0,30247143440,0.0,347.0,52854700.0,647780000.0
2020-06-12,189.50999450683594,9480.84375,1.1288082599639893,1729.300048828125,179.57577514648438,25605.5390625,191.3000030517578,9540.4658203125,1.1339796781539917,1743.0,183.38269320838114,25965.55078125,176.25999450683594,9285.8515625,1.1234692335128784,1724.9000244140625,177.12708934369635,25078.41015625,187.14999389648438,9320.6904296875,1.1289358139038086,1724.9000244140625,182.25400015772934,25659.419921875,89550100.0,22610564515,0.0,318.0,43373600.0,514440000.0
2020-06-13,,9475.27734375,,,,,,9493.2119140625,,,,,,9396.009765625,,,,,,9480.7353515625,,,,,,17564322315,,,,
2020-06-14,,9386.7880859375,,,,,,9482.2705078125,,,,,,9347.59375,,,,,,9477.5537109375,,,,,,18991732746,,,,
2020-06-15,190.94000244140625,9450.7021484375,1.1252011060714722,1720.300048828125,180.72360229492188,25763.16015625,193.22999572753906,9504.8603515625,1.12920343875885,1730.0,182.52185174111463,25891.580078125,175.88999938964844,8990.17578125,1.1228764057159424,1703.300048828125,176.00798473503326,24843.1796875,177.17999267578125,9386.03515625,1.1254163980484009,1730.0,176.55320425253194,25270.390625,78612900.0,26699704768,0.0,188.0,32770200.0,461230000.0
2020-06-16,197.77000427246094,9538.0244140625,1.1337740421295166,1729.5999755859375,185.15228271484375,26289.98046875,208.3000030517578,9579.4306640625,1.1349835395812988,1729.5999755859375,187.0748691543929,26611.029296875,192.60000610351562,9400.4453125,1.1231664419174194,1722.4000244140625,183.13403910914946,25811.69921875,207.14999389648438,9454.2666015625,1.13379967212677,1726.300048828125,184.50184609457222,26326.6796875,76496900.0,21565537209,0.0,22.0,42556700.0,489500000.0
2020-06-17,192.5399932861328,9480.2548828125,1.1265701055526733,1729.199951171875,185.79315185546875,26119.609375,196.42999267578125,9540.4228515625,1.1296881437301636,1729.199951171875,187.78270130526218,26400.0703125,191.25,9327.33984375,1.1210259199142456,1714.699951171875,185.26706661233482,26068.41015625,194.52000427246094,9533.7841796875,1.12649405002594,1714.699951171875,186.54879095361756,26330.51953125,53085400.0,20177709879,0.0,51.0,25687800.0,328830000.0
2020-06-18,192.2899932861328,9411.8408203125,1.1242902278900146,1724.800048828125,187.78265380859375,26080.099609375,198.02999877929688,9482.7822265625,1.1262530088424683,1734.0999755859375,187.94525927984577,26154.19921875,187.1999969482422,9328.3955078125,1.1204607486724854,1717.300048828125,185.56353646984135,25848.529296875,188.24000549316406,9481.5673828125,1.1241259574890137,1730.5,185.56353646984135,26016.44921875,60849900.0,17770083003,0.0,110.0,23061600.0,328390000.0
2020-06-19,187.02000427246094,9288.0185546875,1.1211000680923462,1745.9000244140625,186.66355895996094,25871.4609375,197.9600067138672,9440.8759765625,1.1252998113632202,1750.699951171875,190.623523317294,26451.439453125,184.57000732421875,9274.2958984375,1.1173933744430542,1723.5,185.91747977634992,25759.66015625,197.89999389648438,9410.2939453125,1.1207244396209717,1723.699951171875,189.9539669467757,26213.099609375,67262100.0,19632223107,0.0,1329.0,44441100.0,669390000.0
2020-06-20,,9332.3408203125,,,,,,9394.9716796875,,,,,,9247.3798828125,,,,,,9290.9599609375,,,,,,17130541557,,,,
2020-06-21,,9303.6298828125,,,,,,9401.107421875,,,,,,9300.4306640625,,,,,,9330.9267578125,,,,,,15324301169,,,,
2020-06-22,188.52000427246094,9648.7177734375,1.1177555322647095,1756.699951171875,191.8478546142578,26024.9609375,188.6999969482422,9655.0732421875,1.1267732381820679,1767.5999755859375,192.02957985760585,26059.810546875,181.89999389648438,9296.8720703125,1.1175556182861328,1750.5,186.74006316475052,25667.6796875,184.55999755859375,9300.9150390625,1.1179429292678833,1755.199951171875,187.27570820778914,25865.080078125,53901500.0,21104009514,0.0,1356.0,32818900.0,351780000.0
2020-06-23,187.8800048828125,9629.658203125,1.1279679536819458,1772.0999755859375,193.1295928955078,26156.099609375,190.1199951171875,9670.541015625,1.1348998546600342,1776.300048828125,195.08087349436173,26314.970703125,183.5500030517578,9547.2470703125,1.1234314441680908,1754.199951171875,192.6704560291143,26105.970703125,189.3000030517578,9644.076171875,1.1277135610580444,1755.4000244140625,193.30175827397997,26159.390625,50281300.0,17006433272,0.0,666.0,30917400.0,389980000.0
2020-06-24,176.69000244140625,9313.6103515625,1.1312345266342163,1765.800048828125,189.23655700683594,25445.939453125,185.1999969482422,9680.3671875,1.1326310634613037,1783.0999755859375,194.41129662148623,25992.9609375,176.07000732421875,9278.2333984375,1.1259866952896118,1764.5,188.01222134948281,25296.73046875,183.61000061035156,9632.1494140625,1.1313625574111938,1778.300048828125,192.83305577113904,25992.9609375,56534800.0,18961716076,0.0,961.0,36740600.0,450120000.0
2020-06-25,174.8800048828125,9264.8134765625,1.1250872611999512,1762.0999755859375,191.62782287597656,25745.599609375,177.5,9340.1611328125,1.1259993314743042,1764.800048828125,191.88608548875828,25769.609375,169.58999633789062,9095.32421875,1.119144082069397,1759.800048828125,186.96960894574713,25209.7890625,169.8699951171875,9314.126953125,1.1251378059387207,1761.699951171875,189.1982861262588,25365.220703125,57335700.0,18616048626,0.0,207.0,27803900.0,384560000.0
2020-06-26,170.00999450683594,9162.91796875,1.1222084760665894,1772.5,187.79226684570312,25015.55078125,173.85000610351562,9310.5166015625,1.1238985061645508,1772.5,191.19745201994246,25641.689453125,167.60000610351562,9101.73828125,1.1197832822799683,1764.699951171875,186.40532541398008,24971.029296875,173.4199981689453,9260.9951171875,1.1220825910568237,1766.0,191.0444063818286,25641.689453125,50644400.0,18341465837,0.0,640.0,54675800.0,640860000.0
2020-06-27,,9045.390625,,,,,,9207.810546875,,,,,,8998.216796875,,,,,,9167.82421875,,,,,,17273093144,,,,
2020-06-28,,9143.58203125,,,,,,9197.546875,,,,,,8975.525390625,,,,,,9048.4609375,,,,,,14560870760,,,,
2020-06-29,194.49000549316406,9190.8544921875,1.1225864887237549,1774.800048828125,189.81045532226562,25595.80078125,194.5,9237.5732421875,1.1289230585098267,1780.199951171875,189.89653799542725,25601.150390625,176.27000427246094,9041.8759765625,1.1220574378967285,1774.300048828125,185.13310700914596,25096.16015625,181.0,9140.029296875,1.1224100589752197,1779.800048828125,187.26612706157152,25152.44921875,78499900.0,16460547078,0.0,584.0,26701600.0,378070000.0
2020-06-30,183.3000030517578,9137.9931640625,1.1247202157974243,1793.0,194.6600341796875,25812.880859375,188.49000549316406,9217.8359375,1.126164197921753,1793.199951171875,195.5113305105075,25905.380859375,180.3800048828125,9084.837890625,1.1192318201065063,1774.4000244140625,189.1409624439745,25475.140625,188.02000427246094,9185.5810546875,1.124707579612732,1777.300048828125,189.27487373437643,25512.4296875,65493100.0,15735797744,0.0,986.0,34310300.0,410780000.0
2020-07-01,180.32000732421875,9228.3251953125,1.1235954761505127,1773.199951171875,195.79824829101562,25734.970703125,190.61000061035156,9309.7548828125,1.1274592876434326,1798.0,197.3765038214657,26019.310546875,180.0399932861328,9104.7353515625,1.1189186573028564,1765.800048828125,192.99567163260693,25713.609375,185.8800048828125,9145.9853515625,1.123368263244629,1793.5999755859375,194.3060900405778,25879.380859375,49036700.0,15971550355,0.0,331.0,32061200.0,373180000.0
2020-07-02,180.80999755859375,9123.41015625,1.1251378059387207,1784.0,197.2903594970703,25827.359375,187.7899932861328,9274.962890625,1.1303266286849976,1784.0,198.97383166145556,26204.41015625,180.42999267578125,9036.623046875,1.1227755546569824,1768.699951171875,196.085158411846,25778.119140625,185.5800018310547,9231.1396484375,1.1253403425216675,1773.4000244140625,196.73558022428242,25936.44921875,41792300.0,16338916796,0.0,215.0,29315800.0,349130000.0
2020-07-03,,9087.3037109375,1.1237848997116089,,,,,9202.3447265625,1.125112533569336,,,,,9058.794921875,1.122107744216919,,,,,9124.8427734375,1.123974323272705,,,,,13078970999,0.0,,,
2020-07-04,,9132.48828125,,,,,,9183.2958984375,,,,,,9053.6298828125,,,,,,9084.2333984375,,,,,,12290528515,,,,
2020-07-05,,9073.9423828125,,,,,,9162.18359375,,,,,,8977.015625,,,,,,9126.0908203125,,,,,,12903406143,,,,
2020-07-06,187.91000366210938,9375.474609375,1.1247202157974243,1788.5,201.537353515625,26287.029296875,189.36000061035156,9375.474609375,1.1346874237060547,1790.0999755859375,201.9486618325649,26297.529296875,181.60000610351562,9058.6640625,1.1248847246170044,1788.199951171875,199.04085316772213,25996.080078125,184.52000427246094,9072.849609375,1.1248847246170044,1788.199951171875,199.748678278493,25996.080078125,49471700.0,17889263252,0.0,172.0,31897600.0,340690000.0
2020-07-07,178.8800048828125,9252.27734375,1.1312856674194336,1804.199951171875,199.19386291503906,25890.1796875,185.07000732421875,9360.6171875,1.1336582899093628,1804.199951171875,205.33467556896318,26174.9296875,178.64999389648438,9201.8154296875,1.126037359237671,1783.300048828125,198.94517475103743,25866.580078125,185.07000732421875,9349.1611328125,1.131029725074768,1789.300048828125,201.29818891994498,26172.009765625,37105300.0,13839652595,0.0,751.0,33600700.0,346820000.0
2020-07-08,180.0800018310547,9428.3330078125,1.1275228261947632,1815.5,203.57469177246094,26067.279296875,181.5800018310547,9450.3359375,1.1345586776733398,1817.9000244140625,203.98598541378726,26109.490234375,175.50999450683594,9249.5,1.1265194416046143,1801.5,199.61472798711608,25816.25,179.0500030517578,9253.0205078125,1.1272813081741333,1801.5,200.93472078064175,25950.060546875,38116200.0,19702359883,0.0,209.0,33600000.0,337300000.0
2020-07-09,173.27999877929688,9277.9677734375,1.1339154243469238,1799.199951171875,204.99989318847656,25706.08984375,180.75,9431.37890625,1.137268304824829,1819.800048828125,206.97030782569425,26103.279296875,172.80999755859375,9234.9990234375,1.1287955045700073,1799.199951171875,202.27382503412377,25523.509765625,179.6699981689453,9427.994140625,1.1337867975234985,1816.0999755859375,206.9224792519767,26094.919921875,33514500.0,18000702524,0.0,396.0,33121700.0,387610000.0
2020-07-10,178.44000244140625,9278.8076171875,1.1287955045700073,1798.199951171875,204.37814331054688,26075.30078125,179.3300018310547,9287.4716796875,1.1324771642684937,1805.5,204.77031716710385,26101.3203125,169.75,9118.001953125,1.1257203817367554,1797.699951171875,201.9007779936779,25637.5,171.6999969482422,9273.357421875,1.1289230585098267,1805.5,204.33031473861024,25690.349609375,40955600.0,16860035605,0.0,236.0,26177600.0,338170000.0
2020-07-11,,9240.3466796875,,,,,,9293.5322265625,,,,,,9199.4853515625,,,,,,9277.51171875,,,,,,13249910444,,,,
2020-07-12,,9276.5,,,,,,9319.4189453125,,,,,,9197.4501953125,,,,,,9241.0546875,,,,,,14452361907,,,,
2020-07-13,175.64999389648438,9243.6142578125,1.1310042142868042,1811.0,198.06521606445312,26085.80078125,183.25,9306.4052734375,1.1370484828948975,1811.0,206.41557308795694,26639.08984375,174.36000061035156,9224.29296875,1.130454421043396,1805.0,197.5199964776641,26044.23046875,180.1999969482422,9277.205078125,1.1308763027191162,1805.0,205.15296852606744,26225.0703125,43364700.0,17519821266,0.0,164.0,38135600.0,425320000.0
2020-07-14,179.9600067138672,9243.2138671875,1.134549617767334,1810.5999755859375,199.28956604003906,26642.58984375,181.3000030517578,9283.841796875,1.140706181526184,1811.5,199.767822723989,26690.51953125,173.41000366210938,9171.6611328125,1.1326310634613037,1791.0,193.24439454919855,25994.98046875,177.0,9238.703125,1.1345844268798828,1791.0,197.16610519568243,26044.169921875,39256200.0,18085038362,0.0,339.0,37591800.0,401640000.0
2020-07-15,187.94000244140625,9192.8369140625,1.1410704851150513,1811.4000244140625,198.9929962158203,26870.099609375,189.52999877929688,9275.3251953125,1.1452995538711548,1813.5,202.13993276195455,27071.330078125,181.25,9171.93359375,1.1393544673919678,1806.0999755859375,196.1138967886028,26692.48046875,185.5399932861328,9241.8974609375,1.1410835981369019,1806.0999755859375,200.44690034098457,27009.810546875,48044800.0,15844731575,0.0,167.0,32179400.0,384900000.0
2020-07-16,178.6999969482422,9132.2275390625,1.1417193412780762,1798.699951171875,195.0522003173828,26734.7109375,184.58999633789062,9214.3125,1.1442996263504028,1810.9000244140625,196.75479291046662,26879.16015625,177.33999633789062,9088.947265625,1.1379542350769043,1794.300048828125,193.51221324215135,26590.009765625,184.32000732421875,9191.98046875,1.1417349576950073,1810.9000244140625,196.46783598680673,26746.5703125,35050000.0,15713967523,0.0,146.0,29940700.0,287330000.0
2020-07-17,175.66000366210938,9151.392578125,1.139211654663086,1808.300048828125,194.05740356445312,26671.94921875,181.10000610351562,9182.25390625,1.144164800643921,1810.0999755859375,196.12346099342344,26808.4296875,175.5500030517578,9089.2021484375,1.1378893852233887,1798.5,192.63219363572108,26619.880859375,178.41000366210938,9131.8125,1.1386499404907227,1798.5,195.57825605647798,26774.619140625,26170500.0,13944570749,0.0,24.0,31635300.0,296460000.0
2020-07-18,,9159.0400390625,,,,,,9230.9833984375,,,,,,9100.82421875,,,,,,9151.18359375,,,,,,12252601475,,,,
2020-07-19,,9185.8173828125,,,,,,9201.3984375,,,,,,9097.6328125,,,,,,9158.005859375,,,,,,12939002784,,,,
2020-07-20,174.4199981689453,9164.2314453125,1.1442956924438477,1815.9000244140625,202.398193359375,26680.869140625,176.57000732421875,9214.2705078125,1.1467890739440918,1817.300048828125,203.06774966180717,26765.01953125,171.6199951171875,9137.509765625,1.1405240297317505,1807.0,194.1817341062807,26504.19921875,175.1300048828125,9187.220703125,1.1439553499221802,1807.0,196.0852005759111,26660.2890625,25294300.0,13755604146,0.0,89.0,36884800.0,309390000.0
2020-07-21,178.6300048828125,9374.8876953125,1.1458691358566284,1842.4000244140625,199.672119140625,26840.400390625,182.64999389648438,9407.2626953125,1.1498006582260132,1842.4000244140625,204.63642470144228,27025.380859375,176.75,9149.3896484375,1.1426221132278442,1822.0,198.98342850818605,26766.220703125,178.42999267578125,9162.5146484375,1.1457641124725342,1822.0,204.3686021882974,26833.140625,40740500.0,18069581956,0.0,117.0,37990400.0,364930000.0
2020-07-22,179.7899932861328,9525.36328125,1.15340256690979,1864.0999755859375,202.54165649414062,27005.83984375,182.9499969482422,9530.5185546875,1.160092830657959,1867.0,203.06774163784718,27035.240234375,175.38999938964844,9319.6533203125,1.1508538722991943,1854.699951171875,199.32777177422597,26794.189453125,176.42999267578125,9375.080078125,1.1535090208053589,1858.0999755859375,200.1025450789428,26824.560546875,29790300.0,16532254884,0.0,213.0,49605700.0,404340000.0
2020-07-23,176.4499969482422,9581.072265625,1.1568717956542969,1889.0999755859375,193.7321319580078,26652.330078125,182.5,9610.2470703125,1.1624257564544678,1890.300048828125,201.74771537649968,26973.849609375,175.4199981689453,9483.00390625,1.15421462059021,1868.5,193.3590924807517,26560.0390625,178.0,9527.1416015625,1.156671166419983,1868.699951171875,198.17992605861647,26955.970703125,29587200.0,18146399002,0.0,133.0,67457000.0,419800000.0
2020-07-24,173.75999450683594,9536.892578125,1.1596084833145142,1897.300048828125,192.5460662841797,26469.890625,181.10000610351562,9623.3369140625,1.1640088558197021,1897.300048828125,194.038224201549,26625.69921875,173.60000610351562,9481.4541015625,1.1581714153289795,1884.300048828125,188.92087390740411,26402.859375,175.67999267578125,9585.5146484375,1.1595009565353394,1884.300048828125,191.70433018915912,26533.41015625,28548000.0,16552768325,0.0,474.0,39827000.0,494170000.0
2020-07-25,,9677.11328125,,,,,,9704.556640625,,,,,,9530.2119140625,,,,,,9539.4853515625,,,,,,16610070933,,,,
2020-07-26,,9905.1669921875,,,,,,10023.8076171875,,,,,,9652.84765625,,,,,,9680.234375,,,,,,20507998997,,,,
2020-07-27,170.2100067138672,10990.873046875,1.1652567386627197,1931.0,194.98521423339844,26584.76953125,174.13999938964844,11298.2216796875,1.1779533624649048,1938.0,195.09999114255334,26625.4609375,169.0,9903.9697265625,1.1652567386627197,1901.5,192.12523462001752,26426.919921875,173.19000244140625,9905.2177734375,1.1652567386627197,1901.699951171875,192.7087082336092,26447.669921875,30243800.0,35359749590,0.0,364.0,30160900.0,400930000.0
2020-07-28,170.83999633789062,10912.8232421875,1.1769275665283203,1944.699951171875,193.23483276367188,26379.279296875,173.74000549316406,11204.3271484375,1.1775789260864258,1944.699951171875,195.79828155864377,26556.83984375,168.22999572753906,10632.6318359375,1.1700997352600098,1928.5999755859375,192.96701019092066,26361.7109375,168.5,11017.4638671875,1.1766505241394043,1931.5,194.75568550077395,26529.44921875,25349100.0,28766551142,0.0,825.0,23251400.0,361090000.0
2020-07-29,166.00999450683594,11100.4677734375,1.171879529953003,1953.5,195.18609619140625,26539.5703125,173.00999450683594,11304.3974609375,1.1778993606567383,1953.5,195.75043551973067,26602.44921875,162.25,10856.1416015625,1.1714951992034912,1952.5999755859375,193.225241062325,26375.390625,172.89999389648438,10912.953125,1.17205810546875,1953.199951171875,193.69393782047123,26388.439453125,51709600.0,24617249715,0.0,209835.0,19632600.0,347580000.0
2020-07-30,161.9499969482422,11111.2138671875,1.1782865524291992,1942.300048828125,195.0330047607422,26313.650390625,164.5500030517578,11169.3564453125,1.1807351112365723,1965.0999755859375,195.56866432792268,26374.9296875,160.63999938964844,10895.455078125,1.17326819896698,1930.0,190.89131610433466,25992.279296875,162.8800048828125,11099.8330078125,1.1786893606185913,1963.4000244140625,192.25912275804677,26367.419921875,29140000.0,22857247901,0.0,28853.0,25079600.0,351540000.0
2020-07-31,158.0,11323.466796875,1.1872254610061646,1962.800048828125,196.0948028564453,26428.3203125,163.39999389648438,11415.8642578125,1.1907994747161865,1981.0999755859375,196.18090015305836,26440.01953125,156.25999450683594,10987.0537109375,1.180261254310608,1948.0,190.3557225741938,26013.58984375,161.5500030517578,11110.2109375,1.1873664855957031,1948.5999755859375,195.51132911060697,26409.330078125,30263100.0,23160469766,0.0,2914.0,51044000.0,488050000.0
2020-08-01,,11759.5927734375,,,,,,11794.775390625,,,,,,11239.6826171875,,,,,,11322.5703125,,,,,,26075670303,,,,
2020-08-02,,11053.6142578125,,,,,,12034.14453125,,,,,,11018.1298828125,,,,,,11758.7646484375,,,,,,27410067336,,,,
2020-08-03,162.27000427246094,11246.3486328125,1.1782310009002686,1966.0,207.1233367919922,26664.400390625,163.5800018310547,11453.0791015625,1.1787587404251099,1984.300048828125,208.17550702250776,26707.259765625,153.41000366210938,11012.4150390625,1.1701380014419556,1955.5,201.2886157366033,26534.380859375,156.50999450683594,11043.7685546875,1.1784114837646484,1984.300048828125,202.32165161877367,26542.3203125,38520500.0,20271713443,0.0,683.0,78983000.0,439380000.0
2020-08-04,165.07000732421875,11205.892578125,1.1763322353363037,2001.199951171875,204.01470947265625,26828.470703125,167.39999389648438,11385.3818359375,1.1804981231689453,2016.199951171875,205.43035962454596,26832.720703125,163.00999450683594,11094.1455078125,1.1724153757095337,1968.800048828125,201.16430400722945,26597.8203125,164.6300048828125,11246.203125,1.1760554313659668,1971.0,204.85644582294373,26664.609375,30853500.0,21250197042,0.0,2010.0,49280100.0,346350000.0
2020-08-05,174.27999877929688,11747.0224609375,1.181544303894043,2031.0999755859375,203.67991638183594,27201.51953125,174.97999572753906,11786.6171875,1.190532922744751,2050.199951171875,205.6503311731883,27221.669921875,166.39999389648438,11158.28515625,1.1799967288970947,2011.0,202.36949801181146,26924.779296875,167.60000610351562,11203.8232421875,1.1814883947372437,2024.0,205.5546740182705,26924.779296875,46189200.0,24411254471,0.0,1422.0,28806400.0,366000000.0
2020-08-06,172.1999969482422,11779.7734375,1.187281847000122,2051.5,206.94161987304688,27386.98046875,175.57000732421875,11902.3359375,1.1911852359771729,2063.0,206.9607396269282,27394.099609375,170.60000610351562,11598.7138671875,1.182075023651123,2040.0,202.35035396639807,27145.25,172.8000030517578,11749.87109375,1.1873664855957031,2045.5,203.10599291120556,27170.8203125,32921600.0,23400740340,0.0,294.0,32656800.0,322460000.0
2020-08-07,170.02000427246094,11601.47265625,1.1876484155654907,2010.0999755859375,203.23992919921875,27433.48046875,171.86000061035156,11898.0380859375,1.1883541345596313,2055.0,206.31990300040553,27456.240234375,168.6999969482422,11408.59375,1.1756545305252075,2009.5999755859375,201.75733075780226,27223.55078125,171.5,11778.89453125,1.1875073909759521,2040.0999755859375,205.50687550334305,27321.6796875,19318000.0,23132312867,0.0,808.0,27820400.0,321170000.0
2020-08-08,,11754.0458984375,,,,,,11800.064453125,,,,,,11558.431640625,,,,,,11604.5537109375,,,,,,17572057837,,,,
2020-08-09,,11675.7392578125,,,,,,11806.056640625,,,,,,11548.7841796875,,,,,,11737.3251953125,,,,,,17489608833,,,,
2020-08-10,179.41000366210938,11878.111328125,1.1782727241516113,2024.4000244140625,199.19386291503906,27791.439453125,179.7899932861328,12045.140625,1.1801999807357788,2043.800048828125,202.66601031003486,27803.859375,171.3300018310547,11662.2568359375,1.174300193786621,2017.5,197.37649377335492,27488.2109375,171.36000061035156,11662.2568359375,1.1782448291778564,2026.4000244140625,202.4651361272099,27488.2109375,35857700.0,26114112569,0.0,233.0,36716500.0,360340000.0
2020-08-11,180.1300048828125,11410.525390625,1.1737778186798096,1932.5999755859375,194.53565979003906,27686.91015625,189.97000122070312,11932.7109375,1.1804981231689453,2016.0,198.6199606560436,28154.880859375,179.52999877929688,11195.708984375,1.1723191738128662,1904.0,194.30609136716086,27624.509765625,184.50999450683594,11881.6474609375,1.1737639904022217,2012.4000244140625,198.1512785277796,27961.640625,61036600.0,27039782640,0.0,971.0,36446500.0,428220000.0
2020-08-12,175.44000244140625,11584.9345703125,1.1736538410186768,1934.9000244140625,200.09298706054688,27976.83984375,184.14999389648438,11748.396484375,1.181265115737915,1946.5999755859375,201.13558288533866,28043.890625,173.19000244140625,11249.60546875,1.1713030338287354,1871.5999755859375,195.8460663631491,27843.3203125,184.00999450683594,11404.5966796875,1.1739845275878906,1923.0,196.3625770393475,27860.240234375,40674400.0,25064548486,0.0,404.0,28013100.0,340210000.0
2020-08-13,174.72999572753906,11784.1376953125,1.179380178451538,1956.699951171875,199.62432861328125,27896.720703125,179.47000122070312,11796.396484375,1.186400055885315,1957.4000244140625,202.15909768935222,27986.099609375,172.42999267578125,11216.8720703125,1.179467797279358,1916.9000244140625,199.09824336389028,27789.779296875,173.6199951171875,11588.4052734375,1.1796486377716064,1921.5,200.33215373021045,27922.509765625,22958800.0,27522199497,0.0,71.0,22588900.0,360160000.0
2020-08-14,178.0800018310547,11768.87109375,1.1816558837890625,1937.0,199.81561279296875,27931.01953125,179.47000122070312,12150.994140625,1.183800458908081,1947.4000244140625,200.47560927303832,27977.810546875,172.35000610351562,11685.455078125,1.178467035293579,1937.0,198.48605995458004,27759.390625,173.08999633789062,11772.6591796875,1.1818934679031372,1938.699951171875,199.68170152130492,27828.9296875,32414100.0,24237958589,0.0,201.0,17958900.0,275540000.0
2020-08-15,,11865.6982421875,,,,,,11963.203125,,,,,,11768.697265625,,,,,,11768.697265625,,,,,,23354924400,,,,
2020-08-16,,11892.8037109375,,,,,,11934.9013671875,,,,,,11737.1884765625,,,,,,11866.685546875,,,,,,20583375490,,,,
2020-08-17,172.00999450683594,12254.40234375,1.1852554082870483,1985.0,201.13555908203125,27844.91015625,178.2899932861328,12359.056640625,1.1880717277526855,1985.0,202.00598944349028,27999.810546875,171.41000366210938,11806.6962890625,1.183039903640747,1949.5999755859375,199.8347007754737,27816.400390625,178.24000549316406,11895.658203125,1.185044765472412,1949.5999755859375,200.48513722636775,27970.05078125,23352100.0,28227687027,0.0,97.0,20184800.0,286860000.0
2020-08-18,170.22999572753906,11991.2333984375,1.1876484155654907,1999.4000244140625,202.29299926757812,27778.0703125,173.24000549316406,12335.70703125,1.1965157985687256,2002.800048828125,203.12516115245592,27891.119140625,169.00999450683594,11954.525390625,1.1875356435775757,1972.0999755859375,200.1121501522033,27668.7890625,172.00999450683594,12251.8955078125,1.187930703163147,2001.0999755859375,201.37474009494085,27853.48046875,21488500.0,26043227672,0.0,92.0,21336200.0,276170000.0
2020-08-19,169.27000427246094,11758.283203125,1.1947859525680542,1958.699951171875,201.065673828125,27692.880859375,174.10000610351562,12028.923828125,1.1954572200775146,1980.0,203.36686345626708,27920.419921875,169.08999633789062,11687.3330078125,1.1893434524536133,1938.699951171875,200.63420534488392,27647.669921875,170.44000244140625,11990.884765625,1.1947288513183594,1980.0,202.7819794050471,27811.259765625,25601500.0,24502851117,0.0,347.0,27627600.0,311460000.0
2020-08-20,169.5800018310547,11878.3720703125,1.1843500137329102,1933.800048828125,205.74476623535156,27739.73046875,170.83999633789062,11900.4111328125,1.1868449449539185,1948.300048828125,206.14747116755194,27781.4609375,165.86000061035156,11710.0634765625,1.1806515455245972,1922.300048828125,200.30822770487376,27526.25,168.5399932861328,11761.5,1.184174656867981,1941.199951171875,200.9122777879167,27622.6796875,23213400.0,20175242945,0.0,106.0,26981500.0,304550000.0
2020-08-21,167.5,11592.4892578125,1.1873664855957031,1934.5999755859375,204.24900817871094,27930.330078125,170.0800018310547,11899.259765625,1.1886366605758667,1945.0,207.3460103876092,27959.48046875,167.27000427246094,11564.9794921875,1.1754900217056274,1908.9000244140625,204.08600960250743,27686.779296875,168.35000610351562,11878.0263671875,1.1870845556259155,1941.0,205.05441807189857,27758.130859375,16945900.0,23762425999,0.0,184.0,36249300.0,372720000.0
2020-08-22,,11681.8251953125,,,,,,11689.4072265625,,,,,,11448.8056640625,,,,,,11585.4775390625,,,,,,20224191306,,,,
2020-08-23,,11664.84765625,,,,,,11713.4296875,,,,,,11559.9208984375,,,,,,11679.6962890625,,,,,,18482062658,,,,
2020-08-24,178.27000427246094,11774.595703125,1.1798018217086792,1927.699951171875,204.89138793945312,28308.4609375,178.27000427246094,11807.6318359375,1.1852554082870483,1940.0,206.64604005613015,28314.939453125,167.92999267578125,11623.25,1.1786198616027832,1922.199951171875,203.68325865522533,28041.75,168.77999877929688,11663.689453125,1.1799131631851196,1930.199951171875,205.94608702842203,28077.580078125,39317100.0,20681511755,0.0,85.0,25460100.0,383880000.0
2020-08-25,174.72999572753906,11366.134765625,1.1794538497924805,1911.800048828125,207.5569610595703,28248.439453125,180.6300048828125,11778.2998046875,1.184413194656372,1928.5,207.69119604687464,28400.740234375,172.44000244140625,11189.8505859375,1.178480863571167,1911.800048828125,204.32572374555616,28094.5703125,180.4600067138672,11773.5888671875,1.1795234680175781,1927.5,204.32572374555616,28347.419921875,31318500.0,26301509932,0.0,176.0,23043700.0,338420000.0
2020-08-26,171.89999389648438,11488.36328125,1.183501958847046,1940.699951171875,212.0442352294922,28331.919921875,174.42999267578125,11530.052734375,1.1839923858642578,1950.800048828125,212.94553346283124,28353.80078125,171.35000610351562,11296.9931640625,1.1776067018508911,1909.699951171875,208.41029333456672,28153.91015625,173.8000030517578,11366.89453125,1.1833338737487793,1909.699951171875,208.90888664821458,28257.880859375,16189800.0,22466660958,0.0,287.0,39600800.0,327070000.0
2020-08-27,174.1999969482422,11323.3974609375,1.1842728853225708,1921.5999755859375,217.2506561279297,28492.26953125,181.30999755859375,11570.7861328125,1.1898529529571533,1972.5,221.632480502061,28634.220703125,173.55999755859375,11185.94140625,1.1766228675842285,1921.5999755859375,210.3662822988915,28363.9296875,174.7100067138672,11485.6083984375,1.1840205192565918,1948.9000244140625,213.7125881385627,28384.0703125,29548100.0,23240415076,0.0,2303.0,57602200.0,404340000.0
2020-08-28,175.8000030517578,11542.5,1.1819632053375244,1964.5999755859375,219.48471069335938,28653.869140625,177.27999877929688,11545.615234375,1.1920371055603027,1971.300048828125,221.14347442445492,28733.349609375,172.57000732421875,11316.4228515625,1.1811953783035278,1922.5,217.25064590972104,28487.98046875,175.11000061035156,11325.2958984375,1.1820470094680786,1927.0999755859375,218.78475766564586,28601.2890625,20383900.0,19807127588,0.0,778.0,26292900.0,369740000.0
2020-08-29,,11506.865234375,,,,,,11585.640625,,,,,,11466.29296875,,,,,,11541.0546875,,,,,,17485597759,,,,
2020-08-30,,11711.505859375,,,,,,11715.2646484375,,,,,,11492.3818359375,,,,,,11508.7138671875,,,,,,19760127945,,,,
2020-08-31,171.82000732421875,11680.8203125,1.1918240785598755,1967.5999755859375,216.243896484375,28430.05078125,175.27000427246094,11768.876953125,1.1963582038879395,1971.300048828125,219.2833713197023,28643.66015625,171.6999969482422,11598.318359375,1.188509464263916,1953.300048828125,215.07412829784337,28363.55078125,174.64999389648438,11713.306640625,1.1916537284851074,1970.0,217.65337102666288,28643.66015625,16264300.0,22285928250,0.0,158.0,28774200.0,517320000.0
2020-09-01,172.10000610351562,11970.478515625,1.193901538848877,1968.199951171875,217.9122772216797,28645.66015625,175.49000549316406,12067.0810546875,1.2011290788650513,1986.300048828125,218.08485879041012,28659.259765625,169.25,11601.12890625,1.1937304735183716,1961.699951171875,215.1892016607424,28290.720703125,170.7100067138672,11679.31640625,1.1939157247543335,1961.699951171875,216.2247349646736,28439.609375,18977300.0,27311555343,0.0,186.0,25725500.0,423410000.0
2020-09-02,174.77999877929688,11414.0341796875,1.1923214197158813,1934.4000244140625,222.11187744140625,29100.5,175.0,11964.8232421875,1.1924351453781128,1967.300048828125,223.27206250514445,29162.880859375,171.4499969482422,11290.7939453125,1.182410478591919,1934.4000244140625,217.9889403085082,28713.529296875,172.74000549316406,11964.8232421875,1.1923072338104248,1967.300048828125,218.58340731956525,28736.7890625,16552100.0,28037405299,0.0,71.0,34080800.0,539510000.0
2020-09-03,168.77000427246094,10245.296875,1.184735894203186,1927.5999755859375,208.35276794433594,28292.73046875,180.85000610351562,11443.0224609375,1.184805989265442,1938.800048828125,219.86825604076049,29199.349609375,168.1199951171875,10182.46484375,1.1789672374725342,1923.0,206.10911995937482,28074.759765625,175.0,11407.19140625,1.1845955848693848,1937.0999755859375,219.82990946115655,29090.69921875,27799400.0,31927261555,0.0,179.0,58400300.0,650080000.0
2020-09-04,171.0500030517578,10511.8134765625,1.1839784383773804,1923.9000244140625,205.4282989501953,28133.310546875,172.8300018310547,10663.919921875,1.186352252960205,1939.699951171875,209.36907110454203,28539.75,164.0,10207.9404296875,1.178175449371338,1917.699951171875,196.74134498541193,27664.6796875,171.30999755859375,10230.365234375,1.184370994567871,1927.9000244140625,206.24330622180557,28341.05078125,18867300.0,29965130374,0.0,607.0,59664100.0,694640000.0
2020-09-05,,10169.5673828125,,,,,,10581.5712890625,,,,,,9946.67578125,,,,,,10512.5302734375,,,,,,44916565292,,,,
2020-09-06,,10280.3515625,,,,,,10353.927734375,,,,,,10056.8857421875,,,,,,10167.216796875,,,,,,37071460174,,,,
2020-09-07,,10369.5634765625,1.183445930480957,,,,,10399.1533203125,1.1848621368408203,,,,,9916.4931640625,1.1813768148422241,,,,,10280.998046875,1.183656096458435,,,,,33703098409,0.0,,,
2020-09-08,161.0800018310547,10131.5166015625,1.1821727752685547,1933.0,194.3155975341797,27500.890625,166.89999389648438,10414.775390625,1.1828720569610596,1937.9000244140625,201.38213744902149,27925.23046875,160.5,9945.1103515625,1.1767197847366333,1903.0999755859375,193.87453132545767,27464.900390625,165.8000030517578,10369.306640625,1.181921362876892,1930.9000244140625,197.9974842875736,27925.23046875,22622700.0,33430927462,0.0,271.0,52924300.0,580860000.0
2020-09-09,160.77999877929688,10242.34765625,1.177024483680725,1944.699951171875,202.5902099609375,27940.470703125,163.05999755859375,10350.54296875,1.183053970336914,1946.199951171875,205.9940430172604,28206.2109375,157.0,10017.2509765625,1.175364375114441,1924.5999755859375,198.18920493769474,27704.5390625,161.61000061035156,10134.1513671875,1.1769136190414429,1926.9000244140625,199.0521565659183,27711.7109375,21951400.0,24128292755,0.0,219.0,45679000.0,460590000.0
2020-09-10,157.69000244140625,10363.138671875,1.1806375980377197,1954.199951171875,196.91400146484375,27534.580078125,163.77999877929688,10503.912109375,1.1914690732955933,1962.699951171875,205.8982069513746,28174.779296875,157.57000732421875,10238.1357421875,1.1802891492843628,1944.0999755859375,195.7058865207731,27447.080078125,160.9600067138672,10242.330078125,1.1806375980377197,1944.0999755859375,204.61336957597842,28022.509765625,14532600.0,54406443211,0.0,722.0,35461500.0,442850000.0
2020-09-11,160.22999572753906,10400.9150390625,1.1824384927749634,1937.800048828125,195.62913513183594,27665.640625,161.36000061035156,10434.9228515625,1.1876484155654907,1949.5,200.03973759723792,27828.8203125,156.32000732421875,10140.8369140625,1.1825922727584839,1937.800048828125,192.95401884082327,27448.150390625,158.0,10369.0283203125,1.1826202869415283,1944.0,198.66860973787706,27613.859375,14722400.0,45201121775,0.0,73.0,33620100.0,435330000.0
2020-09-12,,10442.1708984375,,,,,,10578.837890625,,,,,,10292.38671875,,,,,,10409.861328125,,,,,,36750077324,,,,
2020-09-13,,10323.755859375,,,,,,10577.21484375,,,,,,10224.330078125,,,,,,10452.3994140625,,,,,,36506852789,,,,
2020-09-14,165.35000610351562,10680.837890625,1.1842728853225708,1953.0999755859375,196.95233154296875,27993.330078125,165.94000244140625,10800.0107421875,1.188800573348999,1953.0999755859375,200.5862734198402,28086.060546875,158.89999389648438,10266.0087890625,1.1833059787750244,1943.0,195.629147791618,27718.740234375,161.75,10328.734375,1.184356927871704,1946.300048828125,195.8305075657206,27718.740234375,17228400.0,35453581940,0.0,55.0,30375800.0,380750000.0
2020-09-15,163.49000549316406,10796.951171875,1.187000036239624,1956.300048828125,200.18356323242188,27995.599609375,168.83999633789062,10938.6318359375,1.1900993585586548,1968.5,201.14238861992482,28231.060546875,163.3300018310547,10656.4599609375,1.1841466426849365,1955.800048828125,198.40973041333572,27931.44921875,166.64999389648438,10677.7548828125,1.186690092086792,1955.800048828125,199.83838550770025,28139.759765625,14881700.0,32509451925,0.0,74.0,21823900.0,414520000.0
2020-09-16,167.4600067138672,10974.9052734375,1.1844412088394165,1960.199951171875,196.60711669921875,28032.380859375,170.57000732421875,11100.1240234375,1.1883004903793335,1961.4000244140625,201.97652921878745,28364.76953125,160.30999755859375,10704.884765625,1.1814604997634888,1956.699951171875,196.2139948428728,28021.669921875,161.9499969482422,10797.76171875,1.1842728853225708,1961.300048828125,201.94776563227552,28031.689453125,21851400.0,30769986455,0.0,124.0,26328100.0,416650000.0
2020-09-17,167.52999877929688,10948.990234375,1.1803449392318726,1940.0,194.55523681640625,27901.98046875,168.4600067138672,11037.4208984375,1.1830118894577026,1946.0,195.9167669285345,28056.7890625,161.0500030517578,10774.6279296875,1.1741636991500854,1933.699951171875,191.72670522843845,27647.9296875,164.6300048828125,10973.251953125,1.1804285049438477,1939.0,191.81299599042612,27834.1796875,19717800.0,38151810523,0.0,67.0,34011300.0,437230000.0
2020-09-18,161.13999938964844,10944.5859375,1.1848200559616089,1952.0999755859375,192.1389923095703,27657.419921875,169.72000122070312,11034.908203125,1.1871000528335571,1952.0999755859375,195.26475737462349,27946.689453125,161.02000427246094,10829.6572265625,1.1831238269805908,1949.0,188.16945633815408,27487.970703125,165.66000366210938,10951.8203125,1.1852554082870483,1950.5,194.44976468598855,27864.869140625,22057100.0,26341903912,0.0,38.0,55225300.0,698710000.0
2020-09-19,,11094.3466796875,,,,,,11134.0927734375,,,,,,10909.6181640625,,,,,,10933.7529296875,,,,,,22764204008,,,,
2020-09-20,,10938.271484375,,,,,,11095.8701171875,,,,,,10814.4775390625,,,,,,11095.8701171875,,,,,,24699523788,,,,
2020-09-21,156.35000610351562,10462.259765625,1.1845533847808838,1901.199951171875,194.20050048828125,27147.69921875,158.8300018310547,10988.3046875,1.187300205230713,1946.199951171875,194.363513689872,27484.7109375,154.1999969482422,10380.2607421875,1.17326819896698,1883.4000244140625,188.29414682687468,26715.150390625,157.8300018310547,10934.92578125,1.1845533847808838,1946.199951171875,189.07079310162283,27484.7109375,23125300.0,28884999244,0.0,52.0,39839700.0,523660000.0
2020-09-22,156.8000030517578,10538.4599609375,1.176800012588501,1898.5999755859375,198.87957763671875,27288.1796875,160.07000732421875,10568.0771484375,1.1773016452789307,1913.0999755859375,199.53158656551454,27333.08984375,154.9499969482422,10382.7265625,1.169344425201416,1898.5999755859375,193.75945312781633,26989.9296875,156.80999755859375,10459.6240234375,1.1761800050735474,1913.0999755859375,196.6167489376903,27170.33984375,17768900.0,23621787804,0.0,331.0,33517100.0,420720000.0
2020-09-23,151.17999267578125,10246.1865234375,1.1708368062973022,1859.9000244140625,192.33079528808594,26763.130859375,160.4199981689453,10537.828125,1.172000527381897,1875.5,199.53158384790459,27464.4609375,150.88999938964844,10197.865234375,1.1664936542510986,1859.9000244140625,191.79385537198814,26716.119140625,157.3300018310547,10535.4921875,1.1707545518875122,1875.5,199.3398070517136,27413.599609375,18247500.0,23788661867,0.0,5.0,30803800.0,459470000.0
2020-09-24,146.0500030517578,10760.06640625,1.1658544540405273,1868.300048828125,194.82373046875,26815.439453125,150.30999755859375,10771.056640625,1.168100118637085,1868.300048828125,197.10573954514186,27094.849609375,145.02000427246094,10231.490234375,1.1629664897918701,1851.5,190.9980119519485,26537.009765625,150.2899932861328,10248.7861328125,1.1661943197250366,1851.5,191.62125722458802,26716.08984375,27098100.0,47144380902,0.0,365.0,31202500.0,447810000.0
2020-09-25,156.02999877929688,10692.716796875,1.1673243045806885,1857.699951171875,199.2631378173828,27173.9609375,156.30999755859375,10777.6962890625,1.168510913848877,1857.699951171875,200.43289155762255,27239.2890625,146.4199981689453,10578.9140625,1.1613458395004272,1856.300048828125,194.2005253264332,26635.380859375,146.85000610351562,10761.109375,1.1673650741577148,1856.300048828125,195.1689485197336,26694.509765625,29123000.0,39348590957,0.0,4.0,29437300.0,388900000.0
2020-09-26,,10750.7236328125,,,,,,10772.9990234375,,,,,,10667.28125,,,,,,10695.5751953125,,,,,,46852525493,,,,
2020-09-27,,10775.26953125,,,,,,10803.9765625,,,,,,10622.921875,,,,,,10746.892578125,,,,,,53745972818,,,,
2020-09-28,166.0800018310547,10709.65234375,1.1635348796844482,1872.800048828125,200.81640625,27584.060546875,168.0,10945.34765625,1.167965054512024,1872.800048828125,203.81753461508967,27722.599609375,159.1999969482422,10703.8935546875,1.1616694927215576,1872.800048828125,199.49322243628995,27362.140625,160.3300018310547,10776.61328125,1.1635076999664307,1872.800048828125,202.19711725030342,27362.140625,38868200.0,47762394731,0.0,10455.0,32004900.0,401860000.0
2020-09-29,163.60000610351562,10844.640625,1.167883276939392,1894.300048828125,198.7261505126953,27452.66015625,165.5,10860.0009765625,1.1741636991500854,1895.4000244140625,201.4204622220947,27605.599609375,162.00999450683594,10649.4951171875,1.1666569709777832,1872.4000244140625,198.29468200146903,27338.08984375,164.77000427246094,10709.650390625,1.1677740812301636,1876.5,200.73010675192674,27560.240234375,19874700.0,46582396602,0.0,3283.0,24221900.0,303820000.0
2020-09-30,165.25999450683594,10784.4912109375,1.1742050647735596,1887.5,201.66976928710938,27781.69921875,170.97999572753906,10847.2568359375,1.1756407022476196,1899.699951171875,203.25182551081647,28026.330078125,164.11000061035156,10669.3212890625,1.1686065196990967,1879.800048828125,198.03581244692208,27511.060546875,164.5,10843.87109375,1.1742740869522095,1893.0,199.1768171334635,27514.640625,38436700.0,44171073700,0.0,600.0,33829100.0,452550000.0
2020-10-01,167.86000061035156,10619.4521484375,1.1726078987121582,1908.4000244140625,203.7120819091797,27816.900390625,172.75999450683594,10933.6240234375,1.1767003536224365,1909.5999755859375,205.17908382389217,28041.4609375,165.57000732421875,10472.3564453125,1.1718108654022217,1882.5,202.61902137212888,27669.259765625,170.14999389648438,10795.2548828125,1.1723741292953491,1884.0999755859375,204.6996710509661,27940.630859375,30677100.0,40023134100,0.0,730.0,27158400.0,373450000.0
2020-10-02,168.0800018310547,10575.974609375,1.1744946241378784,1900.199951171875,197.7002716064453,27682.810546875,169.77999877929688,10657.837890625,1.1747002601623535,1913.0,202.30263785024007,27861.4296875,161.8000030517578,10416.689453125,1.1697137355804443,1893.9000244140625,197.07702612886328,27382.939453125,161.86000061035156,10619.8212890625,1.1744118928909302,1893.9000244140625,199.43574376660825,27536.390625,31773800.0,48661453918,0.0,530.0,33154800.0,392770000.0
2020-10-03,,10549.3291015625,,,,,,10598.9404296875,,,,,,10511.1298828125,,,,,,10575.1005859375,,,,,,44660271563,,,,
2020-10-04,,10669.5830078125,,,,,,10686.0,,,,,,10534.3916015625,,,,,,10550.4404296875,,,,,,71251776995,,,,
2020-10-05,171.1999969482422,10793.33984375,1.1720443964004517,1912.5,201.7176971435547,28148.640625,172.0800018310547,10793.5078125,1.1796625852584839,1915.5999755859375,201.74646073579936,28162.640625,167.50999450683594,10634.6005859375,1.1719304323196411,1884.699951171875,198.45768192751362,27825.419921875,169.49000549316406,10676.529296875,1.172195553779602,1898.9000244140625,198.68780529598595,27825.419921875,19082100.0,47537578009,0.0,1360.0,21331600.0,318210000.0
2020-10-06,159.5399932861328,10604.40625,1.1792453527450562,1901.0999755859375,197.43174743652344,27772.759765625,175.55999755859375,10797.578125,1.1807351112365723,1918.0,201.52592148106075,28354.48046875,159.3300018310547,10528.890625,1.1767336130142212,1874.4000244140625,196.386631231085,27728.029296875,173.0399932861328,10796.306640625,1.178828239440918,1906.5999755859375,200.22193294397314,28214.240234375,47132500.0,42623695307,0.0,968.0,28554300.0,435030000.0
2020-10-07,164.61000061035156,10668.96875,1.1737639904022217,1883.5999755859375,201.19033813476562,28303.4609375,166.33999633789062,10680.5078125,1.178139328956604,1889.800048828125,201.4588080799235,28369.66015625,162.3800048828125,10562.5068359375,1.172540545463562,1873.0999755859375,198.20839051556985,27971.359375,163.7100067138672,10603.35546875,1.173736572265625,1874.0999755859375,198.5343876446166,27971.359375,26019100.0,37799458436,0.0,50.0,25681100.0,328750000.0
2020-10-08,168.0,10915.685546875,1.176747441291809,1888.5999755859375,201.90945434570312,28425.509765625,168.08999633789062,10945.7373046875,1.1781338453292847,1893.0,202.4943384245125,28459.130859375,163.5399932861328,10562.6064453125,1.173529863357544,1882.699951171875,199.7425142102119,28265.560546875,166.22000122070312,10669.37109375,1.1765536069869995,1893.0,201.84232954510335,28348.859375,20598600.0,63314794397,0.0,348.0,19925800.0,314750000.0
2020-10-09,167.3300018310547,11064.4580078125,1.1767003536224365,1919.5,206.924072265625,28586.900390625,170.0,11102.671875,1.1824523210525513,1929.0999755859375,206.97201645362597,28676.2890625,166.82000732421875,10846.8505859375,1.1758756637573242,1905.0999755859375,202.53265092005668,28440.630859375,169.92999267578125,10927.9130859375,1.1767059564590454,1909.300048828125,202.53265092005668,28533.609375,17406000.0,22799117613,0.0,580.0,26458000.0,324050000.0
2020-10-10,,11296.361328125,,,,,,11442.2109375,,,,,,11056.9404296875,,,,,,11059.142578125,,,,,,22877978588,,,,
2020-10-11,,11384.181640625,,,,,,11428.8134765625,,,,,,11288.6279296875,,,,,,11296.08203125,,,,,,19968627060,,,,
2020-10-12,167.35000610351562,11555.36328125,1.181683897972107,1922.5,212.28396606445312,28837.51953125,169.1999969482422,11698.4677734375,1.182732105255127,1926.5,214.64268330095436,28957.900390625,165.9499969482422,11240.6865234375,1.1788004636764526,1921.5999755859375,207.8829604018951,28659.669921875,167.75,11392.6357421875,1.1813349723815918,1924.0,209.78143085094663,28671.119140625,12176600.0,26163972642,0.0,96.0,40461400.0,493680000.0
2020-10-13,162.13999938964844,11425.8994140625,1.1816140413284302,1888.5,213.683837890625,28679.810546875,165.52999877929688,11548.984375,1.1814186573028564,1922.199951171875,215.93708352416328,28808.83984375,162.08999633789062,11321.224609375,1.1735711097717285,1887.0,211.35388446631572,28604.349609375,165.36000061035156,11548.7197265625,1.1814186573028564,1921.9000244140625,213.54960291440455,28764.94921875,15182600.0,24241420251,0.0,191.0,28950800.0,526110000.0
2020-10-14,163.24000549316406,11429.5068359375,1.1742188930511475,1901.300048828125,211.7661895751953,28514.0,165.1699981689453,11539.9775390625,1.177024483680725,1910.800048828125,214.9878436739825,28792.560546875,162.49000549316406,11307.8310546875,1.1721680164337158,1882.5,210.107425642433,28461.73046875,162.6999969482422,11429.0478515625,1.1743981838226318,1889.699951171875,213.81807545397245,28731.30078125,10505500.0,24103426719,0.0,33.0,23421700.0,370800000.0
2020-10-15,164.24000549316406,11495.349609375,1.1743981838226318,1903.199951171875,210.61558532714844,28494.19921875,164.5399932861328,11569.9140625,1.1760554313659668,1906.300048828125,211.286760163365,28535.849609375,158.72999572753906,11303.603515625,1.1690163612365723,1889.5999755859375,207.1158639310317,28181.5390625,161.00999450683594,11426.6025390625,1.1747568845748901,1897.300048828125,208.16099470869122,28323.400390625,13226800.0,24487233058,0.0,254.0,22733100.0,328940000.0
2020-10-16,167.35000610351562,11322.123046875,1.1707134246826172,1900.800048828125,210.61558532714844,28606.310546875,173.4199981689453,11540.0615234375,1.1746740341186523,1900.800048828125,213.13728611397025,28842.900390625,167.27000427246094,11223.0126953125,1.169494867324829,1898.5,210.28958821105957,28570.720703125,171.22000122070312,11502.828125,1.1705764532089233,1898.5,211.08540039724295,28570.720703125,31780600.0,25635480772,0.0,53.0,26057900.0,356140000.0
2020-10-17,,11358.1015625,,,,,,11386.26171875,,,,,,11285.345703125,,,,,,11322.123046875,,,,,,19130430174,,,,
2020-10-18,,11483.359375,,,,,,11483.359375,,,,,,11347.578125,,,,,,11355.982421875,,,,,,18283314340,,,,
2020-10-19,167.11000061035156,11742.037109375,1.1715501546859741,1906.4000244140625,205.3995819091797,28195.419921875,170.83999633789062,11799.0927734375,1.1795234680175781,1907.800048828125,213.14689303076904,28711.9296875,166.11000061035156,11408.2900390625,1.1704941987991333,1899.5,204.92016920089208,28139.400390625,169.08999633789062,11495.0380859375,1.1715638637542725,1907.300048828125,211.34429656584294,28633.55078125,16519600.0,23860769928,0.0,43.0,27625800.0,358700000.0
2020-10-20,167.24000549316406,11916.3349609375,1.176885962486267,1910.4000244140625,205.81187438964844,28308.7890625,169.2899932861328,11999.91796875,1.1839923858642578,1910.4000244140625,208.4198807511348,28575.029296875,166.17999267578125,11681.48046875,1.1762629747390747,1896.0999755859375,204.3161090474314,28243.0390625,168.2899932861328,11745.974609375,1.1768028736114502,1901.300048828125,206.9145324215244,28245.849609375,12319900.0,30915821592,0.0,329.0,22753500.0,350220000.0
2020-10-21,163.86000061035156,12823.689453125,1.1829839944839478,1924.5999755859375,205.95570373535156,28210.8203125,167.6300048828125,13184.56640625,1.1882128715515137,1927.300048828125,207.98840894984195,28450.640625,163.82000732421875,11900.9287109375,1.1829279661178589,1913.5999755859375,204.3448694172439,28196.390625,166.44000244140625,11913.0771484375,1.1829279661178589,1913.5999755859375,204.3448694172439,28270.66015625,11450600.0,43414712626,0.0,1202.0,22724900.0,299420000.0
2020-10-22,169.07000732421875,12965.8916015625,1.1853959560394287,1901.0999755859375,206.0419921875,28363.66015625,169.6300048828125,13161.59375,1.1869436502456665,1924.300048828125,207.16381616381312,28421.310546875,164.10000610351562,12717.09375,1.1813349723815918,1898.199951171875,202.98333678251518,28040.1796875,164.6999969482422,12801.6357421875,1.1851290464401245,1924.300048828125,205.12151335460695,28197.419921875,14238200.0,34729759598,0.0,899.0,22351500.0,330320000.0
2020-10-23,167.36000061035156,12931.5390625,1.1815024614334106,1902.0,207.3268280029297,28335.5703125,170.25999450683594,13015.9619140625,1.1859582662582397,1913.300048828125,207.37477220269963,28436.51953125,166.0500030517578,12752.6474609375,1.1788004636764526,1896.199951171875,204.38324140765587,28149.8203125,169.99000549316406,12971.548828125,1.181404709815979,1899.9000244140625,206.17624036102944,28409.650390625,10024200.0,28974975003,0.0,287.0,18879600.0,347300000.0
2020-10-24,,13108.0625,,,,,,13145.06640625,,,,,,12885.7470703125,,,,,,12931.57421875,,,,,,24542317940,,,,
2020-10-25,,13031.173828125,,,,,,13329.18359375,,,,,,12910.0615234375,,,,,,13108.0634765625,,,,,,24406920575,,,,
2020-10-26,160.8300018310547,13075.248046875,1.1848480701446533,1902.699951171875,201.4300537109375,27685.380859375,165.5,13225.2978515625,1.1851009130477905,1907.0,207.4322958032438,28185.8203125,159.0500030517578,12822.3828125,1.1804006099700928,1893.5,199.53158340310517,27370.16015625,164.9499969482422,13031.201171875,1.1848341226577759,1895.5,205.04482977945148,28185.8203125,16151100.0,29461458313,0.0,242.0,37111600.0,404150000.0
2020-10-27,155.24000549316406,13654.21875,1.1809443235397339,1908.800048828125,204.46951293945312,27463.189453125,160.25,13759.6689453125,1.183800458908081,1908.800048828125,205.83104322774932,27707.689453125,155.0,13060.837890625,1.179940938949585,1904.4000244140625,201.6697445765535,27457.9609375,159.16000366210938,13075.2421875,1.1809443235397339,1904.5999755859375,202.87785929223526,27651.1796875,15491900.0,33749878156,0.0,176.0,36700300.0,366400000.0
2020-10-28,148.13999938964844,13271.28515625,1.1784114837646484,1876.199951171875,194.334716796875,26519.94921875,153.9499969482422,13837.6953125,1.178828239440918,1876.199951171875,200.24108452138293,27102.140625,148.0,12932.2509765625,1.1719304323196411,1870.9000244140625,193.77861096334297,26497.390625,153.0,13654.21484375,1.17816162109375,1870.9000244140625,199.11926060668324,27102.140625,20279800.0,35867318895,0.0,277.0,51195600.0,496150000.0
2020-10-29,148.2899932861328,13437.8828125,1.1748672723770142,1865.5999755859375,196.290771484375,26659.109375,150.10000610351562,13612.0478515625,1.1759172677993774,1879.800048828125,198.82207039909954,26891.890625,146.60000610351562,12980.0595703125,1.165623426437378,1858.800048828125,194.99635111515073,26290.779296875,148.02999877929688,13271.298828125,1.1747430562973022,1876.0999755859375,195.66754071727715,26480.98046875,14554300.0,56499499598,0.0,240.0,31432600.0,419770000.0
2020-10-30,144.38999938964844,13546.5224609375,1.1678695678710938,1877.4000244140625,194.13339233398438,26501.599609375,149.1699981689453,13651.5166015625,1.1703435182571411,1886.5999755859375,195.87844706580935,26639.1796875,141.5800018310547,13136.1982421875,1.1643069982528687,1862.800048828125,191.40073391687426,26143.76953125,147.1999969482422,13437.8740234375,1.1676785945892334,1862.800048828125,195.12098138875402,26572.26953125,15374700.0,30581485201,0.0,725.0,36953700.0,504820000.0
2020-10-31,,13780.9951171875,,,,,,14028.2138671875,,,,,,13457.5302734375,,,,,,13546.5322265625,,,,,,30306464719,,,,
2020-11-01,,13737.109375,,,,,,13862.033203125,,,,,,13628.3779296875,,,,,,13780.9951171875,,,,,,24453857900,,,,
2020-11-02,148.60000610351562,13550.4892578125,1.1642121076583862,1890.4000244140625,193.99917602539062,26925.05078125,149.58999633789062,13808.3232421875,1.1656994819641113,1894.699951171875,196.82770848255075,27043.48046875,143.3800048828125,13243.16015625,1.162439227104187,1872.9000244140625,191.88016511439972,26691.279296875,145.75,13737.0322265625,1.164252758026123,1872.9000244140625,195.8784659174525,26691.279296875,13854600.0,30771455468,0.0,190.0,30842200.0,379990000.0
2020-11-03,153.64999389648438,13950.30078125,1.1642799377441406,1908.5,197.93032836914062,27480.029296875,154.82000732421875,13984.9814453125,1.1741995811462402,1908.5,199.55074570208873,27640.2109375,150.63999938964844,13325.44140625,1.163805603981018,1891.5,194.7566185066281,27138.689453125,151.8300018310547,13550.451171875,1.1642799377441406,1891.5,195.49491819127326,27138.689453125,12249800.0,29869951617,0.0,712.0,27512000.0,350980000.0
2020-11-04,151.6300048828125,14133.70703125,1.176221489906311,1894.5999755859375,207.48020935058594,27847.66015625,155.39999389648438,14218.7666015625,1.176885962486267,1907.0,209.33074981660755,28301.5,151.1699981689453,13580.4716796875,1.1607661247253418,1885.300048828125,203.6736716791737,27512.830078125,153.1699981689453,13950.48828125,1.1764568090438843,1893.800048828125,205.20779803554873,27512.830078125,11344700.0,35116364962,0.0,782.0,42311800.0,447860000.0
2020-11-05,157.08999633789062,15579.8486328125,1.17326819896698,1945.300048828125,214.09613037109375,28390.1796875,157.6300048828125,15706.404296875,1.1856770515441895,1948.0,214.8919572579799,28495.05078125,152.10000610351562,14102.0888671875,1.1712756156921387,1901.699951171875,212.04424447339872,28083.369140625,152.47999572753906,14133.7333984375,1.1729930639266968,1901.699951171875,212.89759854696078,28083.369140625,12328300.0,40856321439,0.0,135.0,36080100.0,390140000.0
2020-11-06,157.74000549316406,15565.880859375,1.1817537546157837,1950.300048828125,214.50839233398438,28323.400390625,158.47000122070312,15903.4375,1.1890605688095093,1958.800048828125,215.12203992659627,28431.9609375,154.52000427246094,15226.83984375,1.1796208620071411,1940.800048828125,209.05267416206104,28189.5,156.3300018310547,15579.7294921875,1.1814186573028564,1940.800048828125,213.1085009908786,28399.130859375,8995600.0,39837841971,0.0,304.0,25231900.0,326710000.0
2020-11-07,,14833.75390625,,,,,,15737.095703125,,,,,,14423.203125,,,,,,15565.880859375,,,,,,35024953706,,,,
2020-11-08,,15479.5673828125,,,,,,15637.3203125,,,,,,14744.1103515625,,,,,,14833.75390625,,,,,,26632075029,,,,
2020-11-09,179.36000061035156,15332.3154296875,1.1893010139465332,1853.199951171875,209.3978729248047,29157.970703125,184.4600067138672,15785.13671875,1.1919234991073608,1963.199951171875,218.72723972094147,29933.830078125,172.16000366210938,14865.529296875,1.179746150970459,1847.0999755859375,208.9088772508579,29130.66015625,179.0,15479.595703125,1.1893151998519897,1955.5999755859375,215.19876936588372,29467.900390625,49014400.0,34149115566,0.0,745.0,44395000.0,673310000.0
2020-11-10,188.69000244140625,15290.90234375,1.182732105255127,1875.4000244140625,202.32171630859375,29420.919921875,193.9499969482422,15450.3291015625,1.184356927871704,1885.300048828125,207.5856723430771,29478.859375,180.3800048828125,15124.9599609375,1.178078293800354,1871.199951171875,201.08483813944855,29126.990234375,182.8000030517578,15332.3505859375,1.1823265552520752,1879.300048828125,205.66802179025424,29254.169921875,46404300.0,25574938143,0.0,276.0,44045100.0,526980000.0
2020-11-11,182.14999389648438,15701.33984375,1.1818794012069702,1860.699951171875,207.63365173339844,29397.630859375,190.0,15916.2607421875,1.1832919120788574,1878.800048828125,209.06229227392265,29593.109375,180.41000366210938,15290.0068359375,1.1747292280197144,1855.5,203.4627552217062,29281.220703125,189.88999938964844,15290.9091796875,1.1819632053375244,1878.800048828125,203.64493439599147,29524.349609375,29907800.0,29772374934,0.0,222.0,29440800.0,376700000.0
2020-11-12,176.72000122070312,16276.34375,1.1780297756195068,1872.5999755859375,206.56935119628906,29080.169921875,184.58999633789062,16305.00390625,1.182300090789795,1878.5,210.08823873834052,29311.830078125,176.25,15534.771484375,1.1759587526321411,1866.5999755859375,205.6297063795474,28902.130859375,178.9499969482422,15701.298828125,1.1778701543807983,1869.0,208.26647628927805,29231.91015625,20288400.0,34175758344,0.0,220.0,21593900.0,369320000.0
2020-11-13,187.11000061035156,16317.80859375,1.1803393363952637,1885.699951171875,207.59527587890625,29479.810546875,187.27000427246094,16463.177734375,1.1833899021148682,1890.0999755859375,208.4678104781367,29559.25,178.7100067138672,15992.15234375,1.1799688339233398,1876.800048828125,205.34204503459753,29203.900390625,179.0,16276.4404296875,1.1805260181427002,1877.0,207.4514579254129,29203.900390625,19724500.0,31599492172,0.0,240.0,18621100.0,348810000.0
2020-11-14,,16068.138671875,,,,,,16317.80859375,,,,,,15749.193359375,,,,,,16317.80859375,,,,,,27481710135,,,,
2020-11-15,,15955.587890625,,,,,,16123.1103515625,,,,,,15793.5341796875,,,,,,16068.1396484375,,,,,,23653867583,,,,
2020-11-16,202.39999389648438,16716.111328125,1.1845253705978394,1887.300048828125,208.28561401367188,29950.439453125,202.94000244140625,16816.181640625,1.186873197555542,1887.300048828125,208.77462427595356,29964.2890625,191.35000610351562,15880.7060546875,1.1814744472503662,1871.0,205.68720566632413,29672.359375,194.55999755859375,15955.5771484375,1.1844271421432495,1874.5999755859375,206.0227857401021,29672.359375,40562800.0,31526766675,0.0,6.0,24953300.0,418290000.0
2020-11-17,210.0500030517578,17645.40625,1.1859441995620728,1884.5,205.62973022460938,29783.349609375,211.1999969482422,17782.919921875,1.1892727613449097,1888.4000244140625,208.7171349804939,29872.419921875,196.0500030517578,16564.544921875,1.1845533847808838,1884.5,205.26537184033953,29520.2890625,200.25,16685.69140625,1.1859723329544067,1888.4000244140625,207.2022035133558,29800.150390625,38299300.0,39006849170,0.0,59.0,24154100.0,372380000.0
2020-11-18,203.3000030517578,17804.005859375,1.186366319656372,1873.5,202.91876220703125,29438.419921875,223.02000427246094,18393.94921875,1.1891002655029297,1873.5,206.8506221043053,29930.849609375,203.0,17352.90625,1.1851149797439575,1873.5,202.77455303589352,29432.83984375,223.02000427246094,17645.19140625,1.186436653137207,1873.5,205.3893875825999,29875.400390625,65990700.0,49064800278,0.0,152.0,28372800.0,382850000.0
2020-11-19,205.6699981689453,17817.08984375,1.1847639083862305,1861.0999755859375,204.20689392089844,29483.23046875,209.44000244140625,18119.546875,1.1855363845825195,1865.800048828125,204.79330918783896,29524.900390625,199.89999389648438,17382.5546875,1.1817398071289062,1856.0,201.81316314230858,29228.380859375,200.4499969482422,17803.861328125,1.1842869520187378,1865.800048828125,203.20711141223435,29370.919921875,34236100.0,36985055355,0.0,59.0,24792700.0,331330000.0
2020-11-20,199.6199951171875,18621.314453125,1.1866477727890015,1872.5999755859375,202.2554168701172,29263.48046875,206.5800018310547,18773.2265625,1.1890889406204224,1872.5999755859375,205.04328452616463,29469.890625,199.1699981689453,17765.794921875,1.185185194015503,1871.199951171875,201.880496534734,29231.19921875,204.58999633789062,17817.083984375,1.1867464780807495,1871.199951171875,203.99543213609604,29437.5703125,18230900.0,36992873940,0.0,1900.0,22843100.0,305350000.0
2020-11-21,,18642.232421875,,,,,,18936.62109375,,,,,,18444.359375,,,,,,18621.31640625,,,,,,39650210707,,,,
2020-11-22,,18370.001953125,,,,,,18688.96875,,,,,,17671.384765625,,,,,,18642.232421875,,,,,,41280434226,,,,
2020-11-23,211.52999877929688,18364.12109375,1.1866477727890015,1837.800048828125,201.9862060546875,29591.26953125,214.2100067138672,18711.42578125,1.1905895471572876,1837.800048828125,204.08191044062318,29667.75,201.8699951171875,18000.796875,1.1803170442581177,1829.199951171875,200.1116047303836,29332.8203125,203.24000549316406,18370.017578125,1.1865352392196655,1834.800048828125,202.79372436841595,29332.8203125,28372400.0,42741112308,0.0,843.0,25683500.0,387200000.0
2020-11-24,218.49000549316406,19107.46484375,1.1842728853225708,1804.800048828125,205.5912628173828,30046.240234375,222.9499969482422,19348.271484375,1.1893858909606934,1829.300048828125,205.9661831708243,30116.509765625,215.75999450683594,18128.65625,1.1838942766189575,1799.300048828125,200.7845840969435,29746.109375,219.42999267578125,18365.015625,1.1841803789138794,1829.300048828125,201.48635508285824,29746.109375,31132000.0,51469565009,0.0,1041.0,33979700.0,432760000.0
2020-11-25,217.61000061035156,18732.12109375,1.1900511980056763,1805.699951171875,205.600830078125,29872.470703125,221.0,19390.96484375,1.1928049325942993,1805.699951171875,206.96592480347252,30058.869140625,213.08999633789062,18581.146484375,1.1882835626602173,1801.4000244140625,204.24535809635242,29806.25,217.7100067138672,19104.41015625,1.1900511980056763,1801.4000244140625,206.79289144492063,30058.869140625,19254100.0,43710357371,0.0,205754.0,21012900.0,323030000.0
2020-11-26,,17150.623046875,1.1920002698898315,,,,,18866.28515625,1.1940997838974,,,,,16351.03515625,1.1886931657791138,,,,,18729.83984375,1.1917530298233032,,,,,61396835737,0.0,,,
2020-11-27,216.5,17108.40234375,1.191599726676941,1781.9000244140625,206.90826416015625,29910.369140625,219.92999267578125,17445.0234375,1.1961865425109863,1817.0,207.90806143290217,30015.130859375,216.0399932861328,16526.423828125,1.1910717487335205,1770.699951171875,205.76427241000349,29819.98046875,218.25,17153.9140625,1.1911852359771729,1806.0999755859375,206.54296659445313,29911.330078125,9970200.0,38886494645,0.0,71804.0,14512200.0,177040000.0
2020-11-28,,17717.4140625,,,,,,17853.939453125,,,,,,16910.65234375,,,,,,17112.93359375,,,,,,32601040734,,,,
2020-11-29,,18177.484375,,,,,,18283.62890625,,,,,,17559.1171875,,,,,,17719.634765625,,,,,,31133957704,,,,
2020-11-30,210.7100067138672,19625.8359375,1.1971460580825806,1775.699951171875,205.79315185546875,29638.640625,217.77999877929688,19749.263671875,1.2002063989639282,1787.199951171875,206.45646120377745,29854.509765625,208.52000427246094,18178.322265625,1.1944148540496826,1762.300048828125,202.6880268091678,29463.640625,215.6999969482422,18178.322265625,1.197074294090271,1785.0,205.82199075457697,29854.509765625,16501900.0,47728480399,0.0,3145.0,33064800.0,551350000.0
2020-12-01,213.00999450683594,18802.998046875,1.193816065788269,1814.0999755859375,207.85040283203125,29823.919921875,218.08999633789062,19845.974609375,1.2053565979003906,1815.9000244140625,208.91748606981452,30083.310546875,213.0,18321.921875,1.1935994625091553,1774.9000244140625,205.10098208136208,29797.5,214.30999755859375,19633.76953125,1.1937732696533203,1775.0,206.2161203701726,29797.5,15754200.0,49633658712,0.0,1859.0,30904500.0,429510000.0
2020-12-02,223.85000610351562,19201.091796875,1.2074378728866577,1825.699951171875,207.04286193847656,29883.7890625,224.99000549316406,19308.330078125,1.210741639137268,1830.0,207.13900137457546,29902.509765625,210.3000030517578,18347.71875,1.2040793895721436,1807.800048828125,204.5722368539739,29599.2890625,213.00999450683594,18801.744140625,1.2069860696792603,1811.300048828125,206.5718168405199,29695.08984375,25912300.0,37387697139,0.0,771.0,23724500.0,385280000.0
2020-12-03,237.1999969482422,19445.3984375,1.2114603519439697,1836.800048828125,205.95655822753906,29969.51953125,242.0,19566.19140625,1.2175003290176392,1842.0,208.0138159646571,30110.880859375,226.52999877929688,18925.78515625,1.2102434635162354,1825.300048828125,205.3893590366748,29877.26953125,228.3000030517578,19205.92578125,1.2113430500030518,1829.199951171875,206.31224772970052,29920.830078125,45945100.0,31930317405,0.0,1765.0,25120900.0,405680000.0
2020-12-04,232.7100067138672,18699.765625,1.2145650386810303,1835.9000244140625,206.0718994140625,30218.259765625,238.17999267578125,19511.404296875,1.2177746295928955,1847.5999755859375,207.05246583148178,30218.259765625,230.25,18697.193359375,1.2133712768554688,1828.199951171875,204.93751578041724,29989.560546875,236.36000061035156,19446.966796875,1.2145354747772217,1840.699951171875,205.93731301706904,29989.560546875,29378400.0,33872388058,0.0,1213.0,24666000.0,356590000.0
2020-12-05,,19154.23046875,,,,,,19160.44921875,,,,,,18590.193359375,,,,,,18698.384765625,,,,,,27242455064,,,,
2020-12-06,,19345.12109375,,,,,,19390.5,,,,,,18897.89453125,,,,,,19154.1796875,,,,,,25293775714,,,,
2020-12-07,238.1699981689453,19191.630859375,1.212135910987854,1861.800048828125,206.004638671875,30069.7890625,244.0800018310547,19411.828125,1.2163525819778442,1866.9000244140625,207.2063084017163,30233.029296875,237.11000061035156,18931.142578125,1.2080796957015991,1820.800048828125,204.754913887896,29967.220703125,238.5,19343.12890625,1.2120624780654907,1836.5,206.08154729484323,30233.029296875,33246700.0,26896357742,0.0,1427.0,24620000.0,365810000.0
2020-12-08,236.57000732421875,18321.14453125,1.2113136053085327,1870.800048828125,207.65809631347656,30173.880859375,241.6999969482422,19283.478515625,1.213415503501892,1875.800048828125,208.56175411856142,30246.220703125,234.4600067138672,18269.9453125,1.2097164392471313,1861.800048828125,204.6587339551668,29972.0703125,238.6999969482422,19191.529296875,1.2109469175338745,1863.0,205.69697815661644,29997.94921875,19682000.0,31692288756,0.0,121.0,23284100.0,311190000.0
2020-12-09,232.05999755859375,18553.916015625,1.2110936641693115,1834.5999755859375,203.6109161376953,30068.810546875,240.83999633789062,18626.29296875,1.214900016784668,1867.0999755859375,206.90829074108822,30319.69921875,228.27999877929688,17935.546875,1.207394003868103,1827.0,203.04373156194043,29951.849609375,238.63999938964844,18320.884765625,1.2109909057617188,1867.0999755859375,206.8410048659269,30229.810546875,19043600.0,34420373071,0.0,215.0,32440600.0,380520000.0
2020-12-10,234.42999267578125,18264.9921875,1.207875370979309,1833.5999755859375,202.38038635253906,29999.259765625,237.00999450683594,18553.298828125,1.2158055305480957,1849.0999755859375,204.84140328420904,30063.869140625,228.02000427246094,17957.064453125,1.2080358266830444,1828.0,202.2265691271052,29876.8203125,228.10000610351562,18553.298828125,1.2081671953201294,1833.199951171875,203.58205592220745,30032.55078125,16185000.0,25547132265,0.0,177.0,26733300.0,325550000.0
2020-12-11,230.3300018310547,18058.904296875,1.2144293785095215,1839.800048828125,205.01443481445312,30046.369140625,236.22000122070312,18268.453125,1.2163970470428467,1846.0,205.07212727508463,30071.130859375,228.3300018310547,17619.533203125,1.2107857465744019,1829.0999755859375,201.02489774661876,29820.83984375,232.82000732421875,18263.9296875,1.214343786239624,1838.5,201.9285556018802,29988.2109375,17311800.0,27919640985,0.0,109.0,30979400.0,393870000.0
2020-12-12,,18803.65625,,,,,,18919.55078125,,,,,,18046.041015625,,,,,,18051.3203125,,,,,,21752580802,,,,
2020-12-13,,19142.3828125,,,,,,19381.53515625,,,,,,18734.33203125,,,,,,18806.765625,,,,,,25450468637,,,,
2020-12-14,228.6199951171875,19246.64453125,1.213340401649475,1828.699951171875,205.9180908203125,29861.55078125,237.6300048828125,19305.099609375,1.2174040079116821,1835.699951171875,207.85038484162237,30325.7890625,228.3699951171875,19012.708984375,1.2117539644241333,1822.699951171875,204.6491354053555,29849.150390625,235.0,19144.4921875,1.213356614112854,1835.5,204.86063041931797,30123.91015625,19231200.0,22473997681,0.0,258.0,28798400.0,371980000.0
2020-12-15,229.5,19417.076171875,1.214889645576477,1852.300048828125,205.85081481933594,30199.310546875,232.5,19525.0078125,1.2166485786437988,1853.5999755859375,207.0909313980809,30243.259765625,224.36000061035156,19079.841796875,1.212694525718689,1833.199951171875,204.0338909623543,29894.94921875,230.0,19246.919921875,1.2148748636245728,1833.5,206.850597476952,29919.08984375,18993700.0,26741982541,0.0,961.0,27000600.0,417770000.0
2020-12-16,225.8699951171875,21310.59765625,1.2154301404953003,1856.0999755859375,210.80165100097656,30154.5390625,232.3699951171875,21458.908203125,1.2212995290756226,1864.699951171875,211.59956124036992,30236.029296875,225.3000030517578,19298.31640625,1.2146978378295898,1850.5,206.41796339032732,30080.109375,229.3300018310547,19418.818359375,1.215376853942871,1856.5,206.44680228233298,30191.380859375,17858400.0,44409011479,0.0,1090.0,35023300.0,344590000.0
2020-12-17,221.24000549316406,22805.162109375,1.2199585437774658,1887.199951171875,210.93624877929688,30303.369140625,228.49000549316406,23642.66015625,1.2263002395629883,1896.199951171875,212.34941323916237,30323.779296875,220.52999877929688,21234.67578125,1.2192445993423462,1874.199951171875,209.49424542586814,30216.0,227.24000549316406,21308.3515625,1.219705581665039,1874.199951171875,211.36884685156218,30216.0,17465600.0,71378606374,0.0,414.0,32515800.0,345530000.0
2020-12-18,219.75,23137.9609375,1.226271629333496,1885.699951171875,210.13832092285156,30179.05078125,223.4600067138672,23238.6015625,1.2268433570861816,1889.5,211.19579582778888,30343.58984375,218.61000061035156,22399.8125,1.2227181196212769,1882.300048828125,207.66769634504772,30029.439453125,222.0500030517578,22806.796875,1.2261964082717896,1882.4000244140625,210.13832092285156,30314.259765625,19092800.0,40387896275,0.0,276.0,63354900.0,782070000.0
2020-12-19,,23869.83203125,,,,,,24085.85546875,,,,,,22826.47265625,,,,,,23132.865234375,,,,,,38487546580,,,,
2020-12-20,,23477.294921875,,,,,,24209.66015625,,,,,,23147.7109375,,,,,,23861.765625,,,,,,37844228422,,,,
2020-12-21,219.30999755859375,22803.08203125,1.221612811088562,1879.199951171875,213.98370361328125,30216.44921875,219.42999267578125,24059.982421875,1.223466157913208,1908.0,215.33919043070517,30304.140625,211.10000610351562,22159.3671875,1.2130769491195679,1869.0999755859375,208.87901354427856,29755.529296875,212.33999633789062,23474.455078125,1.221060872077942,1884.800048828125,209.1385782828704,30159.0,18726500.0,45852713981,0.0,136.0,37181900.0,437480000.0
2020-12-22,218.77999877929688,23783.029296875,1.2236906290054321,1866.5999755859375,215.2815399169922,30015.509765625,223.88999938964844,23789.90234375,1.2259002923965454,1882.199951171875,216.9061997548191,30200.19921875,217.6999969482422,22430.60546875,1.216604232788086,1861.0,213.27235162934048,29992.890625,223.27999877929688,22794.0390625,1.2238404750823975,1882.199951171875,214.0798701752646,30200.19921875,13280000.0,44171632681,0.0,233.0,22612200.0,388810000.0
2020-12-23,219.69000244140625,23241.345703125,1.2186651229858398,1874.699951171875,212.4744415283203,30129.830078125,224.39999389648438,24024.490234375,1.2219412326812744,1878.800048828125,214.91622799345612,30292.529296875,219.32000732421875,22802.646484375,1.2157758474349976,1864.5,212.2629464799046,30046.73046875,219.5500030517578,23781.974609375,1.2185908555984497,1867.0,214.48362981944945,30046.73046875,10869000.0,51146161904,0.0,82.0,18699600.0,274050000.0
2020-12-24,217.14999389648438,23735.94921875,1.2191405296325684,1879.9000244140625,214.1374969482422,30199.869140625,219.8800048828125,23768.337890625,1.2217471599578857,1879.9000244140625,214.96424612029446,30209.669921875,216.0500030517578,22777.59765625,1.2179378271102905,1875.699951171875,212.64742388981097,30099.30078125,219.6199951171875,23240.203125,1.219393253326416,1877.300048828125,212.85891888746272,30155.919921875,6398500.0,41080759713,0.0,46.0,10550600.0,145570000.0
2020-12-25,,24664.791015625,1.2184720039367676,,,,,24710.1015625,1.2212995290756226,,,,,23463.673828125,1.2167004346847534,,,,,23733.5703125,1.2184720039367676,,,,,42068395846,0.0,,,
2020-12-26,,26437.037109375,,,,,,26718.0703125,,,,,,24522.689453125,,,,,,24677.015625,,,,,,48332647295,,,,
2020-12-27,,26272.294921875,,,,,,28288.83984375,,,,,,25922.76953125,,,,,,26439.373046875,,,,,,66479895605,,,,
2020-12-28,216.08999633789062,27084.80859375,1.2205095291137695,1877.199951171875,216.2620849609375,30403.970703125,219.1999969482422,27389.111328125,1.2252004146575928,1895.800048828125,217.29070652946282,30525.560546875,215.16000366210938,26207.640625,1.218353271484375,1873.699951171875,214.3970913608019,30283.23046875,218.19000244140625,26280.822265625,1.220703125,1895.5,215.77179436717526,30283.23046875,9090600.0,49056742893,0.0,75.0,17933500.0,302490000.0
2020-12-29,216.25,27362.4375,1.2223445177078247,1879.699951171875,215.48341369628906,30335.669921875,221.67999267578125,27370.720703125,1.2275993824005127,1881.300048828125,218.39625999669985,30588.7890625,215.39999389648438,25987.298828125,1.2220009565353394,1879.699951171875,214.93545991809128,30274.240234375,218.3000030517578,27081.810546875,1.2220009565353394,1881.300048828125,217.5599025447463,30492.0703125,14593800.0,45265946774,0.0,343.0,17403200.0,357610000.0
2020-12-30,216.6699981689453,28840.953125,1.225295066833496,1891.0,213.10888671875,30409.560546875,218.5500030517578,28937.740234375,1.2308752536773682,1895.800048828125,216.90617439367813,30525.349609375,214.3699951171875,27360.08984375,1.2252049446105957,1877.300048828125,212.90701444028235,30393.0390625,216.36000061035156,27360.08984375,1.2253249883651733,1879.9000244140625,216.52163131999487,30415.08984375,10812600.0,51287442704,0.0,444.0,20272300.0,291890000.0
2020-12-31,214.05999755859375,29001.720703125,1.2299896478652954,1893.0999755859375,213.8202667236328,30606.48046875,216.89999389648438,29244.876953125,1.230950951576233,1901.300048828125,214.37784314318708,30637.470703125,212.6999969482422,28201.9921875,1.222299575805664,1892.699951171875,211.18620184549383,30344.5,216.24000549316406,28841.57421875,1.229906439781189,1897.0,213.12810390410456,30417.640625,10487600.0,46754964848,0.0,127.0,20942100.0,284470000.0
2021-01-01,,29374.15234375,1.218026876449585,,,,,29600.626953125,1.2216993570327759,,,,,28803.5859375,1.2134994268417358,,,,,28994.009765625,1.217285394668579,,,,,40730301359,0.0,,,
2021-01-02,,32127.267578125,,,,,,33155.1171875,,,,,,29091.181640625,,,,,,29376.455078125,,,,,,67865420765,,,,
2021-01-03,,32782.0234375,,,,,,34608.55859375,,,,,,32052.31640625,,,,,,32129.408203125,,,,,,78665235202,,,,
2021-01-04,202.72000122070312,31971.9140625,1.2250697612762451,1944.699951171875,209.27313232421875,30223.890625,210.1999969482422,33440.21875,1.23099946975708,1945.0999755859375,214.37782160373663,30674.279296875,202.49000549316406,28722.755859375,1.2171372175216675,1912.199951171875,206.50448132428392,29881.8203125,210.0,32810.94921875,1.2249047756195068,1912.199951171875,213.9259927344746,30627.470703125,21225600.0,81163475344,0.0,154.0,37130100.0,475080000.0
2021-01-05,211.6300048828125,33992.4296875,1.2251598834991455,1952.699951171875,209.4750518798828,30391.599609375,213.35000610351562,34437.58984375,1.2294830083847046,1952.699951171875,210.07109001348394,30504.890625,204.60000610351562,30221.1875,1.2249947786331177,1941.300048828125,207.36011618563242,30141.779296875,204.74000549316406,31977.041015625,1.225295066833496,1941.699951171875,208.85979759303143,30204.25,19338300.0,67547324782,0.0,113.0,23823000.0,350910000.0
2021-01-06,211.02999877929688,36824.36328125,1.230027437210083,1906.9000244140625,204.04348754882812,30829.400390625,215.61000061035156,36879.69921875,1.2350252866744995,1959.9000244140625,208.1195559024271,31022.650390625,209.33999633789062,33514.03515625,1.2266929149627686,1901.5,203.74547585042015,30313.0703125,210.22000122070312,34013.61328125,1.2298610210418701,1952.0,203.96657893813935,30362.779296875,16202200.0,75289433811,0.0,331.0,35930700.0,500430000.0
2021-01-07,212.7100067138672,39371.04296875,1.2341108322143555,1912.300048828125,209.84994506835938,31041.130859375,216.60000610351562,40180.3671875,1.2345678806304932,1926.699951171875,210.8593503984707,31193.400390625,211.77999877929688,36491.19140625,1.2246646881103516,1912.0,205.44704085761094,30897.859375,213.38999938964844,36833.875,1.2337758541107178,1922.5999755859375,205.76426870218953,30901.1796875,14474100.0,84762141031,0.0,122.0,27694500.0,427810000.0
2021-01-08,209.89999389648438,40797.609375,1.227144479751587,1834.0999755859375,211.12852478027344,31097.970703125,214.10000610351562,41946.73828125,1.2282146215438843,1908.0,212.0514134324191,31140.669921875,208.16000366210938,36838.63671875,1.2214934825897217,1834.0999755859375,208.6386690377971,30793.26953125,213.61000061035156,39381.765625,1.2268733978271484,1908.0,210.2248669478522,31069.580078125,14144000.0,88107519480,0.0,60.0,22956200.0,381150000.0
2021-01-09,,40254.546875,,,,,,41436.3515625,,,,,,38980.875,,,,,,40788.640625,,,,,,61984162837,,,,
2021-01-10,,38356.44140625,,,,,,41420.19140625,,,,,,35984.62890625,,,,,,40254.21875,,,,,,79980747690,,,,
2021-01-11,206.7899932861328,35566.65625,1.2186205387115479,1849.5999755859375,209.08090209960938,31008.689453125,207.77999877929688,38346.53125,1.2199585437774658,1849.5999755859375,210.4459970034863,31096.98046875,201.00999450683594,30549.599609375,1.2134743928909302,1826.5,208.35027759554967,30832.060546875,203.02999877929688,38346.53125,1.2187838554382324,1826.5,210.02300695772928,31015.369140625,16770300.0,123320567399,0.0,20.0,23031300.0,356540000.0
2021-01-12,208.41000366210938,33922.9609375,1.2160701751708984,1842.9000244140625,206.61985778808594,31068.689453125,209.05999755859375,36568.52734375,1.217848777770996,1859.699951171875,208.70596899227266,31114.560546875,204.80999755859375,32697.9765625,1.2138868570327759,1839.4000244140625,205.072121521782,30888.759765625,206.64999389648438,35516.359375,1.2161602973937988,1849.0,208.12916175268282,31015.009765625,12836200.0,74773277909,0.0,176.0,23249300.0,362620000.0
2021-01-13,207.2100067138672,37316.359375,1.2208894491195679,1853.5999755859375,207.97537231445312,31060.470703125,208.7899932861328,37599.9609375,1.2224938869476318,1858.5999755859375,208.37913156857348,31153.369140625,204.85000610351562,32584.66796875,1.2155394554138184,1853.5999755859375,205.65854964000155,30992.05078125,207.14999389648438,33915.12109375,1.2209266424179077,1858.0,205.74508100567118,31084.880859375,8570500.0,69364315979,0.0,189.0,20087100.0,413250000.0
2021-01-14,209.91000366210938,39187.328125,1.2162491083145142,1850.300048828125,204.7837371826172,30991.51953125,214.19000244140625,39966.40625,1.217285394668579,1850.699951171875,209.05207008476174,31223.779296875,208.2100067138672,36868.5625,1.2113136053085327,1836.699951171875,204.5145643571503,30982.240234375,208.7899932861328,37325.109375,1.2161750793457031,1836.699951171875,207.5619967995437,31085.669921875,12446800.0,63615990033,0.0,149.0,29480800.0,427810000.0
2021-01-15,204.32000732421875,36825.3671875,1.2151259183883667,1829.300048828125,204.42799377441406,30814.259765625,209.25,39577.7109375,1.2162491083145142,1829.4000244140625,206.21607843985944,30941.98046875,204.1999969482422,34659.58984375,1.208473801612854,1825.0,203.8319704422043,30612.669921875,208.9600067138672,39156.70703125,1.2153000831604004,1829.4000244140625,205.26436565698458,30926.76953125,11103300.0,67760757881,0.0,31.0,31746500.0,433000000.0
2021-01-16,,36178.140625,,,,,,37864.3671875,,,,,,35633.5546875,,,,,,36821.6484375,,,,,,57706187875,,,,
2021-01-17,,35791.27734375,,,,,,36722.3515625,,,,,,34069.3203125,,,,,,36163.6484375,,,,,,52359854336,,,,
2021-01-18,,36630.07421875,1.2068113088607788,,,,,37299.28515625,1.2086198329925537,,,,,34883.84375,1.205545425415039,,,,,35792.23828125,1.206723928451538,,,,,49511702429,0.0,,,
2021-01-19,210.7100067138672,36069.8046875,1.207729458808899,1839.5,208.07151794433594,30930.51953125,211.52000427246094,37755.890625,1.2144912481307983,1842.9000244140625,208.59063280969372,31086.619140625,206.52000427246094,36069.8046875,1.2078461647033691,1802.0,204.40883098056443,30865.029296875,206.99000549316406,36642.234375,1.2078461647033691,1802.0,205.4855223569034,30887.419921875,11947200.0,57244195486,0.0,13.0,30480900.0,386400000.0
2021-01-20,211.4499969482422,35547.75,1.2138868570327759,1865.9000244140625,215.66603088378906,31188.380859375,215.58999633789062,36378.328125,1.2160005569458008,1866.5999755859375,217.0599646081616,31235.98046875,211.2100067138672,33570.4765625,1.207773208618164,1844.4000244140625,208.88861178460542,30997.7890625,213.24000549316406,36050.11328125,1.2139458656311035,1847.800048828125,209.28276291190494,31017.5390625,9727000.0,66834573161,0.0,16.0,37777300.0,384980000.0
2021-01-21,207.41000366210938,30825.69921875,1.2115631103515625,1865.300048828125,216.27169799804688,31176.009765625,211.92999267578125,35552.6796875,1.2171964645385742,1868.0,217.55027626529116,31272.220703125,206.33999633789062,30250.75,1.2109909057617188,1865.300048828125,213.82028897946032,31120.919921875,211.72000122070312,35549.3984375,1.211533784866333,1865.300048828125,216.01213324650223,31198.009765625,11091300.0,75643067688,0.0,6.0,30709400.0,418780000.0
2021-01-22,205.83999633789062,33005.76171875,1.2166293859481812,1855.699951171875,217.2138214111328,30996.98046875,206.6999969482422,33811.8515625,1.2188003063201904,1855.699951171875,221.17453488803713,31141.560546875,204.27000427246094,28953.373046875,1.2151997089385986,1852.699951171875,217.06962690843858,30908.470703125,205.5500030517578,30817.625,1.2166190147399902,1854.9000244140625,218.30013556083014,31141.560546875,7514600.0,77207272511,0.0,8.0,30172700.0,436040000.0
2021-01-23,,32067.642578125,,,,,,33360.9765625,,,,,,31493.16015625,,,,,,32985.7578125,,,,,,48354737975,,,,
2021-01-24,,32289.37890625,,,,,,32944.0078125,,,,,,31106.685546875,,,,,,32064.376953125,,,,,,48643830599,,,,
2021-01-25,203.36000061035156,32366.392578125,1.216944694519043,1854.9000244140625,220.65538024902344,30960.0,203.8000030517578,34802.7421875,1.218599796295166,1864.699951171875,220.89571417206457,30989.849609375,199.3000030517578,32087.787109375,1.2117246389389038,1851.800048828125,215.55069007064066,30564.060546875,203.27000427246094,32285.798828125,1.2168558835983276,1864.699951171875,220.2612290947195,30989.849609375,14276200.0,59897054838,0.0,26.0,33152100.0,472890000.0
2021-01-26,202.05999755859375,32569.849609375,1.214624047279358,1850.699951171875,223.34710693359375,30937.0390625,208.35000610351562,32794.55078125,1.2175003290176392,1855.800048828125,225.12556903391163,31121.419921875,201.7899932861328,31030.265625,1.2108443975448608,1850.699951171875,221.184101782989,30921.7109375,205.33999633789062,32358.61328125,1.2143291234970093,1855.800048828125,222.8952780175176,30968.55078125,11011800.0,60255421470,0.0,59.0,49169600.0,373150000.0
2021-01-27,194.02999877929688,30432.546875,1.216299295425415,1844.9000244140625,223.89508056640625,30303.169921875,199.47000122070312,32564.029296875,1.2171372175216675,1844.9000244140625,231.1435600205835,30893.779296875,191.85000610351562,29367.138671875,1.2061998844146729,1844.9000244140625,221.2417992926183,30206.91015625,196.89999389648438,32564.029296875,1.2163230180740356,1844.9000244140625,228.79789854562574,30893.779296875,20948500.0,62576762015,0.0,195540.0,69870600.0,566470000.0
2021-01-28,197.22999572753906,33466.09765625,1.2105072736740112,1837.9000244140625,229.69190979003906,30603.359375,200.4199981689453,33858.3125,1.214399814605713,1862.9000244140625,233.25847135017926,30951.41015625,196.0,30023.20703125,1.2082401514053345,1831.5,226.00038457564827,30377.189453125,198.0500030517578,30441.041015625,1.2104778289794922,1843.4000244140625,226.50028319910243,30377.189453125,10403200.0,76517157706,0.0,27283.0,49111200.0,465140000.0
2021-01-29,194.19000244140625,34316.38671875,1.2120037078857422,1847.300048828125,222.99142456054688,29982.619140625,201.57000732421875,38406.26171875,1.2157005071640015,1876.0,228.8171162716666,30553.91015625,193.1199951171875,32064.814453125,1.2095993757247925,1838.699951171875,222.40500922536845,29856.30078125,198.3000030517578,34318.671875,1.212135910987854,1842.0,226.8656060692636,30553.91015625,13683700.0,117894572511,0.0,1634.0,42503100.0,536320000.0
2021-01-30,,34269.5234375,,,,,,34834.70703125,,,,,,32940.1875,,,,,,34295.93359375,,,,,,65141828798,,,,
2021-01-31,,33114.359375,,,,,,34288.33203125,,,,,,32270.17578125,,,,,,34270.87890625,,,,,,52754542671,,,,
2021-02-01,195.83999633789062,33537.17578125,1.2123857736587524,1860.800048828125,230.38406372070312,30211.91015625,197.3800048828125,34638.21484375,1.2136069536209106,1871.9000244140625,233.12387596555698,30335.91015625,192.86000061035156,32384.228515625,1.2069132328033447,1850.0,223.44321972463564,30014.970703125,196.0,33114.578125,1.2122827768325806,1866.5999755859375,225.97153697036592,30054.73046875,9061900.0,61400400660,0.0,1494.0,33314200.0,347060000.0
2021-02-02,200.94000244140625,35510.2890625,1.2068694829940796,1830.5,230.24948120117188,30687.48046875,203.02999877929688,35896.8828125,1.208795189857483,1861.300048828125,232.94122377899794,30840.5390625,198.08999633789062,33489.21875,1.2018364667892456,1827.5999755859375,229.4611936474812,30276.880859375,198.97999572753906,33533.19921875,1.2067675590515137,1859.5999755859375,231.97028011673513,30276.880859375,11130600.0,63088585433,0.0,1293.0,25916300.0,333160000.0
2021-02-03,207.38999938964844,37472.08984375,1.203905463218689,1832.199951171875,233.60458374023438,30723.599609375,208.16000366210938,37480.1875,1.204999327659607,1842.4000244140625,235.6137719070309,30793.41015625,201.25999450683594,35443.984375,1.200494647026062,1829.800048828125,230.00918280847807,30521.310546875,202.0,35510.8203125,1.203905463218689,1834.800048828125,230.30720920830873,30689.650390625,11836900.0,61166818159,0.0,1195.0,27158100.0,305590000.0
2021-02-04,210.63999938964844,36926.06640625,1.2042388916015625,1788.9000244140625,232.65284729003906,31055.859375,212.47999572753906,38592.17578125,1.2043839693069458,1832.199951171875,233.8353007616422,31065.9609375,208.02000427246094,36317.5,1.1967161893844604,1782.800048828125,231.0762573300535,30737.779296875,209.8699951171875,37475.10546875,1.2041809558868408,1832.199951171875,233.27772429583018,30737.779296875,11869900.0,68838074392,0.0,2375.0,25296100.0,338330000.0
2021-02-05,207.92999267578125,38144.30859375,1.1966731548309326,1810.9000244140625,232.83551025390625,31148.240234375,213.1999969482422,38225.90625,1.2039779424667358,1813.5,233.87375459980734,31252.1796875,206.66000366210938,36658.76171875,1.1953572034835815,1790.9000244140625,231.12433383255606,31083.220703125,212.25,36931.546875,1.1967447996139526,1794.300048828125,232.86434915222415,31093.810546875,9546100.0,58598066402,0.0,1278.0,18054800.0,293550000.0
2021-02-06,,39266.01171875,,,,,,40846.546875,,,,,,38138.38671875,,,,,,38138.38671875,,,,,,71326033653,,,,
2021-02-07,,38903.44140625,,,,,,39621.8359375,,,,,,37446.15234375,,,,,,39250.19140625,,,,,,65500641143,,,,
2021-02-08,211.9499969482422,46196.46484375,1.2048773765563965,1831.9000244140625,233.09503173828125,31385.759765625,211.99000549316406,46203.9296875,1.2068549394607544,1836.699951171875,234.25823953802782,31386.099609375,208.3000030517578,38076.32421875,1.2021398544311523,1809.0,231.4992112064339,31191.19921875,209.5500030517578,38886.828125,1.2049354314804077,1816.300048828125,233.74873287056587,31191.19921875,11182100.0,101467222687,0.0,254.0,22211900.0,322250000.0
2021-02-09,215.1199951171875,46481.10546875,1.2053595781326294,1835.300048828125,234.34483337402344,31375.830078125,216.72999572753906,48003.72265625,1.211475133895874,1843.300048828125,235.29654643326108,31439.470703125,208.89999389648438,45166.9609375,1.2050195932388306,1830.699951171875,232.04724138602325,31245.859375,210.60000610351562,46184.9921875,1.2052549123764038,1841.9000244140625,232.5182865425929,31359.880859375,13615700.0,91809846886,0.0,184.0,23565000.0,308210000.0
2021-02-10,211.9199981689453,44918.18359375,1.2119992971420288,1840.5999755859375,233.4315643310547,31437.80078125,217.49000549316406,47145.56640625,1.2143733501434326,1851.0999755859375,236.41169648849367,31511.439453125,211.1199951171875,43881.15234375,1.2110203504562378,1837.0,231.5761786225099,31221.3203125,215.64999389648438,46469.76171875,1.2116951942443848,1842.5999755859375,235.52726931906415,31428.01953125,11510700.0,87301089896,0.0,543.0,22186700.0,326450000.0
2021-02-11,210.66000366210938,47909.33203125,1.2121212482452393,1824.9000244140625,235.03697204589844,31430.69921875,213.99000549316406,48463.46875,1.2150993347167969,1845.0,235.67144246357017,31543.8203125,208.57000732421875,44187.76171875,1.2114311456680298,1820.9000244140625,232.78743534550657,31244.359375,212.24000549316406,44898.7109375,1.2119449377059937,1840.5,235.3157529463643,31466.490234375,7140200.0,81388911810,0.0,602.0,15751100.0,280320000.0
2021-02-12,210.97999572753906,47504.8515625,1.2131506204605103,1821.5999755859375,235.5176239013672,31458.400390625,213.16000366210938,48745.734375,1.213592290878296,1827.5,235.8156356029803,31475.310546875,209.6699981689453,46424.9765625,1.2083992958068848,1809.199951171875,233.34499596529108,31347.80078125,210.36000061035156,47877.03515625,1.213003396987915,1825.0,234.49859580039447,31420.80078125,6010800.0,76555041196,0.0,259.0,16561100.0,263090000.0
2021-02-13,,47105.515625,,,,,,48047.74609375,,,,,,46392.28125,,,,,,47491.203125,,,,,,70250456155,,,,
2021-02-14,,48717.2890625,,,,,,49487.640625,,,,,,47114.5078125,,,,,,47114.5078125,,,,,,71248675228,,,,
2021-02-15,,47945.05859375,1.2122093439102173,,,,,48875.5703125,1.214699387550354,,,,,46347.4765625,1.2117393016815186,,,,,48696.53515625,1.212106466293335,,,,,77069903166,0.0,,,
2021-02-16,217.17999267578125,49199.87109375,1.2132196426391602,1797.199951171875,234.27748107910156,31522.75,217.39999389648438,50341.1015625,1.2171002626419067,1823.4000244140625,236.6135341978641,31608.630859375,212.3300018310547,47201.3046875,1.2095847129821777,1787.300048828125,233.5276404900709,31443.48046875,213.0800018310547,47944.45703125,1.2132388353347778,1820.9000244140625,235.5560591780429,31472.080078125,10171100.0,77049582886,0.0,1141.0,26728500.0,329210000.0
2021-02-17,215.52000427246094,52149.0078125,1.2092483043670654,1771.0999755859375,235.29884338378906,31613.01953125,218.7100067138672,52533.9140625,1.2098335027694702,1789.699951171875,235.4048344432104,31643.69921875,212.67999267578125,49072.37890625,1.202558994293213,1768.800048828125,232.15767652677806,31338.759765625,215.52000427246094,49207.27734375,1.2088537216186523,1785.800048828125,232.52383013252495,31485.609375,9276000.0,80820545404,0.0,614.0,21653500.0,343510000.0
2021-02-18,208.47999572753906,51679.796875,1.2048004865646362,1773.4000244140625,234.90374755859375,31493.33984375,214.33999633789062,52474.10546875,1.2089003324508667,1784.5999755859375,235.03864391279208,31558.599609375,208.0800018310547,51015.765625,1.2036300897598267,1766.0,232.08055432337167,31285.3203125,213.4499969482422,52140.97265625,1.2045869827270508,1776.0999755859375,232.98629328838896,31558.599609375,9121300.0,52054723579,0.0,587.0,16925600.0,325990000.0
2021-02-19,217.47000122070312,55888.1328125,1.209189772605896,1775.800048828125,232.18658447265625,31494.3203125,217.63999938964844,56113.65234375,1.2147716283798218,1787.5999755859375,234.97124266251927,31647.529296875,209.14999389648438,50937.27734375,1.208299994468689,1764.300048828125,231.42537193657122,31469.33984375,209.97000122070312,51675.98046875,1.2091752290725708,1764.300048828125,234.8652516018974,31504.130859375,12415300.0,63495496918,0.0,118.0,25262600.0,353070000.0
2021-02-20,,56099.51953125,,,,,,57505.2265625,,,,,,54626.55859375,,,,,,55887.3359375,,,,,,68145460026,,,,
2021-02-21,,57539.9453125,,,,,,58330.5703125,,,,,,55672.609375,,,,,,56068.56640625,,,,,,51897585191,,,,
2021-02-22,212.8800048828125,54207.3203125,1.2126356363296509,1806.699951171875,225.96205139160156,31521.689453125,220.38999938964844,57533.390625,1.2155098915100098,1807.800048828125,229.2573898424661,31653.48046875,210.8000030517578,48967.56640625,1.2092190980911255,1784.0,223.92896078770121,31286.5703125,211.88999938964844,57532.73828125,1.212444543838501,1784.0,228.7659847524381,31381.119140625,21413700.0,92052420332,0.0,165.0,36446900.0,387210000.0
2021-02-23,212.1199951171875,48824.42578125,1.2166796922683716,1804.4000244140625,224.7672576904297,31537.349609375,214.75,54204.9296875,1.2178784608840942,1811.300048828125,226.27039297069203,31653.380859375,206.60000610351562,45290.58984375,1.213680624961853,1796.4000244140625,220.3927335259712,31158.759765625,214.14999389648438,54204.9296875,1.2166930437088013,1809.5999755859375,221.93441903027252,31501.890625,15996700.0,106102492824,0.0,569.0,30228700.0,460410000.0
2021-02-24,229.33999633789062,49705.33203125,1.215214490890503,1796.4000244140625,226.0006103515625,31961.859375,229.61000061035156,51290.13671875,1.2174040079116821,1805.800048828125,226.62691184556778,32009.640625,211.60000610351562,47213.5,1.2111302614212036,1796.4000244140625,220.65290597795175,31421.2890625,212.10000610351562,48835.0859375,1.2151997089385986,1805.800048828125,221.6260859908562,31499.75,30709300.0,63695521388,0.0,1500.0,26339700.0,410150000.0
2021-02-25,216.4499969482422,47093.8515625,1.2171372175216675,1774.4000244140625,220.6432647705078,31402.009765625,228.5,51948.96875,1.224155068397522,1802.0,226.03913460336088,31984.76953125,214.7100067138672,47093.8515625,1.2156577110290527,1766.699951171875,219.57372394911798,31293.3203125,227.8000030517578,49709.08203125,1.2169506549835205,1801.5,223.6206299994084,31955.939453125,19283000.0,54506565949,0.0,1049.0,39542200.0,454110000.0
2021-02-26,212.00999450683594,46339.76171875,1.2160420417785645,1728.0999755859375,223.90969848632812,30932.369140625,220.66000366210938,48370.78515625,1.2182493209838867,1768.199951171875,226.79070286617392,31450.890625,211.2899932861328,44454.84375,1.2091752290725708,1718.800048828125,221.17320598719547,30911.369140625,218.50999450683594,47180.46484375,1.2160124778747559,1768.0999755859375,223.09067530726543,31401.2890625,12838400.0,350967941479,0.0,1593.0,37819200.0,532250000.0
2021-02-27,,46188.453125,,,,,,48253.26953125,,,,,,45269.02734375,,,,,,46344.7734375,,,,,,45910946382,,,,
2021-02-28,,45137.76953125,,,,,,46716.4296875,,,,,,43241.6171875,,,,,,46194.015625,,,,,,53443887451,,,,
2021-03-01,224.38999938964844,49631.2421875,1.208956003189087,1722.5,228.30345153808594,31535.509765625,226.97999572753906,49784.015625,1.2101556062698364,1747.0,228.81413166545013,31668.33984375,219.02000427246094,45115.09375,1.2029930353164673,1720.300048828125,224.65159020927348,31065.900390625,219.60000610351562,45159.50390625,1.2090904712677002,1737.0999755859375,227.30135169007278,31065.900390625,18735400.0,53891300112,0.0,407.0,25324000.0,385670000.0
2021-03-02,223.13999938964844,48378.98828125,1.2051095962524414,1733.0999755859375,225.34539794921875,31391.51953125,227.19000244140625,50127.51171875,1.2080358266830444,1733.0999755859375,228.6503815688465,31623.26953125,222.14999389648438,47228.84375,1.1994003057479858,1708.699951171875,224.94070877790585,31377.16015625,224.7899932861328,49612.10546875,1.2049063444137573,1709.4000244140625,228.3709438798375,31535.369140625,11114400.0,47530897720,0.0,867.0,22812500.0,337270000.0
2021-03-03,228.55999755859375,50538.2421875,1.208546757698059,1715.300048828125,219.265380859375,31270.08984375,235.39999389648438,52535.13671875,1.2110495567321777,1732.4000244140625,225.06595452670567,31563.310546875,225.0399932861328,48274.3203125,1.2044709920883179,1703.5,218.97631299108363,31260.140625,226.36000061035156,48415.81640625,1.208503007888794,1730.0,223.69771563290254,31352.9609375,30426000.0,53220811975,0.0,501.0,34029500.0,409660000.0
2021-03-04,224.7100067138672,48561.16796875,1.2050660848617554,1700.199951171875,218.4656219482422,30924.140625,237.10000610351562,51735.08984375,1.2064006328582764,1717.4000244140625,224.01567769555226,31461.970703125,218.6999969482422,47656.9296875,1.2025011777877808,1700.199951171875,216.08565298488423,30547.529296875,232.72999572753906,50522.3046875,1.204833745956421,1706.5,218.47526685502132,31289.009765625,26645100.0,52343816680,0.0,521.0,44727800.0,537850000.0
2021-03-05,223.22000122070312,48927.3046875,1.1967735290527344,1698.0,223.15814208984375,31496.30078125,229.9199981689453,49396.4296875,1.196859359741211,1701.0,224.7672685097658,31580.330078125,213.8000030517578,46542.515625,1.1897962093353271,1685.0,218.20549664982508,30766.810546875,229.00999450683594,48527.03125,1.196859359741211,1690.5999755859375,221.15395671882018,31029.1796875,20026600.0,48625928883,0.0,302.0,41872800.0,501810000.0
2021-03-06,,48912.3828125,,,,,,49147.21875,,,,,,47257.52734375,,,,,,48899.23046875,,,,,,34363564661,,,,
2021-03-07,,51206.69140625,,,,,,51384.3671875,,,,,,48918.6796875,,,,,,48918.6796875,,,,,,43137459378,,,,
2021-03-08,224.02999877929688,52246.5234375,1.1925631761550903,1677.699951171875,219.1015625,31802.439453125,229.88999938964844,52314.0703125,1.1932177543640137,1705.4000244140625,224.86358550525085,32148.0390625,223.7100067138672,49506.0546875,1.1848341226577759,1673.699951171875,218.85104487458958,31512.150390625,226.6699981689453,51174.1171875,1.1924636363983154,1704.699951171875,222.93648613335145,31512.150390625,13836800.0,48597428048,0.0,1290.0,35267400.0,496980000.0
2021-03-09,230.61000061035156,54824.1171875,1.185171127319336,1716.5999755859375,225.25868225097656,31832.740234375,234.05999755859375,54824.1171875,1.191599726676941,1717.5,226.80036788855628,32150.3203125,222.5800018310547,51981.83203125,1.1836141347885132,1685.199951171875,223.22559148393768,31822.640625,226.80999755859375,52272.96875,1.18519926071167,1686.199951171875,224.39149326896538,31892.349609375,21001200.0,50912227385,0.0,335.0,33080500.0,458690000.0
2021-03-10,245.33999633789062,56008.55078125,1.1897906064987183,1721.5,223.94821166992188,32297.01953125,246.8000030517578,57258.25390625,1.1925063133239746,1722.9000244140625,228.3612709057459,32389.5,232.8800048828125,53290.890625,1.187000036239624,1711.0,223.5820580919073,31906.9609375,233.80999755859375,54824.01171875,1.189668893814087,1713.5999755859375,228.3612709057459,31906.9609375,27753400.0,57295577614,0.0,412.0,29746800.0,409110000.0
2021-03-11,252.0,57805.12109375,1.1926058530807495,1722.300048828125,228.486572265625,32485.58984375,256.6499938964844,58091.0625,1.1977769136428833,1737.5,230.45220741847595,32661.58984375,246.5500030517578,54484.59375,1.1917104721069336,1720.199951171875,225.7693547309097,32345.69921875,248.77000427246094,55963.1796875,1.1927480697631836,1725.5999755859375,226.39567093202942,32354.5,30139200.0,56772343595,0.0,18.0,29907600.0,400020000.0
2021-03-12,269.19000244140625,57332.08984375,1.1986095905303955,1719.5,227.1568603515625,32778.640625,269.7200012207031,57996.62109375,1.1990407705307007,1722.5,227.2243158933277,32793.3203125,253.5,55376.6484375,1.191057562828064,1699.0,224.72871079226346,32462.400390625,253.86000061035156,57821.21875,1.198164463043213,1715.9000244140625,225.48027844351745,32462.400390625,35264300.0,55689944702,0.0,80.0,22653700.0,346400000.0
2021-03-13,,61243.0859375,,,,,,61683.86328125,,,,,,56217.97265625,,,,,,57343.37109375,,,,,,60669829814,,,,
2021-03-14,,59302.31640625,,,,,,61597.91796875,,,,,,59302.31640625,,,,,,61221.1328125,,,,,,43901225564,,,,
2021-03-15,265.6300048828125,55907.19921875,1.1950000524520874,1728.9000244140625,226.25111389160156,32953.4609375,278.57000732421875,60540.9921875,1.1965444087982178,1731.9000244140625,226.6172675005386,32973.3984375,264.3299865722656,55393.1640625,1.1911852359771729,1722.800048828125,223.360464648673,32629.75,274.1499938964844,59267.4296875,1.1951143741607666,1729.5,226.3956551753094,32798.83984375,34816700.0,66419369890,0.0,147.0,26034900.0,360080000.0
2021-03-16,255.2100067138672,56804.90234375,1.1925773620605469,1730.5999755859375,229.04542541503906,32825.94921875,264.1700134277344,56833.1796875,1.1953001022338867,1733.9000244140625,231.30975858381365,32966.75,254.02000427246094,53555.02734375,1.188438892364502,1726.0,227.33993818218457,32778.23046875,263.2300109863281,55840.78515625,1.192733883857727,1732.300048828125,227.66754157982132,32966.75,28785800.0,59749798599,0.0,729.0,28092200.0,386370000.0
2021-03-17,263.5899963378906,58870.89453125,1.190164566040039,1726.800048828125,228.3998565673828,33015.37109375,263.6099853515625,58969.81640625,1.1917999982833862,1750.0999755859375,229.8548262925455,33047.578125,253.67999267578125,54528.62890625,1.1887637376785278,1725.5999755859375,224.72873388533623,32782.1796875,254.6999969482422,56825.828125,1.1902097463607788,1735.300048828125,227.5422977642344,32825.51953125,23785500.0,60258313191,0.0,488.0,29562100.0,391200000.0
2021-03-18,256.05999755859375,57858.921875,1.1982792615890503,1732.199951171875,222.31021118164062,32862.30078125,267.3699951171875,60116.25,1.1990997791290283,1750.300048828125,225.65373016609632,33227.78125,254.72999572753906,54253.578125,1.1910150051116943,1721.800048828125,221.93442734749217,32831.25,261.32000732421875,58893.078125,1.198063850402832,1745.800048828125,224.0831392862076,32928.16015625,24595500.0,55746041000,0.0,138.0,34833000.0,418480000.0
2021-03-19,255.82000732421875,58346.65234375,1.1918240785598755,1741.4000244140625,221.9536895751953,32627.970703125,258.8800048828125,59498.375,1.1937447786331177,1742.199951171875,223.99641032914968,32858.359375,251.30999755859375,56643.703125,1.1874933242797852,1733.5999755859375,220.99013983048442,32505.0703125,257.75,57850.44140625,1.1917673349380493,1742.199951171875,222.59926613983933,32858.359375,17330800.0,49063873786,0.0,13.0,46430700.0,811890000.0
2021-03-20,,58313.64453125,,,,,,60031.28515625,,,,,,58213.296875,,,,,,58332.26171875,,,,,,50361731222,,,,
2021-03-21,,57523.421875,,,,,,58767.8984375,,,,,,56005.6171875,,,,,,58309.9140625,,,,,,51943414539,,,,
2021-03-22,251.22999572753906,54529.14453125,1.1883116960525513,1737.800048828125,227.3881072998047,32731.19921875,257.6700134277344,58471.48046875,1.1937447786331177,1737.800048828125,228.26492638484754,32810.3515625,250.16000366210938,54288.15625,1.1876062154769897,1737.800048828125,221.7513354679177,32512.529296875,255.82000732421875,57517.890625,1.188452959060669,1737.800048828125,221.87660163832476,32601.8203125,15230000.0,56521454974,0.0,51.0,30127000.0,383500000.0
2021-03-23,241.25,54738.9453125,1.193303108215332,1724.699951171875,228.92015075683594,32423.150390625,251.3000030517578,55985.44140625,1.1943150758743286,1724.699951171875,232.26366955659853,32753.76953125,239.42999267578125,53470.6953125,1.186436653137207,1724.699951171875,228.42874567858755,32356.279296875,249.25999450683594,54511.66015625,1.1933317184448242,1724.699951171875,228.83343480819252,32691.5,21358200.0,56435023914,0.0,6.0,31638400.0,385840000.0
2021-03-24,239.24000549316406,52774.265625,1.1840205192565918,1732.9000244140625,226.87744140625,32420.060546875,248.8000030517578,57262.3828125,1.1851149797439575,1732.9000244140625,229.3248514186312,32787.98828125,239.05999755859375,52514.33203125,1.1813349723815918,1727.5,226.7425450229314,32418.150390625,243.75,54710.48828125,1.184118628501892,1727.5,229.18032483029094,32470.880859375,24055100.0,70567223787,0.0,26.0,25620100.0,399390000.0
2021-03-25,247.19000244140625,51704.16015625,1.1813069581985474,1724.9000244140625,223.8711700439453,32619.48046875,247.5800018310547,53392.38671875,1.1830118894577026,1733.199951171875,228.3035052631716,32672.689453125,231.6999969482422,50856.5703125,1.1775233745574951,1724.5,223.12924724060233,32071.41015625,234.33999633789062,52726.74609375,1.1813768148422241,1732.699951171875,226.72328408722728,32346.810546875,27553600.0,67999812841,0.0,15.0,34061900.0,411990000.0
2021-03-26,244.8699951171875,55137.3125,1.1776621341705322,1732.199951171875,227.8602294921875,33072.87890625,250.89999389648438,55137.3125,1.1804006099700928,1732.199951171875,228.08185650959845,33098.828125,240.3000030517578,51579.85546875,1.1772600412368774,1721.300048828125,223.1099365169094,32681.0703125,249.6199951171875,51683.01171875,1.1776067018508911,1721.300048828125,223.1099365169094,32681.0703125,17157100.0,56652197978,0.0,33.0,25479900.0,382170000.0
2021-03-27,,55973.51171875,,,,,,56568.21484375,,,,,,54242.91015625,,,,,,55137.56640625,,,,,,47266542233,,,,
2021-03-28,,55950.74609375,,,,,,56610.3125,,,,,,55071.11328125,,,,,,55974.94140625,,,,,,47686580918,,,,
2021-03-29,250.52000427246094,57750.19921875,1.1788004636764526,1712.0999755859375,226.6654510498047,33171.37109375,254.7100067138672,58342.09765625,1.179356575012207,1712.0999755859375,228.16858632441054,33259.0,248.02999877929688,55139.33984375,1.1761800050735474,1712.0999755859375,223.4279232650373,32905.12890625,251.3000030517578,55947.8984375,1.1787601709365845,1712.0999755859375,227.96623440547395,33087.55078125,22198800.0,57625587027,0.0,135457.0,25227500.0,351610000.0
2021-03-30,252.00999450683594,58917.69140625,1.177100658416748,1683.9000244140625,223.3990020751953,33066.9609375,253.5,59447.22265625,1.1775789260864258,1712.5999755859375,225.32610146009205,33170.9296875,248.91000366210938,57251.55078125,1.1713168621063232,1676.5,222.67633980585904,32988.921875,251.24000549316406,57750.1328125,1.1769136190414429,1711.0,225.01775850125983,33127.87890625,12577300.0,54414116432,0.0,25316.0,24792000.0,307510000.0
2021-03-31,254.72000122070312,58918.83203125,1.1723604202270508,1713.800048828125,227.17611694335938,32981.55078125,257.8800048828125,59930.02734375,1.1758618354797363,1713.800048828125,230.38473920948553,33173.76953125,253.36000061035156,57726.41796875,1.1704530715942383,1676.5,223.91931425170065,32980.5703125,254.6999969482422,58930.27734375,1.172333002090454,1683.699951171875,224.4203642125562,33116.0390625,14138500.0,65520826225,0.0,762.0,43623500.0,414140000.0
2021-04-01,252.9600067138672,59095.80859375,1.1728830337524414,1726.5,233.5162811279297,33153.2109375,257.8800048828125,59586.0703125,1.1775789260864258,1728.800048828125,233.98841108228743,33167.171875,251.30999755859375,58505.27734375,1.1714814901351929,1706.4000244140625,229.37301438067678,32985.3515625,256.6700134277344,58926.5625,1.1728966236114502,1706.800048828125,229.77770349981284,33054.578125,10934500.0,61669163792,0.0,720.0,30338000.0,311880000.0
2021-04-02,,59384.3125,1.177994966506958,,,,,60267.1875,1.1787004470825195,,,,,58869.28125,1.1751433610916138,,,,,59098.87890625,1.177773118019104,,,,,58727860620,0.0,,,
2021-04-03,,57603.890625,,,,,,60110.26953125,,,,,,57603.890625,,,,,,59397.41015625,,,,,,59641344484,,,,
2021-04-04,,58758.5546875,,,,,,58913.74609375,,,,,,57168.67578125,,,,,,57604.83984375,,,,,,50749662970,,,,
2021-04-05,259.3599853515625,59057.87890625,1.176816701889038,1727.0,239.99134826660156,33527.19140625,260.4800109863281,59891.296875,1.1816140413284302,1729.699951171875,240.8489069737812,33617.94921875,256.25,57694.82421875,1.1739431619644165,1721.9000244140625,233.85352623404805,33222.37890625,256.55999755859375,58760.875,1.1766366958618164,1727.9000244140625,233.9113368678305,33222.37890625,13750300.0,60706272115,0.0,275.0,36910600.0,344270000.0
2021-04-06,255.1699981689453,58192.359375,1.1818934679031372,1741.5,238.8254852294922,33430.23828125,259.3500061035156,59479.578125,1.1855363845825195,1744.800048828125,240.3093456462805,33544.7890625,254.66000366210938,57646.80859375,1.1796486377716064,1726.9000244140625,237.8812104188087,33380.4296875,257.2099914550781,59171.93359375,1.181907296180725,1726.9000244140625,238.5845977480093,33500.01953125,11180300.0,66058027988,0.0,890.0,22931900.0,297940000.0
2021-04-07,252.5800018310547,56048.9375,1.1874228715896606,1740.0999755859375,240.79110717773438,33446.26171875,255.89999389648438,58731.14453125,1.1914690732955933,1742.699951171875,241.78356236987554,33521.76171875,250.8300018310547,55604.0234375,1.1865352392196655,1733.699951171875,238.17989525757417,33347.9609375,255.30999755859375,58186.5078125,1.1875497102737427,1742.699951171875,238.7772914734949,33444.98046875,9925700.0,75645303584,0.0,557.0,22719800.0,273440000.0
2021-04-08,254.9499969482422,58323.953125,1.1873664855957031,1756.800048828125,244.01898193359375,33503.5703125,254.9499969482422,58338.73828125,1.1914832592010498,1758.0,244.87654065021187,33506.80078125,249.30999755859375,55879.0859375,1.1861833333969116,1734.5999755859375,242.81454470786034,33342.640625,251.6999969482422,56099.9140625,1.187197208404541,1736.0,243.55648215564094,33469.890625,9899900.0,53053855641,0.0,1298.0,23625200.0,304040000.0
2021-04-09,252.36000061035156,58245.00390625,1.1915684938430786,1743.300048828125,246.52423095703125,33800.6015625,252.83999633789062,58937.046875,1.1923214197158813,1750.800048828125,246.65912734571288,33810.87109375,249.44000244140625,57807.86328125,1.186859130859375,1733.300048828125,243.23852249383873,33526.19140625,250.50999450683594,58326.5625,1.1915684938430786,1750.800048828125,243.6528418652881,33526.19140625,12255900.0,46655208546,0.0,484.0,24326800.0,316410000.0
2021-04-10,,59793.234375,,,,,,61276.6640625,,,,,,58038.70703125,,,,,,58253.77734375,,,,,,58238470525,,,,
2021-04-11,,60204.96484375,,,,,,60790.5546875,,,,,,59289.796875,,,,,,59846.23046875,,,,,,46280252580,,,,
2021-04-12,249.52000427246094,59893.453125,1.1900511980056763,1731.199951171875,246.58203125,33745.3984375,251.5500030517578,61253.03515625,1.1920371055603027,1740.800048828125,248.27788829668532,33786.19140625,246.2899932861328,59589.875,1.1873382329940796,1726.699951171875,245.3390437825906,33665.5390625,250.57000732421875,60175.9453125,1.1896406412124634,1740.800048828125,245.42577443800744,33775.05859375,10383600.0,51828688519,0.0,40.0,27148700.0,327370000.0
2021-04-13,253.27000427246094,63503.45703125,1.1914690732955933,1746.199951171875,249.06796264648438,33677.26953125,254.49000549316406,63742.28515625,1.1953144073486328,1746.9000244140625,249.74245922592584,33741.640625,246.10000610351562,59869.95703125,1.1884304285049438,1722.0999755859375,247.46846655097832,33545.83984375,248.3300018310547,59890.01953125,1.191213607788086,1733.800048828125,247.88281528674034,33721.16015625,15901400.0,69983454362,0.0,367.0,23837500.0,324480000.0
2021-04-14,252.42999267578125,63109.6953125,1.1954143047332764,1734.9000244140625,246.27371215820312,33730.890625,258.3699951171875,64863.09765625,1.198193073272705,1745.9000244140625,249.39560438328456,33911.25,251.27999877929688,61554.796875,1.1951857805252075,1732.699951171875,245.859392763928,33668.94921875,255.32000732421875,63523.75390625,1.1957430839538574,1741.300048828125,248.09483555963993,33668.94921875,12661800.0,77451779687,0.0,1037.0,23070900.0,315330000.0
2021-04-15,251.11000061035156,63314.01171875,1.1986095905303955,1765.4000244140625,250.0411834716797,34035.98828125,254.1199951171875,63821.671875,1.199313998222351,1767.9000244140625,250.4555028456161,34068.73046875,249.42999267578125,62208.96484375,1.1957861185073853,1740.0999755859375,248.33571084081115,33788.53125,253.55999755859375,63075.1953125,1.1982362270355225,1740.0999755859375,248.52840316568023,33788.53125,9479000.0,60954381579,0.0,368.0,25627500.0,319680000.0
2021-04-16,248.17999267578125,61572.7890625,1.1971746683120728,1779.0,251.2359161376953,34200.671875,253.0500030517578,63594.72265625,1.199472188949585,1779.5,251.48644844619477,34256.75,246.22999572753906,60222.53125,1.1950900554656982,1770.0999755859375,248.210385650158,34058.16015625,252.0,63258.50390625,1.197074294090271,1770.4000244140625,250.0122187177182,34058.16015625,14606000.0,84293007468,0.0,625.0,24878600.0,343760000.0
2021-04-17,,60683.8203125,,,,,,62572.17578125,,,,,,60361.3515625,,,,,,61529.921875,,,,,,66138759198,,,,
2021-04-18,,56216.18359375,,,,,,61057.45703125,,,,,,52829.53515625,,,,,,60701.88671875,,,,,,97468872758,,,,
2021-04-19,244.14999389648438,55724.265625,1.1969454288482666,1769.4000244140625,249.30886840820312,34077.62890625,247.0,57520.0546875,1.2048193216323853,1788.5,251.9490148829156,34182.37890625,242.22000122070312,54368.59375,1.1943435668945312,1769.4000244140625,248.42241904999537,33980.55859375,247.0,56191.5859375,1.1968307495117188,1782.0999755859375,250.70602739466509,34182.37890625,9249300.0,65344865159,0.0,144.0,23209300.0,312540000.0
2021-04-20,234.05999755859375,56473.03125,1.204529047012329,1777.300048828125,248.8463897705078,33821.30078125,241.08999633789062,57062.1484375,1.2081671953201294,1777.300048828125,250.71567880262714,34034.1796875,232.33999633789062,53448.046875,1.2028772830963135,1765.5,247.47813606666094,33687.01171875,241.02999877929688,55681.79296875,1.2043839693069458,1769.300048828125,248.42242549073595,34034.1796875,19483600.0,67849323955,0.0,1464.0,19722900.0,350960000.0
2021-04-21,235.9199981689453,53906.08984375,1.2032392024993896,1792.300048828125,251.08175659179688,34137.30859375,236.75999450683594,56757.97265625,1.204529047012329,1794.0999755859375,251.17811743850237,34160.33984375,230.22000122070312,53695.46875,1.2000004053115845,1777.699951171875,247.87314917343832,33773.80078125,232.22000122070312,56471.12890625,1.2032536268234253,1783.0,249.50155044559443,33808.30078125,12847000.0,54926612466,0.0,250.0,24030400.0,290300000.0
2021-04-22,234.3300018310547,51762.2734375,1.2037750482559204,1781.199951171875,247.79608154296875,33815.8984375,239.64999389648438,55410.23046875,1.2070006132125854,1794.199951171875,252.23803140664782,34126.5703125,233.3800048828125,50583.8125,1.2003936767578125,1779.5,246.32183702164951,33717.19140625,235.9600067138672,53857.10546875,1.203818440437317,1794.199951171875,250.72525136767766,34109.87890625,13854400.0,74798630778,0.0,159.0,25606200.0,344470000.0
2021-04-23,238.3800048828125,51093.65234375,1.2014753818511963,1777.0,251.63101196289062,34043.48828125,238.5800018310547,52120.79296875,1.2077994346618652,1794.5,251.9779051644676,34157.5703125,233.11000061035156,47714.6640625,1.2013888359069824,1772.0,247.89243421867644,33713.2890625,233.88999938964844,51739.80859375,1.2017930746078491,1786.0999755859375,248.48021485835787,33804.51953125,11533100.0,86668667320,0.0,332.0,21462600.0,346380000.0
2021-04-24,,50050.8671875,,,,,,51167.5625,,,,,,48805.28515625,,,,,,51143.2265625,,,,,,49014494781,,,,
2021-04-25,,49004.25390625,,,,,,50506.01953125,,,,,,47159.484375,,,,,,50052.83203125,,,,,,46117114240,,,,
2021-04-26,241.44000244140625,54021.75390625,1.2089852094650269,1779.199951171875,252.01641845703125,33981.5703125,244.64999389648438,54288.00390625,1.2118273973464966,1779.699951171875,252.8739918255724,34148.94140625,240.10000610351562,48852.796875,1.2063744068145752,1770.800048828125,250.68674453877372,33941.37109375,240.24000549316406,49077.79296875,1.208956003189087,1778.0,252.12242421733816,34044.23046875,10599600.0,58284039825,0.0,549.0,19763300.0,279300000.0
2021-04-27,242.47000122070312,55033.1171875,1.2081671953201294,1778.0,252.42108154296875,33984.9296875,243.49000549316406,55416.96484375,1.209189772605896,1782.0,253.59661319231276,34043.98046875,239.41000366210938,53319.1875,1.2057925462722778,1777.699951171875,250.63850896086194,33870.4609375,241.8800048828125,54030.3046875,1.2079205513000488,1780.0,252.04528309689684,33932.12890625,10583300.0,49448222757,0.0,117.0,31014200.0,289030000.0
2021-04-28,235.4600067138672,54824.703125,1.2090305089950562,1773.199951171875,245.28121948242188,33820.37890625,239.64999389648438,56227.20703125,1.2102141380310059,1774.0,247.18905855365446,33946.6015625,232.85000610351562,53887.91796875,1.205763578414917,1764.5999755859375,243.72990381278854,33805.55859375,239.0,55036.63671875,1.2088537216186523,1768.199951171875,246.7458045014703,33860.4609375,19054100.0,48000572955,0.0,756.0,46903100.0,335820000.0
2021-04-29,235.94000244140625,53555.109375,1.213592290878296,1768.0999755859375,243.3059539794922,34060.359375,237.67999267578125,55115.84375,1.215214490890503,1789.0,246.76510892515492,34087.2109375,231.8000030517578,52418.02734375,1.2104192972183228,1758.5999755859375,239.92389948451506,33744.28125,237.0,54858.08984375,1.2135775089263916,1781.0,246.14843764309805,33855.640625,12296100.0,46088929780,0.0,196.0,40589000.0,408450000.0
2021-04-30,234.30999755859375,57750.17578125,1.2127091884613037,1767.300048828125,242.9879608154297,33874.8515625,236.77000427246094,57900.71875,1.2128562927246094,1771.800048828125,243.855164383146,33988.75,232.6999969482422,53129.6015625,1.2024723291397095,1763.9000244140625,240.50201548140788,33784.9609375,233.67999267578125,53568.6640625,1.2124886512756348,1771.800048828125,240.63691185381683,33988.75,10380400.0,52395931985,0.0,18.0,30945100.0,374890000.0
2021-05-01,,57828.05078125,,,,,,58448.33984375,,,,,,57052.2734375,,,,,,57714.6640625,,,,,,42836427360,,,,
2021-05-02,,56631.078125,,,,,,57902.59375,,,,,,56141.90625,,,,,,57825.86328125,,,,,,38177405335,,,,
2021-05-03,235.19000244140625,57200.29296875,1.2027760744094849,1791.4000244140625,242.67967224121094,34113.23046875,237.10000610351562,58973.30859375,1.2077994346618652,1793.0,245.07891672423915,34221.05859375,233.80999755859375,56590.87109375,1.201489806175232,1788.5,241.96664004037495,33904.890625,234.11000061035156,56620.2734375,1.2026457786560059,1788.5,244.16353258039422,33904.890625,9887800.0,51713139031,0.0,18.0,19626600.0,289770000.0
2021-05-04,233.6300048828125,53333.5390625,1.2061271667480469,1775.800048828125,238.7580108642578,34133.03125,236.64999389648438,57214.1796875,1.2063002586364746,1788.5,242.0533642895755,34147.78125,225.64999389648438,53191.42578125,1.2000048160552979,1774.800048828125,236.80200584495051,33765.6796875,235.75,57214.1796875,1.2059816122055054,1788.199951171875,241.82210703263627,34080.19921875,17807200.0,68564706967,0.0,182.0,32756100.0,407860000.0
2021-05-05,228.17999267578125,57424.0078125,1.2015043497085571,1784.0999755859375,237.48606872558594,34230.33984375,233.49000549316406,57911.36328125,1.2029350996017456,1784.0999755859375,240.40562280833282,34331.19921875,227.55999755859375,52969.0546875,1.198724627494812,1779.199951171875,236.8597673728567,34039.66015625,232.4499969482422,53252.1640625,1.2016342878341675,1781.5,239.98165863613463,34163.98828125,14913500.0,69241316747,0.0,57.0,21901300.0,253180000.0
2021-05-06,229.80999755859375,56396.515625,1.2007973194122314,1815.5,240.6272430419922,34548.53125,231.1699981689453,58363.31640625,1.2070006132125854,1815.5,240.7525091977138,34561.2890625,226.5500030517578,55382.5078125,1.1994003057479858,1787.5999755859375,235.77095941511286,34185.05859375,229.3000030517578,57441.30859375,1.2009127140045166,1788.9000244140625,237.46680145729601,34245.109375,11857100.0,69523285106,0.0,13.0,26491100.0,315430000.0
2021-05-07,235.47000122070312,57356.40234375,1.2068549394607544,1831.0999755859375,243.2577667236328,34777.76171875,235.91000366210938,58606.6328125,1.2165449857711792,1842.9000244140625,245.0306946648185,34811.390625,227.99000549316406,55321.84765625,1.205342173576355,1831.0999755859375,242.01477936188505,34464.30859375,229.8000030517578,56413.953125,1.2065927982330322,1842.9000244140625,242.95905396277277,34578.26953125,12823000.0,68434023376,0.0,2.0,27032900.0,303400000.0
2021-05-08,,58803.77734375,,,,,,59464.61328125,,,,,,56975.2109375,,,,,,57352.765625,,,,,,65382980634,,,,
2021-05-09,,58232.31640625,,,,,,59210.8828125,,,,,,56482.00390625,,,,,,58877.390625,,,,,,65906690347,,,,
2021-05-10,232.92999267578125,55859.796875,1.2171076536178589,1837.5,238.1702423095703,34742.8203125,241.10000610351562,59519.35546875,1.217730164527893,1845.5999755859375,242.55439702053783,35091.55859375,232.5,54071.45703125,1.2137395143508911,1835.4000244140625,238.1124316716074,34741.5703125,236.83999633789062,58250.87109375,1.2167521715164185,1835.5999755859375,241.72574357032727,34785.26953125,14813900.0,71776546298,0.0,13.0,29299900.0,361620000.0
2021-05-11,228.8800048828125,56704.57421875,1.2140932083129883,1835.9000244140625,237.25485229492188,34269.16015625,230.1300048828125,56872.54296875,1.2179675102233887,1838.0999755859375,237.61137570239922,34572.73828125,223.85000610351562,54608.65234375,1.2125474214553833,1831.5999755859375,233.7282713620621,34075.30859375,226.55999755859375,55847.2421875,1.214211106300354,1837.199951171875,235.63609576214722,34572.73828125,16273200.0,61308396325,0.0,420.0,33641600.0,413180000.0
2021-05-12,220.77999877929688,49150.53515625,1.2144500017166138,1822.5999755859375,230.28839111328125,33587.66015625,229.74000549316406,57939.36328125,1.2150667905807495,1825.199951171875,235.4722934925469,34207.87109375,220.6300048828125,49150.53515625,1.2068113088607788,1821.699951171875,229.3922968996712,33555.21875,227.25,56714.53125,1.214550256729126,1825.199951171875,233.34284206791918,34206.3984375,14931200.0,75215403907,0.0,3.0,36684400.0,381350000.0
2021-05-13,222.63999938964844,49716.19140625,1.2078505754470825,1823.800048828125,234.1715087890625,34021.44921875,229.27000427246094,51330.84375,1.2106537818908691,1826.800048828125,236.6478388542154,34181.76953125,219.07000732421875,46980.01953125,1.205312967300415,1814.0999755859375,232.62019300923683,33623.48828125,223.0,49735.43359375,1.2076857089996338,1814.699951171875,232.9863466413085,33624.73828125,16503400.0,96721152926,0.0,100.0,29624300.0,350820000.0
2021-05-14,228.47000122070312,49880.53515625,1.207729458808899,1837.9000244140625,239.10488891601562,34382.12890625,228.80999755859375,51438.1171875,1.2147716283798218,1842.9000244140625,240.09734408331312,34454.05078125,224.35000610351562,48868.578125,1.2071462869644165,1824.5,236.54185749414458,34050.859375,225.99000549316406,49682.98046875,1.2080212831497192,1824.5,236.6285734518454,34050.859375,10162400.0,55737497453,0.0,41.0,23901100.0,303230000.0
2021-05-15,,46760.1875,,,,,,50639.6640625,,,,,,46664.140625,,,,,,49855.49609375,,,,,,59161047474,,,,
2021-05-16,,46456.05859375,,,,,,49720.04296875,,,,,,43963.3515625,,,,,,46716.63671875,,,,,,64047871555,,,,
2021-05-17,227.97999572753906,43537.51171875,1.2150373458862305,1867.5,236.2431182861328,34327.7890625,228.25999450683594,46623.55859375,1.2169995307922363,1867.5,237.60172694867597,34383.83984375,223.5800018310547,42207.2890625,1.2127532958984375,1847.199951171875,234.64363689109996,34176.6484375,226.24000549316406,46415.8984375,1.2147568464279175,1849.9000244140625,237.56319142820627,34375.2890625,9559300.0,74903638450,0.0,13.0,24970200.0,291910000.0
2021-05-18,227.5500030517578,42909.40234375,1.2156872749328613,1867.800048828125,234.21969604492188,34060.66015625,232.27000427246094,45812.45703125,1.2232415676116943,1870.5,237.4283187651107,34408.98828125,226.42999267578125,42367.83203125,1.2154065370559692,1867.800048828125,234.04624942898002,34044.1015625,227.25,43488.05859375,1.215524673461914,1870.5,237.29342237609092,34351.1796875,10081100.0,56187365084,0.0,3.0,20168000.0,289590000.0
2021-05-19,224.4199981689453,37002.44140625,1.2223997116088867,1881.300048828125,234.7991180419922,33896.0390625,225.1199951171875,43546.1171875,1.2247997522354126,1884.9000244140625,234.9053538383617,33945.80859375,220.27999877929688,30681.49609375,1.2191851139068604,1863.5999755859375,230.4338274230199,33473.80078125,223.17999267578125,42944.9765625,1.2226433753967285,1866.4000244140625,231.11951914240865,33945.80859375,13162700.0,126358098747,0.0,348.0,25739800.0,348480000.0
2021-05-20,227.64999389648438,40782.73828125,1.217285394668579,1881.800048828125,238.04415893554688,34084.1484375,228.44000244140625,42462.984375,1.2229005098342896,1885.0,239.46384901296523,34233.3984375,223.77000427246094,35050.6171875,1.2170928716659546,1864.800048828125,235.51383377773752,33872.41015625,225.1300048828125,36753.66796875,1.217285394668579,1865.5,235.61041714844688,33906.30078125,9218900.0,88281943359,0.0,85.0,21800700.0,320150000.0
2021-05-21,234.82000732421875,37304.69140625,1.222538709640503,1876.699951171875,236.77896118164062,34207.83984375,236.3000030517578,42172.171875,1.2242000102996826,1876.699951171875,239.83081250942357,34415.48046875,231.38999938964844,33616.453125,1.2173744440078735,1872.0999755859375,236.36368516969955,34121.91015625,232.89999389648438,40596.94921875,1.2227928638458252,1872.0999755859375,239.09682910535156,34121.91015625,16579000.0,82051616861,0.0,5.0,21863100.0,306360000.0
2021-05-22,,37536.6328125,,,,,,38831.0546875,,,,,,35383.68359375,,,,,,37371.03125,,,,,,57377273240,,,,
2021-05-23,,34770.58203125,,,,,,38289.21875,,,,,,31227.33984375,,,,,,37531.44921875,,,,,,78469274361,,,,
2021-05-24,237.44000244140625,38705.98046875,1.2183235883712769,1884.5999755859375,242.19699096679688,34393.98046875,238.5,39835.140625,1.2229423522949219,1884.5999755859375,242.56399008801017,34472.51171875,232.60000610351562,34551.08203125,1.217581868171692,1882.0999755859375,239.0389034036192,34253.87109375,235.13999938964844,34700.36328125,1.2181158065795898,1882.0999755859375,239.30931915507537,34253.87109375,10106000.0,67359584098,0.0,39.0,21411500.0,251010000.0
2021-05-25,240.74000549316406,38402.22265625,1.2214635610580444,1898.0999755859375,243.1048126220703,34312.4609375,243.77999877929688,39776.3515625,1.2267003059387207,1898.0999755859375,244.09955940034632,34511.3515625,239.22999572753906,36581.4296875,1.2212398052215576,1882.5,242.23562127253584,34266.03125,240.0,38795.78125,1.2214486598968506,1882.5,243.15310430516726,34428.66015625,12908000.0,56211915803,0.0,56.0,17704300.0,285760000.0
2021-05-26,241.3699951171875,39294.19921875,1.2249093055725098,1901.300048828125,242.88270568847656,34323.05078125,242.49000549316406,40782.078125,1.2265002727508545,1901.300048828125,244.28307617770727,34409.58984375,239.8699951171875,37905.8359375,1.2200031280517578,1901.300048828125,242.16802704328916,34271.44140625,241.6999969482422,38392.625,1.2248897552490234,1901.300048828125,242.82474682274213,34336.33984375,7240200.0,51346735160,0.0,170526.0,17771600.0,258780000.0
2021-05-27,250.6999969482422,38436.96875,1.21925950050354,1895.699951171875,240.77728271484375,34464.640625,252.60000610351562,40379.6171875,1.2216993570327759,1903.9000244140625,242.87301199859237,34608.8203125,247.19000244140625,37247.90234375,1.2175670862197876,1888.199951171875,240.7193385919879,34389.23828125,248.11000061035156,39316.890625,1.2190364599227905,1896.800048828125,242.57362420613572,34432.46875,18404400.0,43210968721,0.0,35794.0,24426200.0,520630000.0
2021-05-28,247.02000427246094,35697.60546875,1.2193188667297363,1902.5,241.13461303710938,34529.44921875,248.97999572753906,38856.96875,1.2201074361801147,1905.4000244140625,243.45248109189532,34631.109375,245.3699951171875,34779.0390625,1.2133419513702393,1881.9000244140625,241.01872479216328,34520.08984375,247.47999572753906,38507.08203125,1.2192742824554443,1897.5,242.40944267772443,34558.5,11197400.0,55200191952,0.0,2415.0,18270200.0,290850000.0
2021-05-29,,34616.06640625,,,,,,37234.5,,,,,,33693.9296875,,,,,,35684.15625,,,,,,45231013335,,,,
2021-05-30,,35678.12890625,,,,,,36400.66796875,,,,,,33520.73828125,,,,,,34607.40625,,,,,,31646080921,,,,
