Date,BA,BTC-USD,EURUSD=X,GC=F,MSFT,^DJI
2014-10-01,108.40665435791016,383.614990234375,1.262833595275879,1214.5999755859375,38.880157470703125,16804.7109375
2014-10-02,107.97189331054688,375.0719909667969,1.2624191045761108,1214.199951171875,38.761566162109375,16801.05078125
2014-10-03,109.87620544433594,359.5119934082031,1.2670577764511108,1192.199951171875,39.04109573364258,17009.689453125
2014-10-04,,328.8659973144531,,,,
2014-10-05,,320.510009765625,,,,
2014-10-06,109.78924560546876,330.0790100097656,1.2513607740402222,1206.699951171875,39.04109573364258,16991.91015625
2014-10-07,107.23277282714844,336.18701171875,1.264606237411499,1211.699951171875,38.56675720214844,16719.390625
2014-10-08,108.67623138427734,352.94000244140625,1.266800880432129,1205.300048828125,39.625579833984375,16994.220703125
2014-10-09,106.74583435058594,365.0260009765625,1.2743074893951416,1224.5999755859375,38.83781051635742,16659.25
2014-10-10,105.65018463134766,361.56201171875,1.2689067125320437,1221.0,37.2961540222168,16544.099609375
2014-10-11,,362.2990112304688,,,,
2014-10-12,,378.5490112304688,,,,
2014-10-13,104.73717498779295,390.41400146484375,1.263982892036438,1229.300048828125,36.97427749633789,16321.0703125
2014-10-14,106.3371353149414,400.8699951171875,1.272394061088562,1233.5999755859375,37.04205322265625,16315.1904296875
2014-10-15,104.5110855102539,394.7730102539063,1.2639029026031494,1244.0999755859375,36.61003494262695,16141.740234375
2014-10-16,104.59803771972656,382.5559997558594,1.2821663618087769,1240.5,36.20344543457031,16117.240234375
2014-10-17,107.1632308959961,383.7579956054688,1.280442476272583,1238.300048828125,36.957332611083984,16380.41015625
2014-10-18,,391.4419860839844,,,,
2014-10-19,,389.5459899902344,,,,
2014-10-20,108.09362030029295,382.8450012207031,1.274957299232483,1244.0,37.33851623535156,16399.669921875
2014-10-21,110.5370635986328,386.4750061035156,1.2795250415802002,1251.0,38.01617050170898,16614.810546875
2014-10-22,105.6067123413086,383.1579895019531,1.2714719772338867,1244.800048828125,37.59262847900391,16461.3203125
2014-10-23,106.11106872558594,358.4169921875,1.2641425132751465,1228.5,38.13473892211914,16677.900390625
2014-10-24,106.2936553955078,358.3450012207031,1.2654062509536743,1231.199951171875,39.07499694824219,16805.41015625
2014-10-25,,347.27099609375,,,,
2014-10-26,,354.7040100097656,,,,
2014-10-27,106.18931579589844,352.989013671875,1.2676681280136108,1229.0999755859375,38.88863754272461,16817.939453125
2014-10-28,107.48495483398438,357.6180114746094,1.270147681236267,1229.199951171875,39.37993240356445,17005.75
2014-10-29,107.02408599853516,335.59100341796875,1.273836612701416,1224.300048828125,39.49005508422852,16974.310546875
2014-10-30,107.66755676269533,345.30499267578125,1.2632802724838257,1198.0999755859375,39.00722885131836,17195.419921875
2014-10-31,108.6153793334961,338.3210144042969,1.2613362073898315,1171.0999755859375,39.76957702636719,17390.51953125
2014-11-01,,325.7489929199219,,,,
2014-11-02,,325.8919982910156,,,,
2014-11-03,109.58924865722656,327.5539855957031,1.250312566757202,1169.4000244140625,40.18463134765625,17366.240234375
2014-11-04,109.42404174804688,330.49200439453125,1.2495938539505005,1167.4000244140625,40.29475784301758,17383.83984375
2014-11-05,108.6456298828125,339.4859924316406,1.255256414413452,1145.4000244140625,40.5404052734375,17484.529296875
2014-11-06,108.96050262451172,349.2900085449219,1.2480031251907349,1142.300048828125,41.25193405151367,17554.470703125
2014-11-07,108.8468017578125,342.4150085449219,1.238006830215454,1169.5999755859375,41.2349967956543,17573.9296875
2014-11-08,,345.4880065917969,,,,
2014-11-09,,363.2640075683594,,,,
2014-11-10,109.0129623413086,366.9240112304688,1.246137022972107,1159.5999755859375,41.412879943847656,17613.740234375
2014-11-11,109.6427001953125,367.6950073242188,1.242992639541626,1162.800048828125,41.39592361450195,17614.900390625
2014-11-12,110.08875274658205,423.5610046386719,1.2475829124450684,1158.9000244140625,41.31969833374024,17612.19921875
2014-11-13,112.4152374267578,420.7349853515625,1.242992639541626,1161.0999755859375,42.02276611328125,17652.7890625
2014-11-14,112.70387268066406,397.8179931640625,1.2475982904434204,1185.0,41.997344970703125,17634.740234375
2014-11-15,,376.1329956054688,,,,
2014-11-16,,387.8819885253906,,,,
2014-11-17,112.31903839111328,387.4079895019531,1.251846432685852,1183.0,41.89569854736328,17647.75
2014-11-18,114.27820587158205,375.197998046875,1.2448959350585938,1196.699951171875,41.54622650146485,17687.8203125
2014-11-19,115.10911560058594,380.5549926757813,1.253337025642395,1193.5999755859375,41.10297393798828,17685.73046875
2014-11-20,115.18779754638672,357.8399963378906,1.2540757656097412,1190.699951171875,41.51212692260742,17719.0
2014-11-21,116.13240814208984,350.8479919433594,1.2545005083084106,1197.5,40.89839172363281,17810.060546875
2014-11-22,,352.9200134277344,,,,
2014-11-23,,367.572998046875,,,,
2014-11-24,117.73297882080078,376.9010009765625,1.2375012636184692,1195.5,40.5659408569336,17817.900390625
2014-11-25,117.90789794921876,375.3479919433594,1.2433171272277832,1197.0999755859375,40.463661193847656,17814.939453125
2014-11-26,117.88162231445312,368.3699951171875,1.24806547164917,1196.5999755859375,40.70233917236328,17827.75
2014-11-27,,369.6700134277344,1.2505940198898315,,,
2014-11-28,117.51427459716795,376.4469909667969,1.246199131011963,1175.199951171875,40.75349426269531,17828.240234375
2014-11-29,,375.4909973144531,,,,
2014-11-30,,378.0469970703125,,,,
2014-12-01,115.79129791259766,379.2449951171875,1.2438275814056396,1218.0,41.44392013549805,17776.80078125
2014-12-02,115.695068359375,381.3150024414063,1.247007131576538,1199.199951171875,41.30753326416016,17879.55078125
2014-12-03,115.42394256591795,375.010009765625,1.2388503551483154,1208.5,40.9836311340332,17912.619140625
2014-12-04,114.85543823242188,369.60400390625,1.231663703918457,1207.5,41.631465911865234,17900.099609375
2014-12-05,115.63387298583984,376.85400390625,1.2386661767959597,1190.0999755859375,41.27344131469727,17958.7890625
2014-12-06,,374.7850036621094,,,,
2014-12-07,,375.0950012207031,,,,
2014-12-08,113.94583892822266,361.9089965820313,1.2294074296951294,1194.699951171875,40.65971374511719,17852.48046875
2014-12-09,113.40357971191406,352.218994140625,1.2315119504928589,1231.5,40.5659408569336,17801.19921875
2014-12-10,109.0129623413086,346.364990234375,1.2394952774047852,1228.9000244140625,39.9777946472168,17533.150390625
2014-12-11,107.9021987915039,350.5060119628906,1.2473959922790527,1225.0999755859375,40.20793151855469,17596.33984375
2014-12-12,105.62818145751952,352.5419921875,1.2394952774047852,1222.0,40.02041244506836,17280.830078125
2014-12-13,,347.3760070800781,,,,
2014-12-14,,351.6319885253906,,,,
2014-12-15,106.77392578125,345.3450012207031,1.2463544607162476,1207.199951171875,39.78174591064453,17180.83984375
2014-12-16,108.67185974121094,327.06201171875,1.2443537712097168,1193.9000244140625,38.49460220336914,17068.869140625
2014-12-17,109.38031005859376,319.7760009765625,1.2512043714523315,1194.300048828125,38.98900985717773,17356.869140625
2014-12-18,109.91382598876952,311.39599609375,1.233897686004639,1194.699951171875,40.506290435791016,17778.150390625
2014-12-19,110.40364074707033,317.8429870605469,1.229044795036316,1195.9000244140625,40.62562561035156,17804.80078125
2014-12-20,,329.9559936523437,,,,
2014-12-21,,320.8429870605469,,,,
2014-12-22,112.14410400390624,331.885986328125,1.2225985527038574,1179.699951171875,40.89839172363281,17959.439453125
2014-12-23,113.7271728515625,334.5719909667969,1.2223743200302124,1177.9000244140625,41.29901885986328,18024.169921875
2014-12-24,114.78548431396484,322.53399658203125,1.217492938041687,1173.5,41.03478240966797,18030.2109375
2014-12-25,,319.00799560546875,1.2198543548583984,,,
2014-12-26,115.1265869140625,327.92401123046875,1.2210012674331665,1195.300048828125,40.81314468383789,18053.7109375
2014-12-27,,315.8630065917969,,,,
2014-12-28,,317.239013671875,,,,
2014-12-29,115.70384216308594,312.6700134277344,1.216944694519043,1181.699951171875,40.446624755859375,18038.23046875
2014-12-30,115.30149841308594,310.73699951171875,1.215347409248352,1200.199951171875,40.08008575439453,17983.0703125
2014-12-31,113.68345642089844,320.1929931640625,1.2162047624588013,1183.9000244140625,39.59420776367188,17823.0703125
2015-01-01,,314.2489929199219,1.2098628282546997,,,
2015-01-02,113.65721893310548,315.0320129394531,1.2089413404464722,1186.0,39.85845184326172,17832.990234375
2015-01-03,,281.0820007324219,,,,
2015-01-04,,264.19500732421875,,,,
2015-01-05,112.87005615234376,274.4739990234375,1.194643259048462,1203.9000244140625,39.49191665649414,17501.650390625
2015-01-06,111.54061889648438,286.1889953613281,1.193901538848877,1219.300048828125,38.91228485107422,17371.640625
2015-01-07,113.27239227294922,294.3370056152344,1.1875356435775757,1210.5999755859375,39.40668487548828,17584.51953125
2015-01-08,115.27525329589844,283.3489990234375,1.1836000680923462,1208.4000244140625,40.5659408569336,17907.869140625
2015-01-09,115.0478515625,290.4079895019531,1.1796069145202637,1216.0,40.22498321533203,17737.369140625
2015-01-10,,274.7959899902344,,,,
2015-01-11,,265.6600036621094,,,,
2015-01-12,114.46186065673828,267.7959899902344,1.187070369720459,1232.699951171875,39.72206115722656,17640.83984375
2015-01-13,114.72425079345705,225.86099243164065,1.1831519603729248,1234.300048828125,39.51750183105469,17613.6796875
2015-01-14,114.03329467773438,178.10299682617188,1.1778285503387451,1234.4000244140625,39.17652130126953,17427.08984375
2015-01-15,113.82339477539062,209.843994140625,1.178592085838318,1264.699951171875,38.767372131347656,17320.7109375
2015-01-16,114.3831558227539,208.0970001220703,1.1637378931045532,1276.9000244140625,39.41520690917969,17511.5703125
2015-01-17,,199.25999450683597,,,,
2015-01-18,,210.3390045166016,,,,
2015-01-19,,214.86099243164065,1.1566041707992554,,,
2015-01-20,114.76799774169922,211.31500244140625,1.1597968339920044,1294.199951171875,39.54307174682617,17515.23046875
2015-01-21,115.80877685546876,226.89700317382807,1.154694437980652,1293.699951171875,39.14244079589844,17554.279296875
2015-01-22,118.63381958007812,233.406005859375,1.161534547805786,1300.699951171875,40.17384719848633,17813.98046875
2015-01-23,117.74168395996094,232.8789978027344,1.1346745491027832,1292.5999755859375,40.21646499633789,17672.599609375
2015-01-24,,247.8470001220703,,,,
2015-01-25,,253.71800231933597,,,,
2015-01-26,117.26068878173828,273.4729919433594,1.1125450134277344,1279.4000244140625,40.071556091308594,17678.69921875
2015-01-27,115.87001037597656,263.4750061035156,1.1247708797454834,1291.699951171875,36.36359024047852,17387.2109375
2015-01-28,122.13229370117188,233.9149932861328,1.1367381811141968,1285.9000244140625,35.110565185546875,17191.369140625
2015-01-29,129.25173950195312,233.51300048828125,1.1281461715698242,1254.5999755859375,35.80952835083008,17416.849609375
2015-01-30,127.14388275146484,226.4250030517578,1.13355553150177,1278.5,34.43715286254883,17164.94921875
2015-01-31,,217.4640045166016,,,,
2015-02-01,,226.9720001220703,,,,
2015-02-02,127.92228698730467,238.22900390625,1.1309019327163696,1276.199951171875,35.18727493286133,17361.0390625
2015-02-03,128.86692810058594,227.26800537109372,1.1341726779937744,1259.699951171875,35.46004104614258,17666.400390625
2015-02-04,128.7619171142578,226.85299682617188,1.145737886428833,1263.800048828125,35.66462326049805,17673.01953125
2015-02-05,129.96890258789062,217.11099243164065,1.131874680519104,1262.0,36.18458938598633,17884.880859375
2015-02-06,129.4441375732422,222.26600646972656,1.147196888923645,1233.9000244140625,36.150489807128906,17824.2890625
2015-02-07,,227.7539978027344,,,,
2015-02-08,,223.41200256347656,,,,
2015-02-09,129.0767822265625,220.1100006103516,1.1314393281936646,1240.800048828125,36.10787963867188,17729.2109375
2015-02-10,129.47915649414062,219.8390045166016,1.1326953172683716,1231.5999755859375,36.31245803833008,17868.759765625
2015-02-11,130.17434692382812,219.18499755859372,1.1321951150894165,1219.0,36.12491989135742,17862.140625
2015-02-12,130.32395935058594,221.76400756835935,1.131196141242981,1220.0999755859375,36.73013305664063,17972.380859375
2015-02-13,131.7672119140625,235.427001953125,1.140393853187561,1226.5,37.394996643066406,18019.349609375
2015-02-14,,257.3210144042969,,,,
2015-02-15,,234.8249969482422,,,,
2015-02-16,,233.84300231933597,1.1400039196014404,,,
2015-02-17,131.93441772460938,243.6100006103516,1.1334012746810913,1208.0999755859375,37.41217803955078,18047.580078125
2015-02-18,133.0344696044922,236.3260040283203,1.1404719352722168,1199.699951171875,37.36925506591797,18029.849609375
2015-02-19,135.304931640625,240.2830047607422,1.1400039196014404,1207.0999755859375,37.343482971191406,17985.76953125
2015-02-20,139.31787109375,243.7790069580078,1.1366735696792605,1204.4000244140625,37.65254974365234,18140.439453125
2015-02-21,,244.53399658203125,,,,
2015-02-22,,235.9770050048828,,,,
2015-02-23,136.17617797851562,238.8919982910156,1.1381484270095823,1200.300048828125,37.90150833129883,18116.83984375
2015-02-24,135.859375,238.7350006103516,1.1332985162734983,1196.9000244140625,37.84999465942383,18209.189453125
2015-02-25,134.6537322998047,237.47000122070312,1.1339025497436523,1201.0,37.7641487121582,18224.5703125
2015-02-26,133.52728271484375,236.42599487304688,1.1363636255264282,1209.5999755859375,37.8242416381836,18214.419921875
2015-02-27,132.7528533935547,253.8280029296875,1.1205360889434814,1212.5999755859375,37.64396667480469,18132.69921875
2015-02-28,,254.26300048828125,,,,
2015-03-01,,260.2019958496094,,,,
2015-03-02,135.34898376464844,275.6700134277344,1.1161960363388062,1207.699951171875,37.669708251953125,18288.630859375
2015-03-03,136.90658569335938,281.7019958496094,1.1179054975509644,1204.0,37.154632568359375,18203.369140625
2015-03-04,135.83297729492188,273.0920104980469,1.118217945098877,1200.5999755859375,36.965763092041016,18096.900390625
2015-03-05,135.93856811523438,276.1780090332031,1.1082050800323486,1195.9000244140625,37.0086784362793,18135.720703125
2015-03-06,134.7505340576172,272.7229919433594,1.1032048463821411,1164.0999755859375,36.364845275878906,17856.779296875
2015-03-07,,276.260986328125,,,,
2015-03-08,,274.35400390625,,,,
2015-03-09,136.18496704101562,289.60699462890625,1.0845986604690552,1166.4000244140625,36.78549575805664,17995.720703125
2015-03-10,134.13449096679688,291.760009765625,1.0833414793014526,1160.0999755859375,36.08153533935547,17662.939453125
2015-03-11,133.0344696044922,296.3789978027344,1.0708701610565186,1150.699951171875,36.03861999511719,17635.390625
2015-03-12,133.8000946044922,294.35400390625,1.0548745393753052,1152.0999755859375,35.214481353759766,17895.220703125
2015-03-13,133.38648986816406,285.3370056152344,1.0626314878463743,1152.5999755859375,35.52353286743164,17749.310546875
2015-03-14,,281.885009765625,,,,
2015-03-15,,286.3930053710937,,,,
2015-03-16,135.2345428466797,290.5929870605469,1.0481630563735962,1153.300048828125,35.67805480957031,17977.419921875
2015-03-17,135.9737548828125,285.5050048828125,1.0572947263717651,1148.300048828125,35.79824447631836,17849.080078125
2015-03-18,137.0474090576172,256.29901123046875,1.0598047971725464,1151.4000244140625,36.48502349853516,18076.189453125
2015-03-19,135.6217498779297,260.9280090332031,1.0849988460540771,1169.0999755859375,36.30475234985352,17959.029296875
2015-03-20,135.9649658203125,261.7489929199219,1.066894292831421,1184.800048828125,36.81124496459961,18127.650390625
2015-03-21,,260.0249938964844,,,,
2015-03-22,,267.9599914550781,,,,
2015-03-23,134.4777069091797,266.739990234375,1.0826611518859863,1188.0,36.7940788269043,18116.0390625
2015-03-24,133.4568634033203,245.59500122070312,1.094499111175537,1191.699951171875,36.828407287597656,18011.140625
2015-03-25,130.4471435546875,246.19700622558597,1.0902034044265747,1197.300048828125,35.59221267700195,17718.5390625
2015-03-26,130.39437866210938,248.5319976806641,1.0960465669631958,1205.0999755859375,35.37760162353516,17678.23046875
2015-03-27,130.99282836914062,247.0290069580078,1.0886367559432983,1199.800048828125,35.17156982421875,17712.66015625
2015-03-28,,252.79800415039065,,,,
2015-03-29,,242.71299743652344,,,,
2015-03-30,134.38092041015625,247.5260009765625,1.0884946584701538,1184.800048828125,35.16297912597656,17976.310546875
2015-03-31,132.0752410888672,244.2239990234375,1.0830246210098269,1183.0999755859375,34.90543746948242,17776.119140625
2015-04-01,130.80795288085938,247.27200317382807,1.073814034461975,1208.0999755859375,34.95694351196289,17698.1796875
2015-04-02,131.3711700439453,253.0050048828125,1.0769942998886108,1200.9000244140625,34.58781051635742,17763.240234375
2015-04-03,,254.32200622558597,1.087074637413025,,,
2015-04-04,,253.69700622558597,,,,
2015-04-05,,260.5979919433594,,,,
2015-04-06,132.8232421875,255.49200439453125,1.100134253501892,1218.5999755859375,35.66948318481445,17880.849609375
2015-04-07,134.0465087890625,253.17999267578125,1.0934817790985107,1210.5999755859375,35.652305603027344,17875.419921875
2015-04-08,134.9617156982422,245.02200317382807,1.0824151039123535,1203.0999755859375,35.5578727722168,17902.509765625
2015-04-09,135.0145263671875,243.67599487304688,1.078527569770813,1193.5999755859375,35.609378814697266,17958.73046875
2015-04-10,135.859375,236.07200622558597,1.0669056177139282,1204.5999755859375,35.81541442871094,18057.650390625
2015-04-11,,236.552001953125,,,,
2015-04-12,,236.1529998779297,,,,
2015-04-13,134.8561553955078,224.5870056152344,1.060985445976257,1199.300048828125,35.8497428894043,17977.0390625
2015-04-14,134.82974243164062,219.15899658203125,1.0572947263717651,1192.800048828125,35.755332946777344,18036.69921875
2015-04-15,134.14332580566406,223.8329925537109,1.0647132396697998,1201.5,36.27899932861328,18112.609375
2015-04-16,133.7384490966797,228.572998046875,1.0676802396774292,1198.0,36.193145751953125,18105.76953125
2015-04-17,131.65281677246094,222.8820037841797,1.0755579471588137,1202.9000244140625,35.72956466674805,17826.30078125
2015-04-18,,223.3560028076172,,,,
2015-04-19,,222.6000061035156,,,,
2015-04-20,134.3544921875,224.62600708007807,1.0810226202011108,1193.5,36.83699035644531,18034.9296875
2015-04-21,134.935302734375,235.2689971923828,1.0747487545013428,1202.9000244140625,36.60520935058594,17949.58984375
2015-04-22,133.05209350585938,234.17599487304688,1.074171543121338,1186.9000244140625,36.90567779541016,18038.26953125
2015-04-23,131.8904571533203,236.4620056152344,1.0725815296173096,1194.4000244140625,37.20613861083984,18058.689453125
2015-04-24,130.59678649902344,231.26800537109372,1.0815019607543943,1175.199951171875,41.09502029418945,18080.140625
2015-04-25,,226.38999938964844,,,,
2015-04-26,,219.42999267578125,,,,
2015-04-27,130.0687713623047,229.28599548339844,1.086897373199463,1203.300048828125,41.23236846923828,18037.970703125
2015-04-28,129.81350708007812,225.85499572753903,1.087795972824097,1214.0,42.20243835449219,18110.140625
2015-04-29,128.61671447753906,225.80799865722656,1.096912145614624,1209.800048828125,42.11659240722656,18035.529296875
2015-04-30,126.1437759399414,236.1450042724609,1.1114321947097778,1182.4000244140625,41.75603485107422,17840.51953125
2015-05-01,127.31430053710938,232.07899475097656,1.1214659214019775,1174.5,41.773193359375,18024.060546875
2015-05-02,,234.92999267578125,,,,
2015-05-03,,240.3580017089844,,,,
2015-05-04,126.74221801757812,239.01800537109372,1.1185932159423828,1186.800048828125,41.41265106201172,18070.400390625
2015-05-05,125.76541900634766,236.1210021972656,1.1149141788482666,1193.199951171875,40.863243103027344,17928.19921875
2015-05-06,124.9151382446289,229.7819976806641,1.1186307668685913,1190.300048828125,39.73004913330078,17841.98046875
2015-05-07,125.31370544433594,237.33399963378903,1.1341469287872314,1182.4000244140625,40.090606689453125,17924.060546875
2015-05-08,128.82981872558594,243.86300659179688,1.1246949434280396,1189.0999755859375,40.992000579833984,18191.109375
2015-05-09,,241.83200073242188,,,,
2015-05-10,,240.29600524902344,,,,
2015-05-11,129.2106475830078,242.1580047607422,1.1194071769714355,1183.199951171875,40.665771484375,18105.169921875
2015-05-12,128.8032684326172,241.11199951171875,1.114441990852356,1192.5999755859375,40.64860534667969,18068.23046875
2015-05-13,128.97152709960938,236.3769989013672,1.1221455335617063,1218.4000244140625,40.88899612426758,18060.490234375
2015-05-14,131.0440216064453,236.9290008544922,1.1350480318069458,1225.4000244140625,41.82473373413086,18252.240234375
2015-05-15,130.08746337890625,237.60499572753903,1.1404979228973389,1225.5,41.46416473388672,18272.560546875
2015-05-16,,236.1529998779297,,,,
2015-05-17,,236.802001953125,,,,
2015-05-18,129.93692016601562,233.1280059814453,1.144505262374878,1227.800048828125,41.2151985168457,18298.880859375
2015-05-19,130.238037109375,231.94700622558597,1.1326183080673218,1206.9000244140625,41.11151123046875,18312.390625
2015-05-20,129.68006896972656,234.01800537109372,1.1146656274795532,1208.9000244140625,41.11151123046875,18285.400390625
2015-05-21,130.5037384033203,235.343994140625,1.1100751161575315,1204.4000244140625,40.973270416259766,18285.740234375
2015-05-22,128.25411987304688,240.34800720214844,1.1111851930618286,1204.300048828125,40.52395248413086,18232.01953125
2015-05-23,,238.8719940185547,,,,
2015-05-24,,240.9530029296875,,,,
2015-05-25,,237.1100006103516,1.0992997884750366,,,
2015-05-26,126.47395324707033,237.11599731445312,1.0971167087554932,1187.199951171875,40.25609970092773,18041.5390625
2015-05-27,126.6510772705078,237.2830047607422,1.08888578414917,1185.9000244140625,41.13743591308594,18162.990234375
2015-05-28,126.05767822265624,237.4080047607422,1.0900014638900757,1188.0999755859375,40.99918746948242,18126.119140625
2015-05-29,124.4545669555664,237.0959930419922,1.0960345268249512,1189.4000244140625,40.48939895629883,18010.6796875
2015-05-30,,233.34500122070312,,,,
2015-05-31,,230.19000244140625,,,,
2015-06-01,125.10115051269533,222.92599487304688,1.0957943201065063,1188.300048828125,40.80910110473633,18040.369140625
2015-06-02,126.87246704101562,225.8029937744141,1.0922993421554563,1194.0999755859375,40.541236877441406,18011.939453125
2015-06-03,127.36841583251952,225.87399291992188,1.115001201629639,1184.699951171875,40.480751037597656,18076.26953125
2015-06-04,125.04804229736328,224.32400512695312,1.1257838010787964,1174.9000244140625,40.05736541748047,17905.580078125
2015-06-05,124.6405792236328,224.95199584960935,1.120787262916565,1167.800048828125,39.867286682128906,17849.4609375
2015-06-06,,225.61900329589844,,,,
2015-06-07,,222.8809967041016,,,,
2015-06-08,124.56087493896484,228.48899841308597,1.110814929008484,1173.199951171875,39.51302719116211,17766.55078125
2015-06-09,124.0826187133789,229.04800415039065,1.128095269203186,1177.300048828125,39.44388961791992,17764.0390625
2015-06-10,125.42884826660156,228.8029937744141,1.1299052238464355,1186.0999755859375,40.27339553833008,18000.400390625
2015-06-11,126.61566925048828,229.7050018310547,1.131196141242981,1179.9000244140625,40.126502990722656,18039.369140625
2015-06-12,126.47395324707033,229.98199462890625,1.1240627765655518,1178.800048828125,39.72039794921875,17898.83984375
2015-06-13,,232.4019927978516,,,,
2015-06-14,,233.54299926757807,,,,
2015-06-15,126.02224731445312,236.822998046875,1.1219944953918457,1185.300048828125,39.2970085144043,17791.169921875
2015-06-16,126.0665054321289,250.8950042724609,1.1277008056640625,1180.5,39.59942626953125,17904.48046875
2015-06-17,127.03189849853516,249.28399658203125,1.124201774597168,1176.4000244140625,39.72039794921875,17935.740234375
2015-06-18,128.75897216796875,249.0070037841797,1.1369967460632324,1201.5,40.36843490600586,18115.83984375
2015-06-19,128.53759765625,244.6060028076172,1.1370742321014404,1201.5,39.83272552490234,18015.94921875
2015-06-20,,245.2120056152344,,,,
2015-06-21,,243.94400024414065,,,,
2015-06-22,129.04238891601562,246.9900054931641,1.1372941732406616,1183.699951171875,39.94504928588867,18119.779296875
2015-06-23,127.9175796508789,244.29600524902344,1.13490629196167,1176.199951171875,39.66855239868164,18144.0703125
2015-06-24,126.6510772705078,240.51499938964844,1.1172186136245728,1172.5999755859375,39.43524932861328,17966.0703125
2015-06-25,126.16395568847656,242.7989959716797,1.1206992864608765,1171.5,39.44388961791992,17890.359375
2015-06-26,126.19051361083984,243.593994140625,1.1202975511550903,1172.9000244140625,39.10691452026367,17946.6796875
2015-06-27,,250.9900054931641,,,,
2015-06-28,,249.0110015869141,,,,
2015-06-29,122.86927032470705,257.0639953613281,1.0975021123886108,1178.5,38.33790588378906,17596.349609375
2015-06-30,122.86040496826172,263.0719909667969,1.122296690940857,1171.5,38.147830963134766,17619.509765625
2015-07-01,124.6405792236328,258.6210021972656,1.1134989261627195,1169.0,38.40703582763672,17757.91015625
2015-07-02,124.18006134033205,255.41200256347656,1.103363037109375,1163.0,38.36383819580078,17730.109375
2015-07-03,,256.33599853515625,1.1086965799331665,,,
2015-07-04,,260.885986328125,,,,
2015-07-05,,271.9129943847656,,,,
2015-07-06,124.4545669555664,269.0299987792969,1.0995051860809326,1172.9000244140625,38.35518646240234,17683.580078125
2015-07-07,126.78389739990234,266.2070007324219,1.1048991680145264,1152.4000244140625,38.27741622924805,17776.91015625
2015-07-08,125.69454193115234,270.7850036621094,1.1009942293167114,1163.300048828125,38.225582122802734,17515.419921875
2015-07-09,126.47395324707033,269.2279968261719,1.1071009635925293,1159.0,38.46752548217773,17548.619140625
2015-07-10,127.9618682861328,284.8940124511719,1.1063048839569092,1157.699951171875,38.54528427124024,17760.41015625
2015-07-11,,293.114990234375,,,,
2015-07-12,,310.86700439453125,,,,
2015-07-13,129.857177734375,292.0539855957031,1.1129041910171509,1155.199951171875,39.34886932373047,17977.6796875
2015-07-14,130.85800170898438,287.4639892578125,1.099045991897583,1153.300048828125,39.4179801940918,18053.580078125
2015-07-15,130.09634399414062,285.8290100097656,1.1008002758026123,1147.199951171875,39.538944244384766,18050.169921875
2015-07-16,131.51341247558594,278.0889892578125,1.0943553447723389,1143.800048828125,40.316593170166016,18120.25
2015-07-17,130.05206298828125,279.47198486328125,1.0886012315750122,1131.800048828125,40.282039642333984,18086.44921875
2015-07-18,,274.9010009765625,,,,
2015-07-19,,273.614013671875,,,,
2015-07-20,129.94577026367188,278.9809875488281,1.0830246210098269,1106.699951171875,40.541236877441406,18100.41015625
2015-07-21,128.42242431640625,275.8330078125,1.0835410356521606,1103.4000244140625,40.852298736572266,17919.2890625
2015-07-22,129.72434997558594,277.22198486328125,1.0939961671829224,1091.4000244140625,39.34886932373047,17851.0390625
2015-07-23,129.40550231933594,276.04901123046875,1.0927051305770874,1094.0,39.84137725830078,17731.919921875
2015-07-24,127.58989715576172,288.27801513671875,1.0989010334014893,1085.5999755859375,39.6944694519043,17568.529296875
2015-07-25,,288.6969909667969,,,,
2015-07-26,,292.6860046386719,,,,
2015-07-27,124.9062957763672,293.6239929199219,1.0972371101379397,1096.5,39.18467712402344,17440.58984375
2015-07-28,125.5971221923828,294.427001953125,1.109004020690918,1096.300048828125,39.1760368347168,17630.26953125
2015-07-29,127.66075134277344,289.5899963378906,1.1065986156463623,1092.699951171875,39.99689102172852,17751.390625
2015-07-30,126.65991973876952,287.72198486328125,1.098406195640564,1088.4000244140625,40.50667953491211,17745.98046875
2015-07-31,127.68729400634766,284.6499938964844,1.0939244031906128,1094.9000244140625,40.35115051269531,17689.859375
2015-08-01,,281.6010131835937,,,,
2015-08-02,,282.614013671875,,,,
2015-08-03,127.2621841430664,281.2269897460937,1.0969001054763794,1089.4000244140625,40.446197509765625,17598.19921875
2015-08-04,127.12932586669922,285.2179870605469,1.09560227394104,1090.699951171875,41.07694625854492,17550.689453125
2015-08-05,129.19720458984375,281.8819885253906,1.0888975858688354,1085.699951171875,41.11151123046875,17540.470703125
2015-08-06,128.1899871826172,278.5769958496094,1.0903104543685913,1090.199951171875,40.282039642333984,17419.75
2015-08-07,126.94214630126952,279.5849914550781,1.0927051305770874,1094.0999755859375,40.38571166992188,17373.380859375
2015-08-08,,260.9970092773437,,,,
2015-08-09,,265.0830078125,,,,
2015-08-10,130.00828552246094,264.4700012207031,1.0965032577514648,1104.199951171875,40.8954963684082,17615.169921875
2015-08-11,128.39501953125,270.385986328125,1.1016976833343506,1107.5999755859375,40.1005744934082,17402.83984375
2015-08-12,126.95105743408205,266.3760070800781,1.104203701019287,1123.199951171875,40.38571166992188,17402.509765625
2015-08-13,129.0723876953125,264.0799865722656,1.1160963773727417,1115.699951171875,40.37705612182617,17408.25
2015-08-14,129.32199096679688,265.67999267578125,1.1160963773727417,1112.9000244140625,40.61035919189453,17477.400390625
2015-08-15,,261.5509948730469,,,,
2015-08-16,,258.5069885253906,,,,
2015-08-17,128.7426300048828,257.9760131835937,1.1092993021011353,1118.5999755859375,40.886863708496094,17545.1796875
2015-08-18,128.88525390625,211.07899475097656,1.107800006866455,1117.0999755859375,41.112979888916016,17511.33984375
2015-08-19,127.20952606201172,226.6840057373047,1.1030831336975098,1128.0999755859375,40.53895568847656,17348.73046875
2015-08-20,122.12901306152344,235.3500061035156,1.1118029356002808,1153.0,39.71270751953125,16990.689453125
2015-08-21,117.3960952758789,232.56900024414065,1.1236965656280518,1159.5999755859375,37.46004486083984,16459.75
2015-08-22,,230.38999938964844,,,,
2015-08-23,,228.16900634765625,,,,
2015-08-24,113.36731719970705,210.4949951171875,1.1376951932907104,1153.4000244140625,36.2510986328125,15871.349609375
2015-08-25,111.85206604003906,221.60899353027344,1.1583056449890137,1138.199951171875,35.1987190246582,15666.4404296875
2015-08-26,115.28365325927734,225.83099365234372,1.1550945043563845,1124.5999755859375,37.146934509277344,16285.509765625
2015-08-27,117.53868865966795,224.7689971923828,1.134005427360535,1122.4000244140625,38.18194961547852,16654.76953125
2015-08-28,118.75981903076172,231.39599609375,1.1247961521148682,1133.0999755859375,38.208038330078125,16643.009765625
2015-08-29,,229.77999877929688,,,,
2015-08-30,,228.7610015869141,,,,
2015-08-31,116.47801971435548,230.05599975585935,1.1214030981063845,1131.5999755859375,37.851444244384766,16528.029296875
2015-09-01,113.59014129638672,228.1210021972656,1.1225864887237549,1138.699951171875,36.37287139892578,16058.349609375
2015-09-02,116.4334716796875,229.28399658203125,1.1293437480926514,1132.5,37.712284088134766,16351.3798828125
2015-09-03,116.78107452392578,227.18299865722656,1.121604323387146,1123.699951171875,37.83405685424805,16374.759765625
2015-09-04,115.65799713134766,230.29800415039065,1.1125946044921875,1120.5999755859375,37.05997085571289,16102.3798828125
2015-09-05,,235.0189971923828,,,,
2015-09-06,,239.83999633789065,,,,
2015-09-07,,239.8470001220703,1.115200161933899,,,
2015-09-08,119.27679443359376,243.60699462890625,1.1163954734802246,1120.4000244140625,38.173248291015625,16492.6796875
2015-09-09,118.2339096069336,238.16799926757807,1.1207369565963743,1102.199951171875,37.46004486083984,16253.5703125
2015-09-10,119.0361099243164,238.4770050048828,1.1220699548721311,1109.5,37.65139389038086,16330.400390625
2015-09-11,120.0344009399414,240.10699462890625,1.1290887594223022,1103.5,37.81664276123047,16433.08984375
2015-09-12,,235.22900390625,,,,
2015-09-13,,230.51199340820312,,,,
2015-09-14,119.82048797607422,230.6439971923828,1.1344043016433716,1107.699951171875,37.43396759033203,16370.9599609375
2015-09-15,121.4872817993164,230.3040008544922,1.1307612657546997,1102.800048828125,38.25151062011719,16599.849609375
2015-09-16,122.2894515991211,229.09100341796875,1.1271796226501465,1119.199951171875,38.52983856201172,16739.94921875
2015-09-17,122.51228332519533,229.80999755859372,1.12920343875885,1117.300048828125,38.486358642578125,16674.740234375
2015-09-18,121.30005645751952,232.9750061035156,1.1400948762893677,1138.0999755859375,37.81664276123047,16384.580078125
2015-09-19,,231.4929962158203,,,,
2015-09-20,,231.2120056152344,,,,
2015-09-21,121.23768615722656,227.0850067138672,1.12920343875885,1133.0999755859375,38.36458969116211,16510.189453125
2015-09-22,119.4283218383789,230.6179962158203,1.1190940141677856,1125.0,38.18194961547852,16330.4697265625
2015-09-23,117.36044311523438,230.2830047607422,1.1120749711990356,1131.5999755859375,38.15584945678711,16279.8896484375
2015-09-24,115.64908599853516,234.5290069580078,1.1189937591552734,1153.800048828125,38.19063949584961,16201.3203125
2015-09-25,116.77216339111328,235.1439971923828,1.1178929805755615,1146.0,38.21673202514648,16314.669921875
2015-09-26,,234.33999633789065,,,,
2015-09-27,,232.7570037841797,,,,
2015-09-28,114.20513153076172,239.1419982910156,1.1201720237731934,1132.0,37.65139389038086,16001.8896484375
2015-09-29,114.7577667236328,236.6869964599609,1.123103380203247,1127.0999755859375,37.7818603515625,16049.1298828125
2015-09-30,116.71869659423828,236.05999755859372,1.1255937814712524,1115.5,38.49504852294922,16284.7001953125
2015-10-01,116.41564178466795,237.5489959716797,1.11720609664917,1114.199951171875,38.79945373535156,16272.009765625
2015-10-02,118.1537094116211,237.29299926757807,1.1193444728851318,1137.0999755859375,39.63442993164063,16472.369140625
2015-10-03,,238.72999572753903,,,,
2015-10-04,,238.25900268554688,,,,
2015-10-05,119.4550552368164,240.38299560546875,1.1226998567581177,1138.0999755859375,40.55635452270508,16776.4296875
2015-10-06,119.99874877929688,246.06300354003903,1.1195199489593506,1146.800048828125,40.660736083984375,16790.189453125
2015-10-07,122.12901306152344,242.968994140625,1.1267986297607422,1149.0,40.70421600341797,16912.2890625
2015-10-08,123.92947387695312,242.3040008544922,1.1239995956420898,1144.699951171875,41.26955032348633,17050.75
2015-10-09,124.51776123046876,243.93099975585935,1.1286935806274414,1156.300048828125,40.97384643554688,17084.490234375
2015-10-10,,244.9409942626953,,,,
2015-10-11,,247.0500030517578,,,,
2015-10-12,125.39124298095705,245.30799865722656,1.1369967460632324,1164.9000244140625,40.87816619873047,17131.859375
2015-10-13,125.04360961914062,249.50799560546875,1.135550618171692,1165.800048828125,40.782493591308594,17081.890625
2015-10-14,119.63331604003906,251.98899841308597,1.138498306274414,1180.0999755859375,40.59984970092773,16924.75
2015-10-15,122.4587860107422,254.32000732421875,1.147552251815796,1187.9000244140625,40.886863708496094,17141.75
2015-10-16,122.64601135253906,262.8689880371094,1.1368157863616943,1183.5999755859375,41.32173156738281,17215.970703125
2015-10-17,,270.6400146484375,,,,
2015-10-18,,261.6430053710937,,,,
2015-10-19,123.37687683105467,263.43701171875,1.1361054182052612,1173.300048828125,41.41740036010742,17230.5390625
2015-10-20,123.78687286376952,269.4630126953125,1.132900595664978,1178.0,41.5478744506836,17217.109375
2015-10-21,125.84586334228516,266.2720031738281,1.1353960037231443,1167.5999755859375,41.0521125793457,17168.609375
2015-10-22,130.40940856933594,274.02301025390625,1.134803295135498,1166.5999755859375,41.77400970458984,17489.16015625
2015-10-23,130.75704956054688,276.4960021972656,1.108094573020935,1163.300048828125,45.98358154296875,17646.69921875
2015-10-24,,281.65399169921875,,,,
2015-10-25,,283.67999267578125,,,,
2015-10-26,130.75704956054688,285.29998779296875,1.1020376682281494,1167.0,47.18383407592773,17623.05078125
2015-10-27,132.3257598876953,293.7879943847656,1.1065986156463623,1166.800048828125,46.69676971435547,17581.4296875
2015-10-28,131.80877685546875,304.6180114746094,1.1037039756774902,1177.0999755859375,46.949012756347656,17779.51953125
2015-10-29,131.18487548828125,313.8550109863281,1.0928961038589478,1147.199951171875,46.40975189208984,17755.80078125
2015-10-30,131.97816467285156,328.0150146484375,1.099384307861328,1141.5,45.783538818359375,17663.5390625
2015-10-31,,314.1659851074219,,,,
2015-11-01,,325.4309997558594,,,,
2015-11-02,132.27227783203125,361.1889953613281,1.102596640586853,1135.800048828125,46.305397033691406,17828.759765625
2015-11-03,131.99595642089844,403.4169921875,1.1016006469726562,1114.199951171875,47.09685516357422,17918.150390625
2015-11-04,132.9017333984375,411.56298828125,1.0963950157165527,1106.5,47.31429672241211,17867.580078125
2015-11-05,132.7044677734375,386.35400390625,1.086802959442139,1104.4000244140625,47.29690170288086,17863.4296875
2015-11-06,132.6775360107422,374.4700012207031,1.0883997678756714,1087.5999755859375,47.76658248901367,17910.330078125
2015-11-07,,386.4819946289063,,,,
2015-11-08,,373.3680114746094,,,,
2015-11-09,130.9197540283203,380.2569885253906,1.0733413696289062,1087.9000244140625,47.105560302734375,17730.48046875
2015-11-10,130.17538452148438,336.8190002441406,1.0759514570236206,1088.199951171875,46.54021835327149,17758.2109375
2015-11-11,130.0318603515625,311.0840148925781,1.0737563371658323,1084.699951171875,46.66200256347656,17702.220703125
2015-11-12,127.83465576171876,338.1520080566406,1.0762988328933716,1080.800048828125,46.374977111816406,17448.0703125
2015-11-13,127.87950134277344,336.75299072265625,1.0815019607543943,1080.800048828125,45.95749282836914,17245.240234375
2015-11-14,,332.906005859375,,,,
2015-11-15,,320.1659851074219,,,,
2015-11-16,129.5207061767578,330.7510070800781,1.06999933719635,1083.699951171875,46.76636505126953,17483.009765625
2015-11-17,131.0094757080078,335.093994140625,1.068798542022705,1068.699951171875,46.38108444213867,17489.5
2015-11-18,132.98248291015625,334.5899963378906,1.064384698867798,1068.800048828125,47.151615142822266,17737.16015625
2015-11-19,133.8434295654297,326.14898681640625,1.066996693611145,1078.0,47.230430603027344,17732.75
2015-11-20,133.98692321777344,322.0220031738281,1.0726161003112793,1076.4000244140625,47.449344635009766,17823.810546875
2015-11-21,,326.927001953125,,,,
2015-11-22,,324.5360107421875,,,,
2015-11-23,133.03627014160156,323.0459899902344,1.0641014575958252,1066.800048828125,47.449344635009766,17792.6796875
2015-11-24,133.31430053710938,320.0459899902344,1.0642033815383911,1074.300048828125,47.50187301635742,17812.189453125
2015-11-25,132.22018432617188,328.2059936523437,1.064384698867798,1070.5,47.01152420043945,17813.390625
2015-11-26,,352.6839904785156,1.0624960660934448,,,
2015-11-27,131.78968811035156,358.0419921875,1.0604453086853027,1056.199951171875,47.22168350219727,17813.390625
2015-11-28,,357.3810119628906,,,,
2015-11-29,,371.29400634765625,,,,
2015-11-30,130.44444274902344,377.3210144042969,1.05830180644989,1065.800048828125,47.58943939208984,17719.919921875
2015-12-01,132.49819946289062,362.4880065917969,1.0572947263717651,1063.800048828125,48.35122299194336,17888.349609375
2015-12-02,131.79864501953125,359.18701171875,1.0625863075256348,1054.199951171875,48.34245300292969,17729.6796875
2015-12-03,130.54306030273438,361.0459899902344,1.0613007545471191,1061.699951171875,47.458099365234375,17477.669921875
2015-12-04,133.17977905273438,363.1830139160156,1.0915957689285278,1084.5,48.95538711547852,17847.630859375
2015-12-05,,388.9490051269531,,,,
2015-12-06,,388.7829895019531,,,,
2015-12-07,133.13494873046875,395.5360107421875,1.0883997678756714,1076.4000244140625,48.86783599853516,17730.509765625
2015-12-08,130.0318603515625,415.56298828125,1.0834001302719116,1076.300048828125,48.85029983520508,17568.0
2015-12-09,129.3592529296875,417.56298828125,1.0893957614898682,1077.5999755859375,48.14107894897461,17492.30078125
2015-12-10,131.30538940429688,415.47900390625,1.1017948389053345,1073.0999755859375,48.39499282836914,17574.75
2015-12-11,129.70005798339844,451.93798828125,1.0948106050491333,1076.9000244140625,47.33550643920898,17265.2109375
2015-12-12,,434.99700927734375,,,,
2015-12-13,,433.7550048828125,,,,
2015-12-14,128.2471923828125,444.1820068359375,1.0983941555023191,1064.699951171875,48.28116226196289,17368.5
2015-12-15,131.41299438476562,465.3210144042969,1.0992997884750366,1062.9000244140625,48.33370208740234,17524.91015625
2015-12-16,132.8300323486328,454.9339904785156,1.0936251878738403,1078.0,49.14801788330078,17749.08984375
2015-12-17,130.54306030273438,456.0780029296875,1.087453007698059,1050.800048828125,48.771514892578125,17495.83984375
2015-12-18,125.17999267578124,463.6159973144531,1.0844104290008545,1066.199951171875,47.39680480957031,17128.55078125
2015-12-19,,462.3219909667969,,,,
2015-12-20,,442.68499755859375,,,,
2015-12-21,126.36384582519533,438.6390075683594,1.0869920253753662,1081.9000244140625,48.009727478027344,17251.619140625
2015-12-22,127.69113159179688,436.5719909667969,1.09129798412323,1074.800048828125,48.46504592895508,17417.26953125
2015-12-23,129.19784545898438,442.4010009765625,1.0950024127960205,1069.4000244140625,48.876590728759766,17602.609375
2015-12-24,128.72251892089844,454.9849853515625,1.0909169912338257,1077.199951171875,48.74524688720703,17552.169921875
2015-12-25,,455.6530151367188,1.0969964265823364,,,
2015-12-26,,417.2739868164063,,,,
2015-12-27,,422.822998046875,,,,
2015-12-28,129.6282958984375,422.2789916992188,1.0965994596481323,1070.5,48.99041366577149,17528.26953125
2015-12-29,132.14842224121094,432.9830017089844,1.0975261926651,1077.5,49.51578903198242,17720.98046875
2015-12-30,131.30538940429688,426.6199951171875,1.0928006172180176,1060.0999755859375,49.30563735961914,17603.869140625
2015-12-31,129.67315673828125,430.5669860839844,1.093398094177246,1060.300048828125,48.578880310058594,17425.029296875
2016-01-01,,434.3340148925781,1.0859060287475586,,,
2016-01-02,,433.43798828125,,,,
2016-01-03,,430.010986328125,,,,
2016-01-04,126.00513458251952,433.0910034179688,1.085399150848389,1075.0999755859375,47.98345184326172,17148.939453125
2016-01-05,126.51630401611328,431.9599914550781,1.0827549695968628,1078.4000244140625,48.20236206054688,17158.66015625
2016-01-06,124.50740814208984,429.1050109863281,1.0751993656158447,1091.9000244140625,47.32674789428711,16906.509765625
2016-01-07,119.28781127929688,458.0480041503906,1.0778998136520386,1107.699951171875,45.68060302734375,16514.099609375
2016-01-08,116.57942199707033,453.2300109863281,1.0925976037979126,1097.800048828125,45.82070541381836,16346.4501953125
2016-01-09,,447.6109924316406,,,,
2016-01-10,,447.9909973144531,,,,
2016-01-11,116.77670288085938,448.4280090332031,1.0941038131713867,1096.5,45.79443740844727,16398.5703125
2016-01-12,118.3102569580078,435.6900024414063,1.0857999324798584,1085.5999755859375,46.214725494384766,16516.220703125
2016-01-13,114.9022979736328,432.3710021972656,1.0843987464904783,1087.5,45.21652221679688,16151.41015625
2016-01-14,115.87088012695312,430.3059997558594,1.0886012315750122,1073.9000244140625,46.50368881225586,16379.0498046875
2016-01-15,112.66919708251952,364.33099365234375,1.085894227027893,1091.5,44.64738845825195,15988.080078125
2016-01-16,,387.5360107421875,,,,
2016-01-17,,382.2990112304688,,,,
2016-01-18,,387.1679992675781,1.0920010805130005,,,
2016-01-19,113.05481719970705,380.1489868164063,1.0895025730133057,1089.9000244140625,44.27085876464844,16016.01953125
2016-01-20,109.53923797607422,420.2300109863281,1.09129798412323,1107.0999755859375,44.47225570678711,15766.740234375
2016-01-21,110.66926574707033,410.2619934082031,1.0877013206481934,1099.0999755859375,44.2008171081543,15882.6796875
2016-01-22,111.75440216064452,382.4920043945313,1.0862009525299072,1097.199951171875,45.785675048828125,16093.509765625
2016-01-23,,387.4909973144531,,,,
2016-01-24,,402.9710083007813,,,,
2016-01-25,111.21631622314452,391.72601318359375,1.079901933670044,1106.199951171875,45.347877502441406,15885.2197265625
2016-01-26,114.80364990234376,392.1530151367188,1.0853049755096436,1121.699951171875,45.68060302734375,16167.23046875
2016-01-27,104.55284881591795,394.9719848632813,1.086495876312256,1116.0999755859375,44.84876251220703,15944.4599609375
2016-01-28,105.83534240722656,380.28900146484375,1.090798020362854,1115.5999755859375,45.584285736083984,16069.6396484375
2016-01-29,107.73661041259766,379.4739990234375,1.0936970710754397,1116.4000244140625,48.23738861083984,16466.30078125
2016-01-30,,378.2550048828125,,,,
2016-01-31,,368.7669982910156,,,,
2016-02-01,109.01908111572266,373.0559997558594,1.0825908184051514,1127.9000244140625,47.90467071533203,16449.1796875
2016-02-02,105.3958740234375,374.447998046875,1.0897282361984253,1127.300048828125,46.40736770629883,16153.5400390625
2016-02-03,109.2970962524414,369.9490051269531,1.0922038555145264,1141.300048828125,45.67184829711914,16336.66015625
2016-02-04,110.85758972167967,389.593994140625,1.1091023683547974,1157.5999755859375,45.53175354003906,16416.580078125
2016-02-05,109.91592407226562,386.5490112304688,1.119996428489685,1157.800048828125,43.92063903808594,16204.9697265625
2016-02-06,,376.5220031738281,,,,
2016-02-07,,376.6199951171875,,,,
2016-02-08,107.14469909667967,373.4469909667969,1.114504098892212,1197.9000244140625,43.263916015625,16027.0498046875
2016-02-09,106.61558532714844,376.0289916992188,1.1189812421798706,1198.699951171875,43.15008163452149,16014.3798828125
2016-02-10,105.32121276855467,381.6489868164063,1.1289994716644287,1194.699951171875,43.526611328125,15914.740234375
2016-02-11,98.152587890625,379.6539916992188,1.128095269203186,1247.9000244140625,43.509090423583984,15660.1796875
2016-02-12,98.32453918457033,384.2630004882813,1.1317979097366333,1239.0999755859375,44.21834564208984,15973.83984375
2016-02-13,,391.8599853515625,,,,
2016-02-14,,407.2300109863281,,,,
2016-02-15,,400.18499755859375,1.1225990056991575,,,
2016-02-16,101.91790771484376,407.4880065917969,1.1174057722091677,1207.9000244140625,45.05612564086914,16196.41015625
2016-02-17,105.30311584472656,416.3219909667969,1.1147029399871826,1211.0999755859375,46.22905731201172,16453.830078125
2016-02-18,106.41644287109376,422.37298583984375,1.112297534942627,1226.0999755859375,46.02622604370117,16413.4296875
2016-02-19,104.2350845336914,420.7850036621094,1.1110987663269043,1230.4000244140625,45.69991683959961,16391.990234375
2016-02-20,,437.16400146484375,,,,
2016-02-21,,438.7980041503906,,,,
2016-02-22,106.25349426269533,437.74798583984375,1.1123965978622437,1209.5,46.43190002441406,16620.66015625
2016-02-23,105.80999755859376,420.7359924316406,1.102803349494934,1222.300048828125,45.13549041748047,16431.779296875
2016-02-24,104.62428283691406,424.9549865722656,1.1027060747146606,1238.699951171875,45.29426193237305,16484.990234375
2016-02-25,105.73760223388672,424.54400634765625,1.1013944149017334,1238.199951171875,45.94686508178711,16697.2890625
2016-02-26,106.95046997070312,432.1520080566406,1.1024993658065796,1219.800048828125,45.2413444519043,16639.970703125
2016-02-27,,432.5190124511719,,,,
2016-02-28,,433.5039978027344,,,,
2016-02-29,106.96858215332033,437.6969909667969,1.0923947095870972,1233.9000244140625,44.870941162109375,16516.5
2016-03-01,108.5797119140625,435.12298583984375,1.0888975858688354,1230.300048828125,46.37016296386719,16865.080078125
2016-03-02,108.29911041259766,423.989013671875,1.0875948667526243,1241.0999755859375,46.69647216796875,16899.3203125
2016-03-03,108.26290893554688,421.6510009765625,1.086897373199463,1257.4000244140625,46.16733932495117,16943.900390625
2016-03-04,109.58439636230467,410.9389953613281,1.094894528388977,1269.9000244140625,45.88511276245117,17006.76953125
2016-03-05,,400.5700073242188,,,,
2016-03-06,,407.7070007324219,,,,
2016-03-07,111.24079132080078,414.3210144042969,1.0993964672088623,1263.199951171875,45.00322723388672,17073.94921875
2016-03-08,110.74295806884766,413.9719848632813,1.1016006469726562,1262.0999755859375,45.549991607666016,16964.099609375
2016-03-09,111.20458984375,414.8599853515625,1.1004005670547483,1256.5999755859375,46.599456787109375,17000.359375
2016-03-10,111.2770004272461,417.1310119628906,1.0989010334014893,1272.0,45.90274810791016,16995.130859375
2016-03-11,112.8066864013672,421.6900024414063,1.1178430318832395,1258.699951171875,46.80229949951172,17213.310546875
2016-03-12,,411.6239929199219,,,,
2016-03-13,,414.0650024414063,,,,
2016-03-14,114.35443878173828,416.43798828125,1.1167943477630615,1244.4000244140625,46.89048385620117,17229.130859375
2016-03-15,114.37255859375,416.8299865722656,1.1101982593536377,1230.4000244140625,47.26088333129883,17251.529296875
2016-03-16,115.46775817871094,417.010986328125,1.1109012365341189,1229.300048828125,47.931129455566406,17325.759765625
2016-03-17,118.30083465576172,420.6210021972656,1.1218937635421753,1264.5,48.20450210571289,17481.490234375
2016-03-18,121.25154113769533,409.5480041503906,1.1317979097366333,1253.800048828125,47.17268753051758,17602.30078125
2016-03-19,,410.4440002441406,,,,
2016-03-20,,413.7550048828125,,,,
2016-03-21,122.97129821777344,413.3070068359375,1.1279042959213257,1243.800048828125,47.49899291992188,17623.869140625
2016-03-22,122.30152130126952,418.0889892578125,1.1235954761505127,1248.199951171875,47.684181213378906,17582.5703125
2016-03-23,120.25591278076172,418.0409851074219,1.122296690940857,1223.699951171875,47.59599685668945,17502.58984375
2016-03-24,119.58610534667967,416.3940124511719,1.118105411529541,1221.4000244140625,47.807655334472656,17515.73046875
2016-03-25,,417.177001953125,1.1167943477630615,,,
2016-03-26,,417.9450073242188,,,,
2016-03-27,,426.7650146484375,,,,
2016-03-28,118.8348617553711,424.2309875488281,1.1159967184066772,1219.9000244140625,47.216796875,17535.390625
2016-03-29,118.46376037597656,416.5159912109375,1.1202723979949951,1235.5999755859375,48.24861907958984,17633.109375
2016-03-30,116.38196563720705,414.8160095214844,1.12920343875885,1226.9000244140625,48.54845428466797,17716.66015625
2016-03-31,114.89752960205078,416.72900390625,1.1334655284881592,1234.199951171875,48.70718765258789,17685.08984375
2016-04-01,114.9156265258789,417.9599914550781,1.1379671096801758,1222.199951171875,49.00703430175781,17792.75
2016-04-02,,420.87298583984375,,,,
2016-04-03,,420.9039916992188,,,,
2016-04-04,114.35443878173828,421.4440002441406,1.1390039920806885,1218.0,48.88356399536133,17737.0
2016-04-05,114.97900390625,424.0299987792969,1.1389002799987793,1228.4000244140625,48.11632537841797,17603.3203125
2016-04-06,115.79360961914062,423.4129943847656,1.138200283050537,1222.5,48.61018371582031,17716.05078125
2016-04-07,114.95185089111328,422.7449951171875,1.1404979228973389,1236.199951171875,48.02811813354492,17541.9609375
2016-04-08,115.74836730957033,420.3489990234375,1.1373976469039917,1242.5,47.99284744262695,17576.9609375
2016-04-09,,419.4110107421875,,,,
2016-04-10,,421.5639953613281,,,,
2016-04-11,115.77550506591795,422.4830017089844,1.1403028964996338,1256.699951171875,47.89584732055664,17556.41015625
2016-04-12,117.1875,425.1900024414063,1.141291856765747,1259.4000244140625,48.19568634033203,17721.25
2016-04-13,118.69908142089844,423.7340087890625,1.138498306274414,1246.800048828125,48.81302261352539,17908.279296875
2016-04-14,118.43661499023438,424.2820129394531,1.1279042959213257,1225.0,48.82184982299805,17926.4296875
2016-04-15,118.6900405883789,429.7130126953125,1.1270017623901367,1233.0999755859375,49.07758712768555,17897.4609375
2016-04-16,,430.5719909667969,,,,
2016-04-17,,427.3989868164063,,,,
2016-04-18,119.45035552978516,428.5910034179688,1.1299946308135986,1233.5999755859375,49.79191589355469,18004.16015625
2016-04-19,120.09300231933594,435.5090026855469,1.1309019327163696,1253.0,49.73018646240234,18053.599609375
2016-04-20,118.18315887451172,441.3890075683594,1.1359634399414062,1253.199951171875,49.024681091308594,18096.26953125
2016-04-21,118.33704376220705,449.4249877929688,1.1305055618286133,1249.0,49.19223785400391,17982.51953125
2016-04-22,118.6176300048828,445.7369995117188,1.12920343875885,1228.699951171875,45.664642333984375,18003.75
2016-04-23,,450.2820129394531,,,,
2016-04-24,,458.5549926757813,,,,
2016-04-25,118.34609985351562,461.4259948730469,1.123406171798706,1238.9000244140625,45.9556770324707,17977.240234375
2016-04-26,120.59988403320312,466.0889892578125,1.1269001960754397,1242.199951171875,45.36481094360352,17990.3203125
2016-04-27,124.07556915283205,444.68701171875,1.1299052238464355,1249.199951171875,44.9238510131836,18041.55078125
2016-04-28,122.01187896728516,449.010986328125,1.132900595664978,1265.5,44.00667953491211,17830.759765625
2016-04-29,122.01187896728516,455.0969848632813,1.135589361190796,1289.199951171875,43.98021697998047,17773.640625
2016-04-30,,448.3179931640625,,,,
2016-05-01,,451.875,,,,
2016-05-02,121.29680633544922,444.66900634765625,1.146302580833435,1294.699951171875,44.63283157348633,17891.16015625
2016-05-03,119.92103576660156,450.3039855957031,1.1524986028671265,1290.699951171875,43.90084838867188,17750.91015625
2016-05-04,118.47279357910156,446.7219848632813,1.1504037380218506,1273.300048828125,43.98021697998047,17651.259765625
2016-05-05,119.54991149902344,447.97601318359375,1.1493064165115356,1271.4000244140625,44.041954040527344,17660.7109375
2016-05-06,120.61797332763672,459.6029968261719,1.1406019926071167,1292.9000244140625,44.43880844116211,17740.630859375
2016-05-07,,458.5360107421875,,,,
2016-05-08,,458.5480041503906,,,,
2016-05-09,119.56803131103516,460.4830017089844,1.13879656791687,1265.5999755859375,44.15659713745117,17705.91015625
2016-05-10,121.939453125,450.8949890136719,1.13879656791687,1263.9000244140625,44.99441146850586,17928.349609375
2016-05-11,121.36457824707033,452.7279968261719,1.1374363899230957,1274.5999755859375,45.0208625793457,17711.119140625
2016-05-12,122.66033935546876,454.7659912109375,1.142700433731079,1270.300048828125,45.42653274536133,17720.5
2016-05-13,120.56156158447266,455.6700134277344,1.1376951932907104,1271.9000244140625,45.04732131958008,17535.3203125
2016-05-14,,455.6709899902344,,,,
2016-05-15,,457.5679931640625,,,,
2016-05-16,122.40483856201172,454.1629943847656,1.1316953897476196,1273.4000244140625,45.70873641967773,17710.7109375
2016-05-17,120.96306610107422,453.7829895019531,1.1316057443618774,1276.199951171875,44.856201171875,17529.98046875
2016-05-18,119.53040313720705,454.6189880371094,1.1316057443618774,1273.699951171875,45.12261581420898,17526.619140625
2016-05-19,116.875,438.7149963378906,1.122296690940857,1254.199951171875,44.687477111816406,17435.400390625
2016-05-20,116.245361328125,442.6759948730469,1.1205987930297852,1252.4000244140625,44.95387268066406,17500.939453125
2016-05-21,,443.18798828125,,,,
2016-05-22,,439.322998046875,,,,
2016-05-23,116.41875457763672,444.1549987792969,1.1221708059310913,1251.0999755859375,44.42992782592773,17492.9296875
2016-05-24,116.34573364257812,445.9809875488281,1.121604323387146,1228.9000244140625,45.815311431884766,17706.05078125
2016-05-25,117.5867691040039,449.5989990234375,1.113796591758728,1223.5,46.28599166870117,17851.509765625
2016-05-26,117.99736785888672,453.3840026855469,1.1158970594406128,1220.0999755859375,46.08173370361328,17828.2890625
2016-05-27,117.91526794433594,473.4639892578125,1.1192066669464111,1213.800048828125,46.46360397338867,17873.220703125
2016-05-28,,530.0399780273438,,,,
2016-05-29,,526.2329711914062,,,,
2016-05-30,,533.864013671875,1.1110000610351562,,,
2016-05-31,115.11384582519533,531.385986328125,1.1148396730422974,1214.800048828125,47.06748962402344,17787.19921875
2016-06-01,115.3510971069336,536.9199829101562,1.113598108291626,1211.9000244140625,46.93426132202149,17789.669921875
2016-06-02,115.75260162353516,537.9719848632812,1.1189061403274536,1209.800048828125,46.605690002441406,17838.560546875
2016-06-03,116.23622131347656,569.1939697265625,1.115200161933899,1240.0999755859375,45.99293518066406,17807.060546875
2016-06-04,,572.7269897460938,,,,
2016-06-05,,574.9769897460938,,,,
2016-06-06,120.3608169555664,585.5369873046875,1.1350995302200315,1244.5999755859375,46.29486083984375,17920.330078125
2016-06-07,120.38819122314452,576.5969848632812,1.1364023685455322,1244.4000244140625,46.26822662353516,17938.279296875
2016-06-08,121.36457824707033,581.64501953125,1.1357828378677368,1259.800048828125,46.21493911743164,18005.05078125
2016-06-09,121.45584106445312,574.6300048828125,1.140706181526184,1270.199951171875,45.84195709228516,17985.189453125
2016-06-10,119.66730499267578,577.469970703125,1.131503343582153,1273.4000244140625,45.717620849609375,17865.33984375
2016-06-11,,606.7269897460938,,,,
2016-06-12,,672.7839965820312,,,,
2016-06-13,118.55402374267578,704.3759765625,1.1239995956420898,1284.4000244140625,44.52760696411133,17732.48046875
2016-06-14,119.08326721191406,685.5590209960938,1.1291015148162842,1285.5999755859375,44.25231170654297,17674.8203125
2016-06-15,118.77303314208984,694.468994140625,1.1213024854660034,1285.800048828125,44.12797927856445,17640.169921875
2016-06-16,118.0521469116211,766.3079833984375,1.1262656450271606,1296.0999755859375,44.7496337890625,17733.099609375
2016-06-17,118.4627914428711,748.9089965820312,1.1252011060714722,1292.5,44.51873397827149,17675.16015625
2016-06-18,,756.2269897460938,,,,
2016-06-19,,763.781005859375,,,,
2016-06-20,121.13643646240234,737.2260131835938,1.13490629196167,1290.0,44.4654426574707,17804.869140625
2016-06-21,120.01404571533205,666.6519775390625,1.1322976350784302,1270.5,45.460086822509766,17829.73046875
2016-06-22,120.2421875,596.1160278320312,1.1250618696212769,1268.0,45.28247833251953,17780.830078125
2016-06-23,121.86644744873048,623.9769897460938,1.1328235864639282,1261.199951171875,46.09948348999024,18011.0703125
2016-06-24,115.45149230957033,665.2990112304688,1.1324002742767334,1320.0,44.25231170654297,17400.75
2016-06-25,,665.1229858398438,,,,
2016-06-26,,629.3670043945312,,,,
2016-06-27,111.96566772460938,655.2750244140625,1.103594422340393,1322.5,43.00901794433594,17140.240234375
2016-06-28,113.05156707763672,647.0009765625,1.1015034914016724,1315.300048828125,43.90596008300781,17409.720703125
2016-06-29,115.88035583496094,639.8900146484375,1.1073951721191406,1323.9000244140625,44.88285446166992,17694.6796875
2016-06-30,118.5083999633789,673.3369750976562,1.1128050088882446,1318.4000244140625,45.44231033325195,17929.990234375
2016-07-01,118.34415435791016,676.2960205078125,1.1106051206588743,1336.699951171875,45.433441162109375,17949.369140625
2016-07-02,,703.7020263671875,,,,
2016-07-03,,658.6640014648438,,,,
2016-07-04,,683.6619873046875,1.1131023168563845,,,
2016-07-05,115.86211395263672,670.6270141601562,1.1146035194396973,1356.4000244140625,45.44231033325195,17840.619140625
2016-07-06,115.8529815673828,677.3309936523438,1.1065007448196411,1364.9000244140625,45.62881088256836,17918.619140625
2016-07-07,116.04460906982422,640.56201171875,1.1099025011062622,1360.0999755859375,45.62881088256836,17895.880859375
2016-07-08,118.70915222167967,666.5230102539062,1.1065741777420044,1356.5999755859375,46.445838928222656,18146.740234375
2016-07-09,,650.9600219726562,,,,
2016-07-10,,649.3599853515625,,,,
2016-07-11,120.48856353759766,647.6589965820312,1.1043988466262815,1355.0,46.7033805847168,18226.9296875
2016-07-12,119.36614990234376,664.551025390625,1.1058032512664795,1334.0999755859375,47.25397872924805,18347.669921875
2016-07-13,118.72740936279295,654.468017578125,1.1062926054000854,1342.4000244140625,47.5203857421875,18372.119140625
2016-07-14,120.04144287109376,658.0780029296875,1.1094961166381836,1331.300048828125,47.72465896606445,18506.41015625
2016-07-15,120.80792999267578,663.2550048828125,1.1106051206588743,1326.5,47.68913269042969,18516.55078125
2016-07-16,,660.7670288085938,,,,
2016-07-17,,679.458984375,,,,
2016-07-18,121.75696563720705,673.1060180664062,1.1053143739700315,1328.4000244140625,47.92002487182617,18533.05078125
2016-07-19,122.8793716430664,672.864013671875,1.1071866750717163,1331.5,47.14740753173828,18559.009765625
2016-07-20,122.93409729003906,665.6849975585938,1.1013579368591309,1318.800048828125,49.65174865722656,18595.029296875
2016-07-21,121.84821319580078,665.0120239257812,1.1019526720046997,1330.5,49.5540657043457,18517.23046875
2016-07-22,121.79347229003906,650.6190185546875,1.1032899618148804,1323.0999755859375,50.23786926269531,18570.849609375
2016-07-23,,655.5560302734375,,,,
2016-07-24,,661.2849731445312,,,,
2016-07-25,121.30984497070312,654.0969848632812,1.097044587135315,1319.300048828125,50.37997055053711,18493.060546875
2016-07-26,123.05272674560548,651.7839965820312,1.09911847114563,1320.699951171875,50.4066162109375,18473.75
2016-07-27,124.0656509399414,654.3519897460938,1.098780393600464,1326.5999755859375,49.9004135131836,18472.169921875
2016-07-28,121.37370300292967,655.0349731445312,1.1073460578918457,1332.300048828125,49.91816711425781,18456.349609375
2016-07-29,121.96682739257812,656.9920043945312,1.108438491821289,1349.0,50.33556365966797,18432.240234375
2016-07-30,,655.0469970703125,,,,
2016-07-31,,624.6810302734375,,,,
2016-08-01,121.55622100830078,606.27197265625,1.1168068647384644,1351.4000244140625,50.24675750732422,18404.509765625
2016-08-02,120.08705139160156,547.4650268554688,1.1168068647384644,1364.4000244140625,50.24675750732422,18313.76953125
2016-08-03,120.33341979980467,566.35498046875,1.121906280517578,1356.0999755859375,50.59310531616211,18355.0
2016-08-04,119.73118591308594,578.2890014648438,1.1151504516601562,1358.800048828125,50.966087341308594,18352.05078125
2016-08-05,120.20568084716795,575.0430297851562,1.1134741306304932,1336.4000244140625,51.4722900390625,18543.529296875
2016-08-06,,587.7780151367188,,,,
2016-08-07,,592.6900024414062,,,,
2016-08-08,120.6254653930664,591.0540161132812,1.1089547872543335,1333.4000244140625,51.56109619140625,18529.2890625
2016-08-09,121.01782989501952,587.801025390625,1.108364820480347,1339.0,51.68541717529297,18533.05078125
2016-08-10,121.70785522460938,592.10302734375,1.111580491065979,1344.300048828125,51.52556228637695,18495.66015625
2016-08-11,122.37033081054688,589.1199951171875,1.1186434030532837,1342.5,51.77423477172852,18613.51953125
2016-08-12,122.4623565673828,587.5590209960938,1.113908290863037,1335.800048828125,51.45452880859375,18576.470703125
2016-08-13,,585.5880126953125,,,,
2016-08-14,,570.4730224609375,,,,
2016-08-15,123.8976593017578,567.239990234375,1.1166945695877075,1340.300048828125,51.6143684387207,18636.05078125
2016-08-16,124.21048736572266,577.4390258789062,1.11840558052063,1350.5,51.32841491699219,18552.01953125
2016-08-17,123.95288848876952,573.2160034179688,1.1275991201400757,1342.699951171875,51.4356575012207,18573.939453125
2016-08-18,124.21048736572266,574.3179931640625,1.1298924684524536,1351.199951171875,51.47139739990234,18597.69921875
2016-08-19,123.69525146484376,575.6300048828125,1.1349449157714844,1340.4000244140625,51.48926162719727,18552.5703125
2016-08-20,,581.697021484375,,,,
2016-08-21,,581.3079833984375,,,,
2016-08-22,124.20127868652344,586.7529907226562,1.1298158168792725,1337.699951171875,51.53395080566406,18529.419921875
2016-08-23,123.41921997070312,583.4149780273438,1.1319260597229004,1340.5999755859375,51.73054885864258,18547.30078125
2016-08-24,122.63713073730467,580.1820068359375,1.1300839185714722,1324.4000244140625,51.7841682434082,18481.48046875
2016-08-25,122.3519515991211,577.760986328125,1.1263798475265503,1320.0999755859375,51.98073959350586,18448.41015625
2016-08-26,121.66187286376952,579.6510009765625,1.1290504932403564,1321.5,51.85565948486328,18395.400390625
2016-08-27,,569.947021484375,,,,
2016-08-28,,573.9119873046875,,,,
2016-08-29,122.27831268310548,574.1069946289062,1.1199462413787842,1322.9000244140625,51.9182014465332,18502.990234375
2016-08-30,120.35535430908205,577.5029907226562,1.1192818880081177,1311.699951171875,51.73054885864258,18454.30078125
2016-08-31,119.1040496826172,575.4719848632812,1.1153244972229004,1306.9000244140625,51.346290588378906,18400.880859375
2016-09-01,119.51807403564452,572.302978515625,1.116071343421936,1312.199951171875,51.46247482299805,18419.30078125
2016-09-02,120.67739868164062,575.5369873046875,1.1200717687606812,1322.0999755859375,51.53395080566406,18491.9609375
2016-09-03,,598.2119750976562,,,,
2016-09-04,,608.6339721679688,,,,
2016-09-05,,606.5900268554688,1.1161960363388062,,,
2016-09-06,122.36114501953124,610.4359741210938,1.1153244972229004,1349.4000244140625,51.48033142089844,18538.119140625
2016-09-07,122.0391082763672,614.5440063476562,1.1253657341003418,1344.300048828125,51.52500534057617,18526.140625
2016-09-08,122.27831268310548,626.3159790039062,1.1241008043289185,1336.800048828125,51.31948471069336,18479.91015625
2016-09-09,118.2575912475586,622.8610229492188,1.1271415948867798,1330.0999755859375,50.22929382324219,18085.44921875
2016-09-10,,623.5089721679688,,,,
2016-09-11,,606.718994140625,,,,
2016-09-12,119.7205047607422,608.2429809570312,1.1241133213043213,1321.0,50.97992706298828,18325.0703125
2016-09-13,118.46920776367188,609.2410278320312,1.124353528022766,1319.0,50.51524353027344,18066.75
2016-09-14,117.46631622314452,610.6840209960938,1.12186861038208,1321.5,50.27396774291992,18034.76953125
2016-09-15,117.5583267211914,607.155029296875,1.1247328519821167,1313.5,51.10503005981445,18212.48046875
2016-09-16,116.57384490966795,606.9730224609375,1.124593734741211,1305.800048828125,51.15864562988281,18123.80078125
2016-09-17,,605.9840087890625,,,,
2016-09-18,,609.8740234375,,,,
2016-09-19,117.29151153564452,609.2269897460938,1.11584734916687,1313.5,50.8726921081543,18120.169921875
2016-09-20,117.57672882080078,608.31201171875,1.118067979812622,1313.699951171875,50.76545333862305,18129.9609375
2016-09-21,120.12535095214844,597.1489868164062,1.1153992414474487,1326.9000244140625,51.61436462402344,18293.69921875
2016-09-22,121.33063507080078,596.2979736328125,1.1193194389343262,1340.4000244140625,51.66798782348633,18392.4609375
2016-09-23,121.24784088134766,602.8419799804688,1.1210134029388428,1337.199951171875,51.31948471069336,18261.44921875
2016-09-24,,602.625,,,,
2016-09-25,,600.8259887695312,,,,
2016-09-26,120.1345443725586,608.0430297851562,1.123923897743225,1339.699951171875,50.84588241577149,18094.830078125
2016-09-27,120.82460021972656,606.166015625,1.124985933303833,1325.9000244140625,51.7841682434082,18228.30078125
2016-09-28,121.66187286376952,604.72802734375,1.121956706047058,1319.4000244140625,51.85565948486328,18339.240234375
2016-09-29,120.55778503417967,605.6929931640625,1.1224982738494873,1321.699951171875,51.29268646240234,18143.44921875
2016-09-30,121.21105194091795,609.7349853515625,1.121956706047058,1313.300048828125,51.47139739990234,18308.150390625
2016-10-01,,613.9829711914062,,,,
2016-10-02,,610.8920288085938,,,,
2016-10-03,121.79988861083984,612.1329956054688,1.1234692335128784,1309.0,51.31053924560547,18253.849609375
2016-10-04,121.68026733398438,610.2039794921875,1.121038556098938,1266.300048828125,51.14970779418945,18168.44921875
2016-10-05,123.8976593017578,612.510986328125,1.121076226234436,1265.199951171875,51.50715637207031,18281.029296875
2016-10-06,123.67683410644533,613.02099609375,1.120824933052063,1249.800048828125,51.59651565551758,18268.5
2016-10-07,123.15240478515624,617.1209716796875,1.1144545078277588,1248.9000244140625,51.65011596679688,18240.490234375
2016-10-08,,619.1079711914062,,,,
2016-10-09,,616.7520141601562,,,,
2016-10-10,124.98332977294922,618.9940185546875,1.1196954250335691,,51.86458969116211,18329.0390625
2016-10-11,123.05118560791016,641.072021484375,1.1140819787979126,1253.0,51.10503005981445,18128.66015625
2016-10-12,122.51753997802734,636.1920166015625,1.1061947345733645,1251.0999755859375,51.03352737426758,18144.19921875
2016-10-13,122.719970703125,636.7860107421875,1.1011881828308103,1255.0,50.86375045776367,18098.939453125
2016-10-14,122.83038330078124,640.3779907226562,1.1049723625183103,1253.0999755859375,51.31053924560547,18138.380859375
2016-10-15,,638.64599609375,,,,
2016-10-16,,641.6309814453125,,,,
2016-10-17,123.2904052734375,639.1929931640625,1.0967799425125122,1254.4000244140625,51.131832122802734,18086.400390625
2016-10-18,124.30249786376952,637.9600219726562,1.1015641689300537,1260.800048828125,51.52500534057617,18161.939453125
2016-10-19,125.2961654663086,630.52001953125,1.0976948738098145,1267.9000244140625,51.40884017944336,18202.619140625
2016-10-20,124.98332977294922,630.8569946289062,1.0975141525268557,1265.5999755859375,51.15864562988281,18162.349609375
2016-10-21,124.79015350341795,632.8280029296875,1.0930395126342771,1265.9000244140625,53.31222534179688,18145.7109375
2016-10-22,,657.2940063476562,,,,
2016-10-23,,657.0709838867188,,,,
2016-10-24,126.46466827392578,653.760986328125,1.0882576704025269,1262.0,54.5096435546875,18223.029296875
2016-10-25,127.90919494628906,657.5880126953125,1.0875475406646729,1271.9000244140625,54.500709533691406,18169.26953125
2016-10-26,133.9080810546875,678.3040161132812,1.0887316465377808,1264.800048828125,54.179012298583984,18199.330078125
2016-10-27,131.85633850097656,688.31298828125,1.091202735900879,1267.9000244140625,53.70539093017578,18169.6796875
2016-10-28,131.58029174804688,689.6510009765625,1.0900371074676514,1275.5,53.49988555908203,18161.189453125
2016-10-29,,714.47900390625,,,,
2016-10-30,,701.864013671875,,,,
2016-10-31,131.04664611816406,700.9719848632812,1.0984665155410769,1271.5,53.54454803466797,18142.419921875
2016-11-01,131.02822875976562,729.7930297851562,1.0973334312438965,1286.4000244140625,53.43732452392578,18037.099609375
2016-11-02,129.5009307861328,740.8289794921875,1.105705499649048,1306.800048828125,53.106689453125,17959.640625
2016-11-03,128.82923889160156,688.7000122070312,1.1097548007965088,1302.0999755859375,52.91009521484375,17930.669921875
2016-11-04,128.38766479492188,703.2349853515625,1.1102476119995115,1303.300048828125,52.46329116821289,17888.279296875
2016-11-05,,703.4180297851562,,,,
2016-11-06,,711.52197265625,,,,
2016-11-07,131.5987091064453,703.1309814453125,1.1101243495941162,1278.300048828125,53.9913444519043,18259.599609375
2016-11-08,131.8397674560547,709.8480224609375,1.1052166223526,1273.4000244140625,54.03602600097656,18332.740234375
2016-11-09,134.51919555664062,723.2730102539062,1.1019041538238523,1272.5999755859375,53.76795196533203,18589.689453125
2016-11-10,136.9297637939453,715.5339965820312,1.092060685157776,1265.5,52.4543571472168,18807.880859375
2016-11-11,137.6993408203125,716.4110107421875,1.0889687538146973,,52.74031829833984,18847.66015625
2016-11-12,,705.0540161132812,,,,
2016-11-13,,702.031005859375,,,,
2016-11-14,139.06222534179688,705.02099609375,1.0824854373931885,1221.199951171875,51.9360580444336,18868.689453125
2016-11-15,137.31918334960938,711.6190185546875,1.0750375986099243,1224.0,52.961647033691406,18923.060546875
2016-11-16,135.77085876464844,744.197998046875,1.0727311372756958,1223.4000244140625,53.66337203979492,18868.140625
2016-11-17,134.74171447753906,740.9769897460938,1.0706638097763062,1216.5,54.55401992797852,18903.8203125
2016-11-18,135.6874237060547,751.5850219726562,1.062304139137268,1208.5,54.29312896728516,18867.9296875
2016-11-19,,751.6160278320312,,,,
2016-11-20,,731.0260009765625,,,,
2016-11-21,136.3086395263672,739.2479858398438,1.0584250688552856,1209.5999755859375,54.751930236816406,18956.689453125
2016-11-22,138.62644958496094,751.3469848632812,1.0638864040374756,1211.0,54.985836029052734,19023.869140625
2016-11-23,138.8304443359375,744.593994140625,1.0633772611618042,1189.0999755859375,54.33810043334961,19083.1796875
2016-11-24,,740.2890014648438,1.0545185804367063,,,
2016-11-25,139.10855102539062,741.6489868164062,1.0561892986297607,1178.199951171875,54.45505905151367,19152.140625
2016-11-26,,735.3820190429688,,,,
2016-11-27,,732.0349731445312,,,,
2016-11-28,138.8582305908203,735.81298828125,1.0612331628799438,1190.5999755859375,54.52703094482422,19097.900390625
2016-11-29,140.59201049804688,735.60400390625,1.062134861946106,1187.9000244140625,54.9588508605957,19121.599609375
2016-11-30,139.59068298339844,745.6909790039062,1.0648492574691772,1170.800048828125,54.21215057373047,19123.580078125
2016-12-01,141.28736877441406,756.7739868164062,1.0592098236083984,1166.9000244140625,53.25852966308594,19191.9296875
2016-12-02,141.1575469970703,777.9439697265625,1.0663141012191772,1175.0999755859375,53.30350875854492,19170.419921875
2016-12-03,,771.155029296875,,,,
2016-12-04,,773.8720092773438,,,,
2016-12-05,141.0741424560547,758.7000122070312,1.0582010746002195,1174.0,54.176177978515625,19216.240234375
2016-12-06,141.14828491210938,764.2239990234375,1.0757315158843994,1167.5999755859375,53.93326187133789,19251.779296875
2016-12-07,142.9098663330078,768.1320190429688,1.072041153907776,1175.0,55.21074676513672,19549.619140625
2016-12-08,144.06878662109375,770.8099975585938,1.0761945247650146,1169.800048828125,54.88687515258789,19614.810546875
2016-12-09,145.08863830566406,772.7940063476562,1.062134861946106,1159.4000244140625,55.75054168701172,19756.849609375
2016-12-10,,774.6500244140625,,,,
2016-12-11,,769.7310180664062,,,,
2016-12-12,145.70982360839844,780.0869750976562,1.054741144180298,1163.5,55.93046569824219,19796.4296875
2016-12-13,145.24624633789062,780.5560302734375,1.0641694068908691,1156.699951171875,56.65916442871094,19911.2109375
2016-12-14,143.21580505371094,781.4810180664062,1.062925100326538,1161.300048828125,56.3892707824707,19792.529296875
2016-12-15,142.56680297851562,778.0880126953125,1.051414132118225,1127.800048828125,56.29930877685547,19852.240234375
2016-12-16,143.24362182617188,784.906982421875,1.0418837070465088,1135.300048828125,56.04740905761719,19843.41015625
2016-12-17,,790.8289794921875,,,,
2016-12-18,,790.530029296875,,,,
2016-12-19,144.8012237548828,792.7139892578125,1.0449975728988647,1140.5,57.23493957519531,19883.060546875
2016-12-20,144.9959259033203,800.8759765625,1.0405826568603516,1131.5,57.16296005249024,19974.619140625
2016-12-21,146.00653076171875,834.281005859375,1.039047360420227,1131.0999755859375,57.16296005249024,19941.9609375
2016-12-22,145.98800659179688,864.5399780273438,1.0428615808486938,1128.800048828125,57.17197036743164,19918.880859375
2016-12-23,146.31243896484375,921.9840087890624,1.0437650680541992,1131.9000244140625,56.89308166503906,19933.810546875
2016-12-24,,898.822021484375,,,,
2016-12-25,,896.1829833984375,,,,
2016-12-26,,907.6099853515624,1.045478343963623,,,
2016-12-27,146.00653076171875,933.197998046875,1.0456969738006592,1137.300048828125,56.92905807495117,19945.0390625
2016-12-28,144.72705078125,975.9210205078124,1.046233057975769,1139.4000244140625,56.668155670166016,19833.6796875
2016-12-29,144.346923828125,973.4970092773438,1.0416991710662842,1156.4000244140625,56.58720779418945,19819.779296875
2016-12-30,144.33766174316406,961.2379760742188,1.0575296878814695,1150.0,55.90346145629883,19762.599609375
2016-12-31,,963.7429809570312,,,,
2017-01-01,,998.3250122070312,,,,
2017-01-02,,1021.75,1.052698016166687,,,
2017-01-03,145.53369140625,1043.8399658203125,1.0460032224655151,1160.4000244140625,56.29930877685547,19881.759765625
2017-01-04,147.06346130371094,1154.72998046875,1.0419923067092896,1163.800048828125,56.04740905761719,19942.16015625
2017-01-05,147.1469268798828,1013.3800048828124,1.0500892400741575,1179.699951171875,56.04740905761719,19899.2890625
2017-01-06,147.50848388671875,902.2009887695312,1.0605915784835815,1171.9000244140625,56.53321838378906,19963.80078125
2017-01-07,,908.5850219726562,,,,
2017-01-08,,911.198974609375,,,,
2017-01-09,146.78530883789062,902.8280029296876,1.0531858205795288,1183.5,56.35329055786133,19887.380859375
2017-01-10,147.48069763183594,907.6790161132812,1.0588620901107788,1184.199951171875,56.33530044555664,19855.529296875
2017-01-11,147.78665161132812,777.7570190429688,1.055241942405701,1195.5999755859375,56.84810256958008,19954.279296875
2017-01-12,146.75747680664062,804.833984375,1.0597710609436035,1198.9000244140625,56.3263053894043,19891.0
2017-01-13,147.25819396972656,823.9840087890625,1.0616837739944458,1195.300048828125,56.40727233886719,19885.73046875
2017-01-14,,818.4119873046875,,,,
2017-01-15,,821.7979736328125,,,,
2017-01-16,,831.5339965820312,1.0628687143325806,,,
2017-01-17,146.1826629638672,907.93798828125,1.0602991580963137,1212.0,56.25433349609375,19826.76953125
2017-01-18,146.78530883789062,886.6179809570312,1.0696789026260376,1211.300048828125,56.22734451293945,19804.720703125
2017-01-19,147.41578674316406,899.072998046875,1.062778353691101,1200.9000244140625,56.04740905761719,19732.400390625
2017-01-20,147.9071502685547,895.0260009765625,1.0659730434417725,1204.300048828125,56.44325637817383,19827.25
2017-01-21,,921.7890014648438,,,,
2017-01-22,,924.6729736328124,,,,
2017-01-23,146.34030151367188,921.0120239257812,1.071375012397766,1215.0,56.64117813110352,19799.849609375
2017-01-24,148.85289001464844,892.68701171875,1.0760787725448608,1210.300048828125,57.144981384277344,19912.7109375
2017-01-25,155.16668701171875,901.5419921875,1.0728693008422852,1197.300048828125,57.288909912109375,20068.509765625
2017-01-26,156.7984619140625,917.5859985351562,1.0751993656158447,1189.5,57.81969451904297,20100.91015625
2017-01-27,155.48193359375,919.75,1.068296194076538,1188.0999755859375,59.17815780639648,20093.779296875
2017-01-28,,921.5900268554688,,,,
2017-01-29,,919.4959716796876,,,,
2017-01-30,153.50709533691406,920.3820190429688,1.0713980197906494,1193.199951171875,58.593379974365234,19971.130859375
2017-01-31,151.51373291015625,970.4030151367188,1.0708587169647217,1208.5999755859375,58.16156768798828,19864.08984375
2017-02-01,152.02366638183594,989.0230102539062,1.0803803205490112,1205.5999755859375,57.198951721191406,19890.939453125
2017-02-02,150.43824768066406,1011.7999877929688,1.0767391920089722,1216.699951171875,56.8300895690918,19884.91015625
2017-02-03,150.56805419921875,1029.9100341796875,1.0761713981628418,1218.5,57.288909912109375,20071.4609375
2017-02-04,,1042.9000244140625,,,,
2017-02-05,,1027.3399658203125,,,,
2017-02-06,152.03294372558594,1038.1500244140625,1.0782949924468994,1230.0,57.2529296875,20052.419921875
2017-02-07,154.36935424804688,1061.3499755859375,1.0743216276168823,1234.199951171875,57.064002990722656,20090.2890625
2017-02-08,153.1817626953125,1063.0699462890625,1.0678056478500366,1237.5999755859375,56.98304748535156,20054.33984375
2017-02-09,153.6212615966797,994.3829956054688,1.0692213773727417,1235.0999755859375,57.63078689575195,20172.400390625
2017-02-10,155.44471740722656,988.6740112304688,1.0658594369888306,1234.4000244140625,57.57679748535156,20269.369140625
2017-02-11,,1004.4500122070312,,,,
2017-02-12,,999.1810302734376,,,,
2017-02-13,157.12791442871094,990.6420288085938,1.061954379081726,1224.4000244140625,58.22453689575195,20412.16015625
2017-02-14,157.5674591064453,1004.5499877929688,1.059849739074707,1223.9000244140625,58.4417610168457,20504.41015625
2017-02-15,158.31553649902344,1007.47998046875,1.057831645011902,1231.699951171875,58.40556716918945,20611.859375
2017-02-16,159.72755432128906,1027.43994140625,1.0607378482818604,1240.0,58.3965072631836,20619.76953125
2017-02-17,161.50430297851562,1046.2099609375,1.0672245025634766,1237.5999755859375,58.48702239990234,20624.05078125
2017-02-18,,1054.4200439453125,,,,
2017-02-19,,1047.8699951171875,,,,
2017-02-20,,1079.97998046875,1.062665343284607,,,
2017-02-21,164.1693878173828,1115.300048828125,1.0609403848648071,1237.5,58.36935806274414,20743.0
2017-02-22,163.9823760986328,1117.43994140625,1.0542073249816897,1232.0,58.2516975402832,20775.599609375
2017-02-23,165.3850555419922,1166.719970703125,1.055408954620361,1250.199951171875,58.48702239990234,20810.3203125
2017-02-24,165.9274139404297,1173.6800537109375,1.0584474802017212,1256.9000244140625,58.48702239990234,20821.759765625
2017-02-25,,1143.8399658203125,,,,
2017-02-26,,1165.199951171875,,,,
2017-02-27,167.7882843017578,1179.969970703125,1.055275321006775,1257.4000244140625,58.13402938842773,20837.439453125
2017-02-28,168.536376953125,1179.969970703125,1.0584250688552856,1252.5999755859375,57.90775680541992,20812.240234375
2017-03-01,171.97763061523438,1222.5,1.0569148063659668,1248.9000244140625,58.776634216308594,21115.55078125
2017-03-02,171.1173095703125,1251.010009765625,1.0535852909088137,1231.9000244140625,57.93490982055664,21002.970703125
2017-03-03,170.35984802246094,1274.989990234375,1.0509721040725708,1225.5,58.152130126953125,21005.7109375
2017-03-04,,1255.1500244140625,,,,
2017-03-05,,1267.1199951171875,,,,
2017-03-06,169.19097900390625,1272.8299560546875,1.062044620513916,1224.5,58.170223236083984,20954.33984375
2017-03-07,170.2102508544922,1223.5400390625,1.0579211711883545,1215.0999755859375,58.287899017333984,20924.759765625
2017-03-08,169.94842529296875,1150.0,1.0570154190063477,1208.5,58.8218994140625,20855.73046875
2017-03-09,168.8543243408203,1188.489990234375,1.054741144180298,1202.4000244140625,58.58658981323242,20858.189453125
2017-03-10,167.10568237304688,1116.719970703125,1.0578428506851196,1200.699951171875,58.76759719848633,20902.98046875
2017-03-11,,1175.8299560546875,,,,
2017-03-12,,1221.3800048828125,,,,
2017-03-13,167.43295288085938,1231.9200439453125,1.0690041780471802,1202.4000244140625,58.568477630615234,20881.48046875
2017-03-14,167.13368225097656,1240.0,1.0651443004608154,1201.9000244140625,58.29695129394531,20837.369140625
2017-03-15,167.11502075195312,1249.6099853515625,1.0612443685531616,1200.0999755859375,58.60466766357422,20950.099609375
2017-03-16,166.62876892089844,1187.81005859375,1.0737909078598022,1226.5,58.50511169433594,20934.55078125
2017-03-17,168.41482543945312,1100.22998046875,1.077470064163208,1229.800048828125,58.713287353515625,20914.619140625
2017-03-18,,973.8179931640624,,,,
2017-03-19,,1036.739990234375,,,,
2017-03-20,167.75091552734375,1054.22998046875,1.0742985010147097,1233.5999755859375,58.76759719848633,20905.859375
2017-03-21,164.54345703125,1120.5400390625,1.073767900466919,1246.0999755859375,58.11592483520508,20668.009765625
2017-03-22,165.4972686767578,1049.1400146484375,1.081244707107544,1249.300048828125,58.858097076416016,20661.30078125
2017-03-23,165.75909423828125,1038.5899658203125,1.0790164470672607,1246.9000244140625,58.713287353515625,20656.580078125
2017-03-24,164.41253662109375,937.52001953125,1.0783880949020386,1248.199951171875,58.81284332275391,20596.720703125
2017-03-25,,972.7789916992188,,,,
2017-03-26,,966.7249755859376,,,,
2017-03-27,164.67437744140625,1045.77001953125,1.0849517583847046,1255.4000244140625,58.92145538330078,20550.98046875
2017-03-28,165.8525848388672,1047.1500244140625,1.0860947370529177,1255.300048828125,59.09343719482422,20701.5
2017-03-29,166.10508728027344,1039.969970703125,1.0817711353302002,1253.4000244140625,59.25633239746094,20659.3203125
2017-03-30,166.43235778808594,1026.4300537109375,1.0759629011154177,1245.0,59.47354888916016,20728.490234375
2017-03-31,165.3850555419922,1071.7900390625,1.0687072277069092,1247.300048828125,59.60933303833008,20663.220703125
2017-04-01,,1080.5,,,,
2017-04-02,,1102.1700439453125,,,,
2017-04-03,165.18865966796875,1143.81005859375,1.0668829679489136,1250.800048828125,59.32875061035156,20650.2109375
2017-04-04,167.10568237304688,1133.25,1.067008137702942,1255.0,59.49165725708008,20689.240234375
2017-04-05,165.5907745361328,1124.780029296875,1.0680338144302368,1245.4000244140625,59.33778762817383,20648.150390625
2017-04-06,165.8619384765625,1182.6800537109375,1.0672472715377808,1250.300048828125,59.49165725708008,20662.94921875
2017-04-07,167.2459259033203,1176.9000244140625,1.0644639730453491,1254.300048828125,59.44640350341797,20656.099609375
2017-04-08,,1175.949951171875,,,,
2017-04-09,,1187.8699951171875,,,,
2017-04-10,166.0396270751953,1187.1300048828125,1.0582010746002195,1251.0999755859375,59.31064987182617,20658.01953125
2017-04-11,166.98410034179688,1205.010009765625,1.0597598552703855,1271.199951171875,59.265403747558594,20651.30078125
2017-04-12,164.6275634765625,1200.3699951171875,1.0611318349838257,1275.300048828125,59.03911209106445,20591.859375
2017-04-13,164.22547912597656,1169.280029296875,1.0670650005340576,1285.9000244140625,58.78568649291992,20453.25
2017-04-14,,1167.5400390625,1.0616387128829956,,,
2017-04-15,,1172.52001953125,,,,
2017-04-16,,1182.93994140625,,,,
2017-04-17,167.4049072265625,1193.9100341796875,1.0610530376434326,1289.4000244140625,59.265403747558594,20636.919921875
2017-04-18,166.31080627441406,1211.6700439453125,1.0644525289535522,1291.699951171875,59.18393707275391,20523.279296875
2017-04-19,166.8251190185547,1210.2900390625,1.0728693008422852,1281.4000244140625,58.86715316772461,20404.490234375
2017-04-20,167.66673278808594,1229.0799560546875,1.0715012550354004,1281.9000244140625,59.28349304199219,20578.7109375
2017-04-21,168.6766815185547,1222.050048828125,1.0714898109436035,1287.4000244140625,60.09807968139648,20547.759765625
2017-04-22,,1231.7099609375,,,,
2017-04-23,,1207.2099609375,,,,
2017-04-24,170.24766540527344,1250.1500244140625,1.087393879890442,1275.800048828125,61.12081527709961,20763.890625
2017-04-25,171.6035614013672,1265.489990234375,1.0864840745925903,1265.5999755859375,61.47382736206055,20996.119140625
2017-04-26,169.9203643798828,1281.0799560546875,1.0928245782852173,1262.0999755859375,61.3923454284668,20975.08984375
2017-04-27,171.33241271972656,1317.72998046875,1.090893268585205,1263.699951171875,61.79060363769531,20981.330078125
2017-04-28,172.83795166015625,1316.47998046875,1.0864251852035522,1266.0999755859375,61.96253967285156,20940.509765625
2017-04-29,,1321.7900390625,,,,
2017-04-30,,1347.8900146484375,,,,
2017-05-01,170.55625915527344,1421.5999755859375,1.0907504558563232,1253.300048828125,62.82238006591797,20913.4609375
2017-05-02,171.53810119628906,1452.8199462890625,1.090893268585205,1255.0999755859375,62.72283554077149,20949.890625
2017-05-03,171.4913787841797,1490.0899658203125,1.0935654640197754,1246.4000244140625,62.52372741699219,20957.900390625
2017-05-04,171.192138671875,1537.6700439453125,1.0888975858688354,1226.5,62.27936172485352,20951.470703125
2017-05-05,173.0062255859375,1555.449951171875,1.098152995109558,1224.800048828125,62.45131301879883,21006.939453125
2017-05-06,,1578.800048828125,,,,
2017-05-07,,1596.7099609375,,,,
2017-05-08,173.9507598876953,1723.3499755859375,1.0965152978897097,1225.300048828125,62.39702606201172,21012.279296875
2017-05-09,174.78298950195312,1755.3599853515625,1.0927767753601074,1214.300048828125,62.48751831054688,20975.779296875
2017-05-10,172.60629272460938,1787.1300048828125,1.0886842012405396,1217.300048828125,62.73188018798828,20943.109375
2017-05-11,173.3224639892578,1848.5699462890625,1.087074637413025,1222.699951171875,61.96253967285156,20919.419921875
2017-05-12,172.6722869873047,1724.239990234375,1.086495876312256,1226.199951171875,61.89015579223633,20896.609375
2017-05-13,,1804.9100341796875,,,,
2017-05-14,,1808.9100341796875,,,,
2017-05-15,171.86192321777344,1738.4300537109375,1.0927289724349976,1228.5999755859375,61.93540954589844,20981.939453125
2017-05-16,172.15402221679688,1734.449951171875,1.0981770753860474,1235.0,63.182498931884766,20979.75
2017-05-17,168.4602813720703,1839.0899658203125,1.1093976497650146,1257.5,61.425662994384766,20606.9296875
2017-05-18,167.15997314453125,1888.6500244140625,1.115635633468628,1251.699951171875,61.635009765625,20663.01953125
2017-05-19,170.32603454589844,1987.7099609375,1.1113580465316772,1252.699951171875,61.6168098449707,20804.83984375
2017-05-20,,2084.72998046875,,,,
2017-05-21,,2041.199951171875,,,,
2017-05-22,173.06802368164062,2173.39990234375,1.120485782623291,1260.699951171875,62.30862045288086,20894.830078125
2017-05-23,172.8984375,2320.419921875,1.123885989189148,1254.800048828125,62.51800537109375,20937.91015625
2017-05-24,174.5568389892578,2443.639892578125,1.11793053150177,1252.4000244140625,62.599910736083984,21012.419921875
2017-05-25,176.27178955078125,2304.97998046875,1.123090744018555,1255.800048828125,63.373661041259766,21082.94921875
2017-05-26,175.81948852539062,2202.419921875,1.121076226234436,1267.5999755859375,63.683143615722656,21080.279296875
2017-05-27,,2038.8699951171875,,,,
2017-05-28,,2155.800048828125,,,,
2017-05-29,,2255.610107421875,1.1176055669784546,,,
2017-05-30,176.09274291992188,2175.469970703125,1.1129041910171509,1262.0999755859375,64.0927734375,21029.470703125
2017-05-31,176.79946899414062,2286.409912109375,1.117168664932251,1272.0,63.57390594482422,21008.650390625
2017-06-01,176.50735473632812,2407.8798828125,1.124353528022766,1267.0,63.81060409545898,21144.1796875
2017-06-02,179.2493896484375,2488.550048828125,1.1215791702270508,1276.800048828125,65.32166290283203,21206.2890625
2017-06-03,,2515.35009765625,,,,
2017-06-04,,2511.81005859375,,,,
2017-06-05,178.0432586669922,2686.81005859375,1.128082513809204,1279.300048828125,65.79500579833984,21184.0390625
2017-06-06,175.9702606201172,2863.199951171875,1.1256824731826782,1294.4000244140625,66.01345825195312,21136.23046875
2017-06-07,177.2423553466797,2732.159912109375,1.1271415948867798,1290.0999755859375,65.8951187133789,21173.689453125
2017-06-08,178.96669006347656,2805.6201171875,1.125517725944519,1276.300048828125,65.49461364746094,21182.529296875
2017-06-09,179.06094360351562,2823.81005859375,1.118480563163757,1268.5,64.01084899902344,21271.970703125
2017-06-10,,2947.7099609375,,,,
2017-06-11,,2958.110107421875,,,,
2017-06-12,179.0326690673828,2659.6298828125,1.1201971769332886,1266.0999755859375,63.519287109375,21235.669921875
2017-06-13,180.05972290039062,2717.02001953125,1.1196202039718628,1265.800048828125,64.3112564086914,21328.470703125
2017-06-14,181.27528381347656,2506.3701171875,1.1208877563476562,1272.800048828125,63.96531677246094,21374.560546875
2017-06-15,184.1680603027344,2464.580078125,1.1215791702270508,1252.199951171875,63.628536224365234,21359.900390625
2017-06-16,185.10092163085935,2518.56005859375,1.1146905422210691,1254.0,63.71956253051758,21384.279296875
2017-06-17,,2655.8798828125,,,,
2017-06-18,,2548.2900390625,,,,
2017-06-19,187.58853149414065,2589.60009765625,1.120824933052063,1244.199951171875,64.51148223876953,21528.990234375
2017-06-20,186.8818206787109,2721.7900390625,1.1144545078277588,1241.0,63.63763046264648,21467.140625
2017-06-21,187.67335510253903,2689.10009765625,1.1136974096298218,1243.4000244140625,63.96531677246094,21410.029296875
2017-06-22,187.9277801513672,2705.409912109375,1.1167196035385132,1247.5999755859375,63.95623397827149,21397.2890625
2017-06-23,190.5566864013672,2744.909912109375,1.1149640083312988,1256.199951171875,64.82099151611328,21394.759765625
2017-06-24,,2608.719970703125,,,,
2017-06-25,,2589.409912109375,,,,
2017-06-26,188.4365692138672,2478.449951171875,1.1198835372924805,1246.300048828125,64.20201110839844,21409.55078125
2017-06-27,187.4094696044922,2552.449951171875,1.118355631828308,1246.4000244140625,63.00043869018555,21310.66015625
2017-06-28,188.09735107421875,2574.7900390625,1.1339154243469238,1248.0,63.53750228881836,21454.609375
2017-06-29,186.0620574951172,2539.320068359375,1.1382650136947632,1244.199951171875,62.345027923583984,21287.029296875
2017-06-30,186.3352813720703,2480.840087890625,1.144164800643921,1240.699951171875,62.74556350708008,21349.630859375
2017-07-01,,2434.550048828125,,,,
2017-07-02,,2506.469970703125,,,,
2017-07-03,187.12680053710935,2564.06005859375,1.1423088312149048,1217.9000244140625,62.05373764038086,21479.26953125
2017-07-04,,2601.639892578125,1.1371389627456665,,,
2017-07-05,190.16094970703125,2601.989990234375,1.1360150575637815,1220.4000244140625,62.88212203979492,21478.169921875
2017-07-06,189.8500061035156,2608.56005859375,1.134687423706055,1222.199951171875,62.41784286499024,21320.0390625
2017-07-07,190.6886138916016,2518.659912109375,1.1424784660339355,1208.5999755859375,63.22798538208008,21414.33984375
2017-07-08,,2571.340087890625,,,,
2017-07-09,,2518.43994140625,,,,
2017-07-10,192.1868438720703,2372.56005859375,1.140380859375,1212.0999755859375,63.701358795166016,21408.51953125
2017-07-11,194.3635406494141,2337.7900390625,,1213.5999755859375,63.7104606628418,21409.0703125
2017-07-12,194.5236968994141,2398.840087890625,1.1473942995071411,1218.0999755859375,64.76638793945312,21532.140625
2017-07-13,194.3257751464844,2357.89990234375,1.1418914794921875,1216.300048828125,65.33075714111328,21553.08984375
2017-07-14,196.4742126464844,2233.340087890625,1.140393853187561,1226.5999755859375,66.2501220703125,21637.740234375
2017-07-15,,1998.8599853515625,,,,
2017-07-16,,1929.8199462890625,,,,
2017-07-17,196.93589782714844,2228.409912109375,1.147539138793945,1232.800048828125,66.76898193359375,21629.720703125
2017-07-18,196.2198181152344,2318.8798828125,1.1474337577819824,1241.0999755859375,66.72348022460938,21574.73046875
2017-07-19,198.70741271972656,2273.429931640625,1.1549744606018066,1241.199951171875,67.23324584960938,21640.75
2017-07-20,198.14202880859372,2817.60009765625,1.1528440713882446,1244.800048828125,67.56094360351562,21611.779296875
2017-07-21,199.8946685791016,2667.760009765625,1.1628718376159668,1254.300048828125,67.1695327758789,21580.0703125
2017-07-22,,2810.1201171875,,,,
2017-07-23,,2730.39990234375,,,,
2017-07-24,199.93235778808597,2754.860107421875,1.1681697368621826,1253.9000244140625,66.99656677246094,21513.169921875
2017-07-25,200.1962127685547,2576.47998046875,1.1638869047164917,1251.699951171875,67.53363800048828,21613.4296875
2017-07-26,219.9745941162109,2529.449951171875,1.164456129074097,1249.0,67.40617370605469,21711.009765625
2017-07-27,227.0887756347656,2671.780029296875,1.1728004217147827,1259.5999755859375,66.59606170654297,21796.55078125
2017-07-28,227.3431854248047,2809.010009765625,1.1688660383224487,1268.4000244140625,66.48683166503906,21830.310546875
2017-07-29,,2726.449951171875,,,,
2017-07-30,,2757.179931640625,,,,
2017-07-31,228.46453857421875,2875.340087890625,1.1747292280197144,1266.5999755859375,66.17729949951172,21891.119140625
2017-08-01,225.6188201904297,2718.260009765625,1.182410478591919,1272.5999755859375,66.06806945800781,21963.919921875
2017-08-02,224.21485900878903,2710.669921875,1.1811256408691406,1271.800048828125,65.77680969238281,22016.240234375
2017-08-03,224.49752807617188,2804.72998046875,1.1851149797439575,1267.800048828125,65.67666625976562,22026.099609375
2017-08-04,223.98870849609372,2895.889892578125,1.1884952783584597,1258.300048828125,66.15911102294922,22092.810546875
2017-08-05,,3252.909912109375,,,,
2017-08-06,,3213.93994140625,,,,
2017-08-07,226.3632354736328,3378.93994140625,1.1778424978256226,1258.199951171875,65.90423583984375,22118.419921875
2017-08-08,225.6753845214844,3419.93994140625,1.1800941228866575,1256.4000244140625,66.25923156738281,22085.33984375
2017-08-09,222.101806640625,3342.469970703125,1.1754610538482666,1273.0,65.96797180175781,22048.69921875
2017-08-10,220.7462921142578,3381.280029296875,1.1761523485183716,1283.699951171875,65.00304412841797,21844.009765625
2017-08-11,222.64208984375,3650.6201171875,1.177024483680725,1287.699951171875,65.9952621459961,21858.3203125
2017-08-12,,3884.7099609375,,,,
2017-08-13,,4073.260009765625,,,,
2017-08-14,224.7938232421875,4325.1298828125,1.182550311088562,1284.199951171875,66.98746490478516,21993.7109375
2017-08-15,226.7085876464844,4181.93017578125,1.1775789260864258,1273.699951171875,67.00577545166016,21998.990234375
2017-08-16,225.2108917236328,4376.6298828125,1.174122333526611,1276.9000244140625,67.3992691040039,22024.869140625
2017-08-17,223.31509399414065,4331.68994140625,1.1774264574050903,1286.4000244140625,66.25537109375,21750.73046875
2017-08-18,223.4857482910156,4160.6201171875,1.171550154685974,1285.699951171875,66.33771514892578,21674.509765625
2017-08-19,,4193.7001953125,,,,
2017-08-20,,4087.659912109375,,,,
2017-08-21,223.40040588378903,4001.739990234375,1.1756268739700315,1290.800048828125,66.02658081054688,21703.75
2017-08-22,227.25836181640625,4100.52001953125,1.1811953783035278,1285.0999755859375,66.95086669921875,21899.890625
2017-08-23,225.6848602294922,4151.52001953125,1.176221489906311,1288.9000244140625,66.54821014404297,21812.08984375
2017-08-24,226.3009796142578,4334.68017578125,1.1816558837890625,1286.5,66.52075958251953,21783.400390625
2017-08-25,223.59947204589844,4371.60009765625,1.1802195310592651,1292.5,66.63970947265625,21813.669921875
2017-08-26,,4352.39990234375,,,,
2017-08-27,,4382.8798828125,,,,
2017-08-28,224.8222503662109,4382.66015625,1.1951857805252075,1309.699951171875,66.64887237548828,21808.400390625
2017-08-29,227.9597930908203,4579.02001953125,1.1963869333267212,1313.0999755859375,66.85020446777344,21865.369140625
2017-08-30,227.93136596679688,4565.2998046875,1.1970456838607788,1308.0999755859375,67.72872924804688,21892.4296875
2017-08-31,227.17308044433597,4703.39013671875,1.1893434524536133,1316.199951171875,68.4242172241211,21948.099609375
2017-09-01,227.80813598632807,4892.009765625,1.191043257713318,1324.5,67.66465759277344,21987.560546875
2017-09-02,,4578.77001953125,,,,
2017-09-03,,4582.9599609375,,,,
2017-09-04,,4236.31005859375,1.1882835626602173,,,
2017-09-05,224.65164184570312,4376.52978515625,1.1893434524536133,1339.199951171875,67.3626708984375,21753.310546875
2017-09-06,222.3956451416016,4597.1201171875,1.1924067735671997,1333.9000244140625,67.1705093383789,21807.640625
2017-09-07,223.99757385253903,4599.8798828125,1.1927765607833862,1345.0999755859375,68.03071594238281,21784.779296875
2017-09-08,226.33889770507807,4228.75,1.2029062509536743,1346.0,67.70127868652344,21797.7890625
2017-09-09,,4226.06005859375,,,,
2017-09-10,,4122.93994140625,,,,
2017-09-11,228.05458068847656,4161.27001953125,1.2017642259597778,1331.0,68.41505432128906,22057.369140625
2017-09-12,228.04510498046875,4130.81005859375,1.1959433555603027,1328.0,68.34185791015625,22118.859375
2017-09-13,229.3247528076172,3882.590087890625,1.1974613666534424,1323.4000244140625,68.82687377929688,22158.1796875
2017-09-14,232.45281982421875,3154.949951171875,1.1890605688095093,1324.699951171875,68.4242172241211,22203.48046875
2017-09-15,236.0264129638672,3637.52001953125,1.1921650171279907,1320.4000244140625,68.91837310791016,22268.33984375
2017-09-16,,3625.0400390625,,,,
2017-09-17,,3582.8798828125,,,,
2017-09-18,239.8938140869141,4065.199951171875,1.193716287612915,1306.300048828125,68.78111267089844,22331.349609375
2017-09-19,239.30615234375,3924.969970703125,1.1959290504455566,1306.199951171875,69.0373764038086,22370.80078125
2017-09-20,242.1498260498047,3905.949951171875,1.199256420135498,1312.0,68.5798110961914,22412.58984375
2017-09-21,242.6996307373047,3631.0400390625,1.1872113943099976,1290.5999755859375,67.91175079345703,22359.23046875
2017-09-22,243.08824157714844,3630.699951171875,1.194557547569275,1293.300048828125,68.09477233886719,22349.58984375
2017-09-23,,3792.39990234375,,,,
2017-09-24,,3682.840087890625,,,,
2017-09-25,241.0692138671875,3926.070068359375,1.1927196979522705,1306.800048828125,67.04236602783203,22296.08984375
2017-09-26,240.4815216064453,3892.35009765625,1.185564637184143,1297.0,67.04236602783203,22284.3203125
2017-09-27,241.97921752929688,4200.669921875,1.1786059141159058,1283.4000244140625,67.58228302001953,22340.7109375
2017-09-28,241.0218505859375,4174.72998046875,1.1749638319015503,1285.5,67.6006088256836,22381.19921875
2017-09-29,240.96495056152344,4163.06982421875,1.178175449371338,1281.5,68.16798400878906,22405.08984375
2017-09-30,,4338.7099609375,,,,
2017-10-01,,4403.740234375,,,,
2017-10-02,242.65220642089844,4409.31982421875,1.1807351112365725,1272.699951171875,68.2778091430664,22557.599609375
2017-10-03,242.1498260498047,4317.47998046875,1.173378348350525,1271.5,67.9574966430664,22641.669921875
2017-10-04,242.43418884277344,4229.35986328125,1.17475688457489,1273.699951171875,68.35100555419922,22661.640625
2017-10-05,245.401123046875,4328.41015625,1.175723671913147,1269.9000244140625,69.5223617553711,22775.390625
2017-10-06,245.10726928710935,4370.81005859375,1.1712344884872437,1271.5999755859375,69.54981994628906,22773.669921875
2017-10-07,,4426.89013671875,,,,
2017-10-08,,4610.47998046875,,,,
2017-10-09,244.92718505859372,4772.02001953125,1.1742464303970337,1281.800048828125,69.81522369384766,22761.0703125
2017-10-10,247.33480834960935,4781.990234375,1.1741636991500854,1290.5999755859375,69.81522369384766,22830.6796875
2017-10-11,247.81822204589844,4826.47998046875,1.1814883947372437,1285.800048828125,69.9341812133789,22872.890625
2017-10-12,248.26377868652344,5446.91015625,1.1865493059158323,1293.300048828125,70.57477569580078,22841.009765625
2017-10-13,247.1546936035156,5647.2099609375,1.1831799745559692,1301.5,70.9133529663086,22871.720703125
2017-10-14,,5831.7900390625,,,,
2017-10-15,,5678.18994140625,,,,
2017-10-16,246.21627807617188,5725.58984375,1.181404709815979,1299.9000244140625,71.05977630615234,22956.9609375
2017-10-17,245.14517211914065,5605.509765625,1.1794538497924805,1283.0,71.00489044189453,22997.439453125
2017-10-18,246.4912109375,5590.68994140625,1.1771907806396484,1279.9000244140625,71.023193359375,23157.599609375
2017-10-19,245.54330444335935,5708.52001953125,1.179523468017578,1286.9000244140625,71.29774475097656,23163.0390625
2017-10-20,250.95574951171875,6011.4501953125,1.184805989265442,1277.4000244140625,72.121337890625,23328.630859375
2017-10-21,,6031.60009765625,,,,
2017-10-22,,6008.419921875,,,,
2017-10-23,248.65237426757807,5930.31982421875,1.175364375114441,1277.699951171875,72.1396484375,23273.9609375
2017-10-24,252.140625,5526.64013671875,1.1759172677993774,1275.0,72.1671142578125,23441.759765625
2017-10-25,244.9556121826172,5750.7998046875,1.1759034395217896,1275.4000244140625,71.95662689208984,23329.4609375
2017-10-26,245.7613220214844,5904.830078125,1.182075023651123,1266.300048828125,72.07557678222656,23400.859375
2017-10-27,243.0977020263672,5780.89990234375,1.163724422454834,1268.5,76.69699096679688,23434.189453125
2017-10-28,,5753.08984375,,,,
2017-10-29,,6153.85009765625,,,,
2017-10-30,245.7423248291016,6130.52978515625,1.160456299781799,1274.0999755859375,76.77021789550781,23348.740234375
2017-10-31,244.53851318359372,6468.39990234375,1.1652703285217283,1267.0,76.1204605102539,23377.240234375
2017-11-01,245.03140258789065,6767.31005859375,1.165175199508667,1274.0999755859375,76.1204605102539,23435.009765625
2017-11-02,248.9462127685547,7078.5,1.1628718376159668,1274.9000244140625,76.91661071777344,23516.259765625
2017-11-03,248.11212158203125,7207.759765625,1.1661807298660278,1266.5,76.99898529052734,23539.189453125
2017-11-04,,7379.9501953125,,,,
2017-11-05,,7407.41015625,,,,
2017-11-06,250.31124877929688,7022.759765625,1.1614941358566284,1279.4000244140625,77.30098724365234,23548.419921875
2017-11-07,252.26388549804688,7144.3798828125,1.1612648963928225,1273.699951171875,77.11793518066406,23557.23046875
2017-11-08,251.73306274414065,7459.68994140625,1.1601063013076782,1281.5999755859375,77.3833236694336,23563.359375
2017-11-09,250.35125732421875,7143.580078125,1.15968918800354,1285.5999755859375,76.9532470703125,23461.939453125
2017-11-10,248.58819580078125,6618.14013671875,1.164686679840088,1272.4000244140625,76.75188446044922,23422.2109375
2017-11-11,,6357.60009765625,,,,
2017-11-12,,5950.06982421875,,,,
2017-11-13,250.08441162109372,6559.490234375,1.166112780570984,1277.300048828125,76.80680084228516,23439.69921875
2017-11-14,249.4554443359375,6635.75,1.1664936542510986,1281.5,76.91661071777344,23409.470703125
2017-11-15,250.50369262695312,7315.5400390625,1.1792869567871094,1276.5,76.31883239746094,23271.279296875
2017-11-16,251.30421447753903,7871.68994140625,,1277.4000244140625,76.52113342285156,23458.359375
2017-11-17,249.9319000244141,7708.990234375,1.177745342254639,1295.800048828125,75.78534698486328,23358.240234375
2017-11-18,,7790.14990234375,,,,
2017-11-19,,8036.490234375,,,,
2017-11-20,252.19053649902344,8200.6396484375,1.1731857061386108,1274.5999755859375,75.9049301147461,23430.330078125
2017-11-21,254.43955993652344,8071.259765625,1.174122333526611,1281.0999755859375,76.99940490722656,23590.830078125
2017-11-22,252.68606567382807,8253.5498046875,1.173722743988037,1291.5999755859375,76.43836212158203,23526.1796875
2017-11-23,,8038.77001953125,1.1814744472503662,,,
2017-11-24,253.3817443847656,8253.6904296875,1.1853959560394287,1286.699951171875,76.57630920410156,23557.990234375
2017-11-25,,8790.919921875,,,,
2017-11-26,,9330.5498046875,,,,
2017-11-27,253.09585571289065,9818.349609375,1.1926485300064087,1293.800048828125,77.1373519897461,23580.779296875
2017-11-28,255.3925628662109,10058.7998046875,1.1904903650283811,1294.699951171875,78.06627655029297,23836.7109375
2017-11-29,256.6409912109375,9888.6103515625,1.184805989265442,1282.0999755859375,76.64989471435547,23940.6796875
2017-11-30,263.7884216308594,10233.599609375,1.18519926071167,1273.199951171875,77.41324615478516,24272.349609375
2017-12-01,258.6232604980469,10975.599609375,1.1898245811462402,1278.800048828125,77.4960708618164,24231.58984375
2017-12-02,,11074.599609375,,,,
2017-12-03,,11323.2001953125,,,,
2017-12-04,264.9034729003906,11657.2001953125,1.1859863996505735,1274.300048828125,74.5713119506836,24290.05078125
2017-12-05,262.587646484375,11916.7001953125,1.1867746114730835,1261.5999755859375,75.04035186767578,24180.640625
2017-12-06,265.1893005371094,14291.5,1.1832919120788574,1262.800048828125,76.13484954833984,24140.91015625
2017-12-07,268.71539306640625,17899.69921875,1.1804285049438477,1249.800048828125,75.86813354492188,24211.48046875
2017-12-08,272.4606628417969,16569.400390625,1.1772184371948242,1245.199951171875,77.4040756225586,24329.16015625
2017-12-09,,15178.2001953125,,,,
2017-12-10,,15455.400390625,,,,
2017-12-11,269.8494567871094,16936.80078125,1.176996827125549,1243.699951171875,78.38817596435547,24386.029296875
2017-12-12,276.310791015625,17415.400390625,1.1777591705322266,1238.5,78.71006774902344,24504.80078125
2017-12-13,278.1214599609375,16408.19921875,1.1742602586746216,1245.4000244140625,78.49855041503906,24585.4296875
2017-12-14,280.0655517578125,16564.0,1.1835860013961792,1253.800048828125,77.89152526855469,24508.66015625
2017-12-15,280.12274169921875,17706.900390625,1.1774957180023191,1254.300048828125,79.87812805175781,24651.740234375
2017-12-16,,19497.400390625,,,,
2017-12-17,,19140.80078125,,,,
2017-12-18,282.2193298339844,19114.19921875,1.1743566989898682,1262.199951171875,79.44583892822266,24792.19921875
2017-12-19,283.2771301269531,17776.69921875,1.1784253120422363,1260.699951171875,78.94003295898438,24754.75
2017-12-20,283.89654541015625,16624.599609375,1.1841325759887695,1266.0999755859375,78.65487670898438,24726.650390625
2017-12-21,281.1614685058594,15802.900390625,1.1878176927566528,1267.300048828125,78.63650512695312,24782.2890625
2017-12-22,281.2281799316406,13831.7998046875,1.185733199119568,1275.4000244140625,78.64570617675781,24754.060546875
2017-12-23,,14699.2001953125,,,,
2017-12-24,,13925.7998046875,,,,
2017-12-25,,14026.599609375,1.1856067180633545,,,
2017-12-26,281.4759216308594,16099.7998046875,1.187253713607788,1284.0999755859375,78.54454803466797,24746.2109375
2017-12-27,281.7237548828125,15838.5,1.1857894659042358,1287.0,78.82964324951172,24774.30078125
2017-12-28,282.41943359375,14606.5,1.1900794506072998,1294.0999755859375,78.83883666992188,24837.509765625
2017-12-29,281.0471496582031,14656.2001953125,1.1941723823547363,1306.300048828125,78.67327880859375,24719.220703125
2017-12-30,,12952.2001953125,,,,
2017-12-31,,14156.400390625,,,,
2018-01-01,,13657.2001953125,1.200494647026062,,,
2018-01-02,282.88641357421875,14982.099609375,1.2011579275131226,1313.699951171875,79.05036926269531,24824.009765625
2018-01-03,283.8013000488281,15201.0,1.2063454389572144,1316.199951171875,79.41829681396484,24922.6796875
2018-01-04,282.72442626953125,15599.2001953125,1.2010425329208374,1319.4000244140625,80.11726379394531,25075.130859375
2018-01-05,294.32232666015625,17429.5,1.2068840265274048,1320.300048828125,81.11055755615234,25295.869140625
2018-01-06,,17527.0,,,,
2018-01-07,,16477.599609375,,,,
2018-01-08,295.5707092285156,15170.099609375,1.2037460803985596,1318.5999755859375,81.1933364868164,25283.0
2018-01-09,303.46148681640625,14595.400390625,1.1970456838607788,1311.699951171875,81.1381607055664,25385.80078125
2018-01-10,305.2055053710937,14973.2998046875,1.1929330825805664,1317.4000244140625,80.77025604248047,25369.130859375
2018-01-11,312.69598388671875,13405.7998046875,1.195614457130432,1320.5999755859375,81.0093994140625,25574.73046875
2018-01-12,320.4057006835937,13980.599609375,1.2042099237442017,1333.4000244140625,82.40739440917969,25803.189453125
2018-01-13,,14360.2001953125,,,,
2018-01-14,,13772.0,,,,
2018-01-15,,13819.7998046875,1.2192296981811523,,,
2018-01-16,319.4051513671875,11490.5,1.2268433570861816,1335.4000244140625,81.25773620605469,25792.859375
2018-01-17,334.5100402832031,11188.599609375,1.227129340171814,1338.0,82.90402221679688,26115.650390625
2018-01-18,324.1700744628906,11474.900390625,1.218397855758667,1326.0,82.86724090576172,26017.810546875
2018-01-19,321.85430908203125,11607.400390625,1.2236607074737549,1331.9000244140625,82.7752914428711,26071.720703125
2018-01-20,,12899.2001953125,,,,
2018-01-21,,11600.099609375,,,,
2018-01-22,322.11163330078125,10931.400390625,1.2255502939224243,1330.9000244140625,84.25603485107422,26214.599609375
2018-01-23,319.8148803710937,10868.400390625,1.2256253957748413,1335.699951171875,84.52275848388672,26210.810546875
2018-01-24,318.9571533203125,11359.400390625,1.2310267686843872,1355.9000244140625,84.44916534423828,26252.119140625
2018-01-25,326.9813537597656,11259.400390625,1.239111304283142,1362.4000244140625,84.91822052001953,26392.7890625
2018-01-26,327.086181640625,11171.400390625,1.239234209060669,1351.5999755859375,86.50936126708984,26616.7109375
2018-01-27,,11440.7001953125,,,,
2018-01-28,,11786.2998046875,,,,
2018-01-29,324.799072265625,11296.400390625,1.2428072690963743,,86.38059997558594,26439.48046875
2018-01-30,321.835205078125,10106.2998046875,1.2381141185760498,1335.4000244140625,85.29531860351562,26076.890625
2018-01-31,337.71209716796875,10221.099609375,1.2409565448760986,1339.0,87.38310241699219,26149.390625
2018-02-01,340.1612548828125,9170.5400390625,1.241865873336792,1344.300048828125,86.69327545166016,26186.7109375
2018-02-02,332.5087585449219,8830.75,1.2510008811950684,1333.699951171875,84.41239929199219,25520.9609375
2018-02-03,,9174.91015625,,,,
2018-02-04,,8277.009765625,,,,
2018-02-05,313.4203186035156,6955.27001953125,1.244694471359253,1333.0,80.93580627441406,24345.75
2018-02-06,324.8847961425781,7754.0,1.2367818355560305,1326.0999755859375,83.99850463867188,24912.76953125
2018-02-07,331.755859375,7621.2998046875,1.238129496574402,1311.5999755859375,82.41654968261719,24893.349609375
2018-02-08,315.71441650390625,8265.58984375,1.2268133163452148,1316.9000244140625,78.18584442138672,23860.4609375
2018-02-09,318.7503356933594,8736.98046875,1.2260762453079224,1313.0999755859375,81.10137176513672,24190.900390625
2018-02-10,,8621.900390625,,,,
2018-02-11,,8129.97021484375,,,,
2018-02-12,329.2562866210937,8926.5703125,1.2252799272537231,1324.199951171875,81.97511291503906,24601.26953125
2018-02-13,328.6433410644531,8598.3095703125,1.2303755283355713,1328.0999755859375,82.61890411376953,24640.44921875
2018-02-14,330.2618713378906,9494.6298828125,1.235376238822937,1355.5,83.9125747680664,24893.490234375
2018-02-15,341.3807373046875,10166.400390625,1.2467273473739624,1352.0999755859375,85.62207794189453,25200.369140625
2018-02-16,340.02081298828125,10233.900390625,1.2503595352172852,1353.199951171875,85.01221466064453,25219.380859375
2018-02-17,,11112.7001953125,,,,
2018-02-18,,10551.7998046875,,,,
2018-02-19,,11225.2998046875,1.241187572479248,,,
2018-02-20,338.4022521972656,11403.7001953125,1.2398641109466553,1328.800048828125,85.67749786376953,24964.75
2018-02-21,337.4637451171875,10690.400390625,1.233532428741455,1330.0,84.54094696044922,24797.779296875
2018-02-22,340.86358642578125,10005.0,1.2281843423843384,1330.5999755859375,84.7626953125,24962.48046875
2018-02-23,341.572265625,10301.099609375,1.2326656579971311,1328.199951171875,86.91572570800781,25309.990234375
2018-02-24,,9813.0703125,,,,
2018-02-25,,9664.73046875,,,,
2018-02-26,348.103759765625,10366.7001953125,1.228712558746338,1330.699951171875,88.17243957519531,25709.26953125
2018-02-27,349.2146911621094,10725.599609375,1.2315573692321775,1315.5,87.04508209228516,25410.029296875
2018-02-28,346.8874816894531,10397.900390625,1.2230321168899536,1315.5,86.64775848388672,25029.19921875
2018-03-01,334.8970947265625,10951.0,1.2191256284713743,1302.9000244140625,85.7976303100586,24608.98046875
2018-03-02,330.0895080566406,11086.400390625,1.2270842790603638,1321.0999755859375,85.98245239257812,24538.060546875
2018-03-03,,11489.7001953125,,,,
2018-03-04,,11512.599609375,,,,
2018-03-05,337.8276672363281,11573.2998046875,1.2315422296524048,1318.0999755859375,86.52761840820312,24874.759765625
2018-03-06,334.1596984863281,10779.900390625,1.2336541414260864,1333.5999755859375,86.23194122314453,24884.119140625
2018-03-07,332.3592224121094,9965.5703125,1.2416653633117676,1326.0,86.73091888427734,24801.359375
2018-03-08,333.97772216796875,9395.009765625,1.2414649724960327,1319.9000244140625,87.25760650634766,24895.2109375
2018-03-09,339.5228271484375,9337.5498046875,1.2306632995605469,1322.4000244140625,89.20738220214844,25335.740234375
2018-03-10,,8866.0,,,,
2018-03-11,,9578.6298828125,,,,
2018-03-12,329.6297912597656,9205.1201171875,1.2308752536773682,1319.4000244140625,89.4198989868164,25178.609375
2018-03-13,324.3433532714844,9194.849609375,1.2339584827423096,1325.9000244140625,87.23914337158203,25007.029296875
2018-03-14,316.2890319824219,8269.8095703125,1.239234209060669,1324.4000244140625,86.7216796875,24758.119140625
2018-03-15,316.0209350585937,8300.8603515625,1.2375624179840088,1316.800048828125,87.026611328125,24873.66015625
2018-03-16,316.4901733398437,8338.349609375,1.2309207916259766,1311.300048828125,87.41471862792969,24946.509765625
2018-03-17,,7916.8798828125,,,,
2018-03-18,,8223.6796875,,,,
2018-03-19,317.7256164550781,8630.650390625,1.228078842163086,1316.800048828125,85.8345947265625,24610.91015625
2018-03-20,323.3473205566406,8913.4697265625,1.233684539794922,1311.0999755859375,86.05635833740234,24727.26953125
2018-03-21,322.8397216796875,8929.2802734375,1.2251899242401123,1320.699951171875,85.45572662353516,24682.310546875
2018-03-22,306.089599609375,8728.4697265625,1.234766125679016,1326.5999755859375,82.97004699707031,23957.890625
2018-03-23,307.4207763671875,8879.6201171875,1.2324985265731812,1349.300048828125,80.55829620361328,23533.19921875
2018-03-24,,8668.1201171875,,,,
2018-03-25,,8495.7802734375,,,,
2018-03-26,315.0536499023437,8209.400390625,1.235437273979187,1354.4000244140625,86.65699005126953,24202.599609375
2018-03-27,307.5357360839844,7833.0400390625,1.2457488775253296,1341.300048828125,82.67436218261719,23857.7109375
2018-03-28,306.48223876953125,7954.47998046875,1.240787148475647,1324.199951171875,82.6004409790039,23848.419921875
2018-03-29,314.0097961425781,7165.7001953125,1.2310267686843872,1322.800048828125,84.33763122558594,24103.109375
2018-03-30,,6890.52001953125,1.2302846908569336,,,
2018-03-31,,6973.52978515625,,,,
2018-04-01,,6844.22998046875,,,,
2018-04-02,308.7998962402344,7083.7998046875,1.231420874595642,1342.0999755859375,81.7965087890625,23644.189453125
2018-04-03,316.82537841796875,7456.10986328125,1.229271411895752,1332.800048828125,82.89613342285156,24033.359375
2018-04-04,313.58837890625,6853.83984375,1.2278525829315186,1335.800048828125,85.3171157836914,24264.30078125
2018-04-05,322.1693420410156,6811.47021484375,1.228682279586792,1324.300048828125,85.36332702636719,24505.220703125
2018-04-06,312.3241882324219,6636.31982421875,1.2251598834991455,1331.9000244140625,83.37664794921875,23932.759765625
2018-04-07,,6911.08984375,,,,
2018-04-08,,7023.52001953125,,,,
2018-04-09,308.83819580078125,6770.72998046875,1.227144479751587,1336.300048828125,83.87561798095703,23979.099609375
2018-04-10,320.6657409667969,6834.759765625,1.2322403192520142,1342.0,85.82534790039062,24408.0
2018-04-11,313.51171875,6968.31982421875,1.2363078594207764,1356.5,84.88282012939453,24189.44921875
2018-04-12,323.2036437988281,7889.25,1.2371643781661987,1338.4000244140625,86.47217559814453,24483.05078125
2018-04-13,315.3505554199219,7895.9599609375,1.2329696416854858,1344.800048828125,86.01017761230469,24360.140625
2018-04-14,,7986.240234375,,,,
2018-04-15,,8329.1103515625,,,,
2018-04-16,317.7352294921875,8058.669921875,1.233258605003357,1347.5,87.01736450195312,24573.0390625
2018-04-17,322.47576904296875,7902.08984375,1.2385127544403076,1347.199951171875,88.77306365966797,24786.630859375
2018-04-18,326.5747375488281,8163.419921875,1.237317442893982,1351.199951171875,89.11493682861328,24748.0703125
2018-04-19,326.2299499511719,8294.3095703125,1.237914800643921,1346.800048828125,88.80999755859375,24664.890625
2018-04-20,324.3433532714844,8845.830078125,1.2345526218414309,1336.699951171875,87.7843246459961,24462.939453125
2018-04-21,,8895.580078125,,,,
2018-04-22,,8802.4599609375,,,,
2018-04-23,324.506103515625,8930.8798828125,1.2273402214050293,1322.5,88.10775756835938,24448.689453125
2018-04-24,315.1398010253906,9697.5,1.22089684009552,1331.4000244140625,86.047119140625,24024.130859375
2018-04-25,328.3560485839844,8845.740234375,1.2241400480270386,1321.199951171875,85.29864501953125,24083.830078125
2018-04-26,328.2890319824219,9281.509765625,1.2171669006347656,1316.300048828125,87.10052490234375,24322.33984375
2018-04-27,326.4598083496094,8987.0498046875,1.2109616994857788,1320.300048828125,88.54204559326172,24311.189453125
2018-04-28,,9348.48046875,,,,
2018-04-29,,9419.080078125,,,,
2018-04-30,319.4494934082031,9240.5498046875,1.2122827768325806,1316.199951171875,86.41674041748047,24163.150390625
2018-05-01,315.5995178222656,9119.009765625,1.2081234455108645,1303.800048828125,87.7843246459961,24099.05078125
2018-05-02,310.475830078125,9235.919921875,1.1991558074951172,1302.5999755859375,86.40750122070312,23924.98046875
2018-05-03,316.70086669921875,9743.8603515625,1.19510018825531,1310.699951171875,86.92496490478516,23930.150390625
2018-05-04,320.2826538085937,9700.759765625,1.1989257335662842,1312.699951171875,87.93217468261719,24262.509765625
2018-05-05,,9858.150390625,,,,
2018-05-06,,9654.7998046875,,,,
2018-05-07,326.0288391113281,9373.009765625,1.195500135421753,1312.199951171875,88.91166687011719,24357.3203125
2018-05-08,324.0559387207031,9234.8203125,1.1933743953704834,1312.0,88.53279113769531,24360.2109375
2018-05-09,329.9267272949219,9325.1796875,1.1867886781692505,1311.300048828125,89.57698822021484,24542.5390625
2018-05-10,331.1586303710937,9043.9404296875,1.184721827507019,1320.800048828125,90.47330474853516,24739.529296875
2018-05-11,329.60906982421875,8441.490234375,1.1917530298233032,1319.0,90.27923583984376,24831.169921875
2018-05-12,,8504.8896484375,,,,
2018-05-13,,8723.9404296875,,,,
2018-05-14,331.6591491699219,8716.7900390625,1.1952143907546997,1316.5,90.58417510986328,24899.41015625
2018-05-15,329.28179931640625,8510.3798828125,1.1931180953979492,1288.9000244140625,89.92813873291016,24706.41015625
2018-05-16,328.1749572753906,8368.830078125,1.1820889711380005,1290.199951171875,90.1601104736328,24768.9296875
2018-05-17,331.2260437011719,8094.31982421875,1.1816978454589844,1288.199951171875,89.2599105834961,24713.98046875
2018-05-18,338.0499267578125,8250.9697265625,1.179523468017578,1290.199951171875,89.4269790649414,24715.08984375
2018-05-19,,8247.1796875,,,,
2018-05-20,,8513.25,,,,
2018-05-21,350.2637634277344,8418.990234375,1.1766643524169922,1290.199951171875,90.57775115966795,25013.2890625
2018-05-22,341.6976928710937,8041.77978515625,1.1792453527450562,1291.699951171875,90.48493957519533,24834.41015625
2018-05-23,345.73046875,7557.81982421875,1.1788560152053833,1289.300048828125,91.5615005493164,24886.810546875
2018-05-24,345.5283508300781,7587.33984375,1.1710150241851809,1303.699951171875,91.2366714477539,24811.759765625
2018-05-25,346.5774841308594,7480.14013671875,1.1722642183303833,1303.300048828125,91.28307342529295,24753.08984375
2018-05-26,,7355.8798828125,,,,
2018-05-27,,7368.22021484375,,,,
2018-05-28,,7135.990234375,1.1688934564590454,,,
2018-05-29,339.2530517578125,7472.58984375,1.162696123123169,1298.699951171875,90.95823669433594,24361.44921875
2018-05-30,344.748779296875,7406.52001953125,1.1539349555969238,1301.5,91.8306121826172,24667.779296875
2018-05-31,338.9450378417969,7494.169921875,1.1667250394821167,1300.0999755859375,91.72854614257812,24415.83984375
2018-06-01,343.3339538574219,7541.4501953125,1.1693171262741089,1294.800048828125,93.5382308959961,24635.2109375
2018-06-02,,7643.4501953125,,,,
2018-06-03,,7720.25,,,,
2018-06-04,347.1934509277344,7514.47021484375,1.1668611764907837,1293.0999755859375,94.35491943359376,24813.689453125
2018-06-05,346.5871276855469,7633.759765625,1.1700559854507446,1297.5,94.83750915527344,24799.98046875
2018-06-06,357.6170654296875,7653.97998046875,1.1726216077804563,1297.0999755859375,95.11591339111328,25146.390625
2018-06-07,354.70074462890625,7678.240234375,1.178550362586975,1298.699951171875,93.62174987792967,25241.41015625
2018-06-08,355.6343994140625,7624.919921875,1.179523468017578,1298.0999755859375,94.31777954101562,25316.529296875
2018-06-09,,7531.97998046875,,,,
2018-06-10,,6786.02001953125,,,,
2018-06-11,357.0202941894531,6906.919921875,1.1783976554870603,1298.9000244140625,93.77952575683594,25322.310546875
2018-06-12,356.7123107910156,6582.35986328125,1.177412509918213,1295.0999755859375,94.02083587646484,25320.73046875
2018-06-13,350.1963806152344,6349.89990234375,1.17482590675354,1296.9000244140625,93.59391021728516,25201.19921875
2018-06-14,348.820068359375,6675.35009765625,1.1807769536972046,1304.0,94.12290954589844,25175.310546875
2018-06-15,344.4504089355469,6456.580078125,1.1566576957702637,1274.5999755859375,92.92569732666016,25090.48046875
2018-06-16,,6550.16015625,,,,
2018-06-17,,6499.27001953125,,,,
2018-06-18,341.4281921386719,6734.81982421875,1.159595012664795,1276.199951171875,93.60318756103516,24987.470703125
2018-06-19,328.31939697265625,6769.93994140625,1.163074612617493,1275.5999755859375,93.60318756103516,24700.2109375
2018-06-20,329.83038330078125,6776.5498046875,1.1588560342788696,1271.199951171875,94.54053497314452,24657.80078125
2018-06-21,324.9891662597656,6729.740234375,1.1579033136367798,1267.199951171875,93.86304473876952,24461.69921875
2018-06-22,326.1922302246094,6083.68994140625,1.1605775356292725,1267.4000244140625,93.18558502197266,24580.890625
2018-06-23,,6162.47998046875,,,,
2018-06-24,,6173.22998046875,,,,
2018-06-25,318.7715759277344,6249.18017578125,1.1661399602890017,1265.5999755859375,91.31092834472656,24252.80078125
2018-06-26,318.8677978515625,6093.669921875,1.1702749729156494,1256.5999755859375,91.95124816894533,24283.109375
2018-06-27,317.4433898925781,6157.1298828125,1.1650259494781494,1252.800048828125,90.52205657958984,24117.58984375
2018-06-28,322.09210205078125,5903.43994140625,1.1563634872436523,1247.800048828125,91.5336456298828,24216.05078125
2018-06-29,322.9198608398437,6218.2998046875,1.1562966108322144,1251.300048828125,91.51508331298828,24271.41015625
2018-06-30,,6404.0,,,,
2018-07-01,,6385.81982421875,,,,
2018-07-02,323.4684753417969,6614.18017578125,1.1678558588027954,1239.800048828125,92.81434631347656,24307.1796875
2018-07-03,320.4366455078125,6529.58984375,1.1642121076583862,1251.5999755859375,91.92342376708984,24174.8203125
2018-07-04,,6597.5498046875,1.1659224033355713,,,
2018-07-05,320.67724609375,6639.14013671875,1.166235089302063,1257.300048828125,92.58234405517578,24356.740234375
2018-07-06,322.08251953125,6673.5,1.1695905923843384,1254.300048828125,93.88162231445312,24456.48046875
2018-07-07,,6856.93017578125,,,,
2018-07-08,,6773.8798828125,,,,
2018-07-09,329.08935546875,6741.75,1.1752262115478516,1258.0999755859375,94.52197265625,24776.58984375
2018-07-10,334.1326599121094,6329.9501953125,1.1756960153579712,1253.800048828125,94.77254486083984,24919.66015625
2018-07-11,327.8188781738281,6394.7099609375,1.1727042198181152,1242.800048828125,94.6426239013672,24700.44921875
2018-07-12,333.04510498046875,6228.81005859375,1.1676785945892334,1245.0,96.69361877441406,24924.890625
2018-07-13,337.62646484375,6238.0498046875,1.1665889024734497,1239.5999755859375,97.84439086914062,25019.41015625
2018-07-14,,6276.1201171875,,,,
2018-07-15,,6359.64013671875,,,,
2018-07-16,342.7372131347656,6741.75,1.1679104566574097,1238.0999755859375,97.36182403564452,25064.359375
2018-07-17,343.4879150390625,7321.0400390625,1.170946478843689,1225.699951171875,98.32697296142578,25119.890625
2018-07-18,346.71221923828125,7370.77978515625,1.1653246879577637,1226.300048828125,97.55670166015624,25199.2890625
2018-07-19,341.99609375,7466.85986328125,1.164564609527588,1222.4000244140625,96.88850402832033,25064.5
2018-07-20,341.582275390625,7354.1298828125,1.1655147075653076,1229.5,98.62394714355467,25058.119140625
2018-07-21,,7419.2900390625,,,,
2018-07-22,,7418.490234375,,,,
2018-07-23,340.013427734375,7711.10986328125,1.1741912364959717,1224.0,100.2016372680664,25044.2890625
2018-07-24,344.8257751464844,8424.26953125,1.1694128513336182,1223.9000244140625,99.91395568847656,25241.939453125
2018-07-25,342.56396484375,8181.39013671875,1.1685519218444824,1231.4000244140625,102.85586547851562,25414.099609375
2018-07-26,345.8363647460937,7951.580078125,1.1737502813339231,1225.300048828125,101.73292541503906,25527.0703125
2018-07-27,347.116455078125,8165.009765625,1.16429340839386,1222.5999755859375,99.93248748779295,25451.060546875
2018-07-28,,8192.150390625,,,,
2018-07-29,,8218.4599609375,,,,
2018-07-30,337.8863220214844,8180.47998046875,1.16604483127594,1221.300048828125,97.7887191772461,25306.830078125
2018-07-31,342.9296875,7780.43994140625,1.170740842819214,1223.699951171875,98.4476089477539,25415.189453125
2018-08-01,339.5225524902344,7624.91015625,1.168961763381958,1217.9000244140625,98.63323211669922,25333.8203125
2018-08-02,336.6062316894531,7567.14990234375,1.1665889024734497,1210.5999755859375,99.83041381835938,25326.16015625
2018-08-03,335.3646240234375,7434.39013671875,1.1586008071899414,1214.199951171875,100.26660919189452,25462.580078125
2018-08-04,,7032.85009765625,,,,
2018-08-05,,7068.47998046875,,,,
2018-08-06,333.5648193359375,6951.7998046875,1.1562297344207764,1208.5999755859375,100.35013580322266,25502.1796875
2018-08-07,337.5975952148437,6753.1201171875,1.1558021306991575,1209.5999755859375,101.04615783691406,25628.91015625
2018-08-08,334.7294311523437,6305.7998046875,1.1602946519851685,1212.5999755859375,101.61224365234376,25583.75
2018-08-09,332.4564208984375,6568.22998046875,1.1610760688781738,1211.9000244140625,101.7793197631836,25509.23046875
2018-08-10,328.28765869140625,6184.7099609375,1.1523923873901367,1211.0999755859375,101.15754699707033,25313.140625
2018-08-11,,6295.72998046875,,,,
2018-08-12,,6322.68994140625,,,,
2018-08-13,327.2720947265625,6297.56982421875,1.1394712924957275,1191.300048828125,100.42435455322266,25187.69921875
2018-08-14,328.0265197753906,6199.7099609375,1.1402509212493896,1193.0,101.67723846435548,25299.919921875
2018-08-15,320.8883361816406,6308.52001953125,1.134571552276611,1177.5,100.29845428466795,25162.41015625
2018-08-16,334.6423645019531,6334.72998046875,1.134429931640625,1176.199951171875,100.27981567382812,25558.73046875
2018-08-17,335.048583984375,6580.6298828125,1.1371389627456665,1176.5,100.2238998413086,25669.3203125
2018-08-18,,6423.759765625,,,,
2018-08-19,,6506.06982421875,,,,
2018-08-20,339.2463684082031,6308.52978515625,1.1437721252441406,1186.800048828125,99.5624542236328,25758.689453125
2018-08-21,342.17706298828125,6488.759765625,1.149134635925293,1192.5999755859375,98.73333740234376,25822.2890625
2018-08-22,338.55963134765625,6376.7099609375,1.1576753854751587,1196.300048828125,99.73944854736328,25733.599609375
2018-08-23,336.0931701660156,6534.8798828125,1.1584800481796265,1187.0,100.2052764892578,25656.98046875
2018-08-24,337.9309387207031,6719.9599609375,1.154334545135498,1206.300048828125,100.98785400390624,25790.349609375
2018-08-25,,6763.18994140625,,,,
2018-08-26,,6707.259765625,,,,
2018-08-27,342.1480712890625,6884.64013671875,1.164890170097351,1209.0,102.10576629638672,26049.640625
2018-08-28,339.70098876953125,7096.27978515625,1.1683608293533323,1207.4000244140625,102.72064971923828,26064.01953125
2018-08-29,338.71441650390625,7047.16015625,1.1691256761550903,1204.5,104.36028289794922,26124.5703125
2018-08-30,335.5321960449219,6978.22998046875,1.1709738969802856,1197.699951171875,104.29508972167967,25986.919921875
2018-08-31,331.556884765625,7037.580078125,1.1664663553237915,1200.300048828125,104.64910888671876,25964.8203125
2018-09-01,,7193.25,,,,
2018-09-02,,7272.72021484375,,,,
2018-09-03,,7260.06005859375,1.1601063013076782,,,
2018-09-04,334.90350341796875,7361.66015625,1.161548137664795,1192.699951171875,104.07151794433594,25952.48046875
2018-09-05,335.3194274902344,6792.830078125,1.1586545705795288,1194.9000244140625,101.07169342041016,25974.990234375
2018-09-06,339.759033203125,6529.169921875,1.1635212898254397,1197.9000244140625,101.30458068847656,25995.869140625
2018-09-07,337.8342590332031,6467.06982421875,1.162006974220276,1193.5999755859375,100.81082153320312,25916.5390625
2018-09-08,,6225.97998046875,,,,
2018-09-09,,6300.85986328125,,,,
2018-09-10,330.6573486328125,6329.7001953125,1.1561094522476196,1193.0,101.90081787109376,25857.0703125
2018-09-11,333.9362487792969,6321.2001953125,1.159595012664795,1195.4000244140625,103.6336441040039,25971.060546875
2018-09-12,341.8288879394531,6351.7998046875,1.1596084833145142,1204.699951171875,104.07151794433594,25998.919921875
2018-09-13,343.8117370605469,6517.31005859375,1.1629259586334229,1202.0,105.18944549560548,26145.990234375
2018-09-14,348.0094909667969,6512.7099609375,1.169180393218994,1195.0,105.6180191040039,26154.669921875
2018-09-15,,6543.2001953125,,,,
2018-09-16,,6517.18017578125,,,,
2018-09-17,344.2952880859375,6281.2001953125,1.1628988981246948,1199.699951171875,104.47209930419922,26062.119140625
2018-09-18,351.6656188964844,6371.2998046875,1.1669156551361084,1196.800048828125,105.46892547607422,26246.9609375
2018-09-19,353.2518920898437,6398.5400390625,1.167992353439331,1202.199951171875,104.06218719482422,26405.759765625
2018-09-20,355.4184265136719,6519.669921875,1.167460560798645,1206.199951171875,105.80432891845705,26656.98046875
2018-09-21,360.0322265625,6734.9501953125,1.1775927543640137,1196.199951171875,106.4471435546875,26743.5
2018-09-22,,6721.97998046875,,,,
2018-09-23,,6710.6298828125,,,,
2018-09-24,355.9311218261719,6595.41015625,1.1751019954681396,1199.300048828125,106.82913208007812,26562.05078125
2018-09-25,355.1960144042969,6446.47021484375,1.175295352935791,1200.0,106.6241455078125,26492.2109375
2018-09-26,353.0680847167969,6495.0,1.1763184070587158,1194.0,106.18629455566406,26385.279296875
2018-09-27,355.35076904296875,6676.75,1.1748534440994265,1182.300048828125,106.58687591552734,26439.9296875
2018-09-28,359.71295166015625,6644.1298828125,1.1637378931045532,1191.5,106.54961395263672,26458.310546875
2018-09-29,,6601.9599609375,,,,
2018-09-30,,6625.56005859375,,,,
2018-10-01,369.7625122070313,6589.6201171875,1.1605371236801147,1187.0999755859375,107.70480346679688,26651.2109375
2018-10-02,373.7088012695313,6556.10009765625,1.157755732536316,1202.4000244140625,107.27629089355467,26773.939453125
2018-10-03,379.4444580078125,6502.58984375,1.1551746129989624,1198.300048828125,107.29493713378906,26828.390625
2018-10-04,377.2101745605469,6576.68994140625,1.147631287574768,1197.199951171875,105.0776596069336,26627.48046875
2018-10-05,373.8055114746094,6622.47998046875,1.1518083810806274,1201.199951171875,104.46278381347656,26447.05078125
2018-10-06,,6588.31005859375,,,,
2018-10-07,,6602.9501953125,,,,
2018-10-08,373.1284790039063,6652.22998046875,1.1522595882415771,1184.4000244140625,103.27030181884766,26486.779296875
2018-10-09,372.8092651367188,6642.64013671875,1.1494120359420776,1187.199951171875,104.58389282226562,26430.5703125
2018-10-10,355.4281616210937,6585.52978515625,1.1506949663162231,1189.300048828125,98.9010009765625,25598.740234375
2018-10-11,346.3748474121094,6256.240234375,1.1533360481262207,1223.5,98.66809844970705,25052.830078125
2018-10-12,348.309326171875,6274.580078125,1.1590440273284912,1218.0999755859375,102.0778350830078,25339.990234375
2018-10-13,,6285.990234375,,,,
2018-10-14,,6290.93017578125,,,,
2018-10-15,347.11962890625,6596.5400390625,1.1551345586776731,1226.4000244140625,100.24253845214844,25250.55078125
2018-10-16,356.1825866699219,6596.10986328125,1.1583458185195925,1227.300048828125,103.41007995605467,25798.419921875
2018-10-17,353.522705078125,6544.43017578125,1.1575279235839844,1223.699951171875,103.1398696899414,25706.6796875
2018-10-18,347.5741882324219,6476.7099609375,1.1500862836837769,1226.5,101.08098602294922,25379.44921875
2018-10-19,344.5854797363281,6465.41015625,1.1460003852844238,1225.300048828125,101.23006439208984,25444.33984375
2018-10-20,,6489.18994140625,,,,
2018-10-21,,6482.35009765625,,,,
2018-10-22,344.314697265625,6487.16015625,1.1509466171264648,1221.199951171875,102.1337432861328,25317.41015625
2018-10-23,338.5789794921875,6475.740234375,1.1467890739440918,1233.4000244140625,100.70835876464844,25191.4296875
2018-10-24,343.0282897949219,6495.83984375,1.147315263748169,1227.800048828125,95.32357788085938,24583.419921875
2018-10-25,351.849365234375,6476.2900390625,1.139925837516785,1229.0999755859375,100.8946762084961,24984.55078125
2018-10-26,347.4968566894531,6474.75,1.1377859115600586,1232.5,99.64629364013672,24688.310546875
2018-10-27,,6480.3798828125,,,,
2018-10-28,,6486.39013671875,,,,
2018-10-29,324.5928649902344,6332.6298828125,1.1398738622665403,1224.5,96.74897003173828,24442.919921875
2018-10-30,338.443603515625,6334.27001953125,1.137617588043213,1222.5999755859375,96.63716888427734,24874.640625
2018-10-31,343.2313842773437,6317.60986328125,1.1346358060836792,1212.300048828125,99.50655364990234,25115.759765625
2018-11-01,351.1723327636719,6377.77978515625,1.1316697597503662,1236.0,98.67742156982422,25380.740234375
2018-11-02,346.0266418457031,6388.43994140625,1.140328884124756,1230.9000244140625,98.9010009765625,25270.830078125
2018-11-03,,6361.259765625,,,,
2018-11-04,,6376.1298828125,,,,
2018-11-05,350.1180725097656,6419.66015625,1.1397570371627808,1229.800048828125,100.15870666503906,25461.69921875
2018-11-06,354.4609069824219,6461.009765625,1.141291856765747,1223.800048828125,100.35433959960938,25635.009765625
2018-11-07,359.8290710449219,6530.14013671875,1.1438506841659546,1226.199951171875,104.30440521240234,26180.30078125
2018-11-08,360.2760314941406,6453.72021484375,1.1434059143066406,1222.9000244140625,104.10875701904295,26191.220703125
2018-11-09,358.886474609375,6385.6201171875,1.1368415355682373,1206.4000244140625,102.0778350830078,25989.30078125
2018-11-10,,6409.22021484375,,,,
2018-11-11,,6411.27001953125,,,,
2018-11-12,346.9248962402344,6371.27001953125,1.132502794265747,1201.300048828125,99.5624542236328,25387.1796875
2018-11-13,339.6177673339844,6359.490234375,1.123342990875244,1199.199951171875,99.6276626586914,25286.490234375
2018-11-14,334.9633178710937,5738.35009765625,1.1311193704605105,1207.9000244140625,98.21484375,25080.5
2018-11-15,331.9024658203125,5648.02978515625,1.131183385848999,1212.800048828125,100.37621307373048,25289.26953125
2018-11-16,326.4415283203125,5575.5498046875,1.1324899196624756,1220.800048828125,101.32119750976562,25413.220703125
2018-11-17,,5554.330078125,,,,
2018-11-18,,5623.5400390625,,,,
2018-11-19,311.8563537597656,4871.490234375,1.141396164894104,1223.0999755859375,97.88738250732422,25017.439453125
2018-11-20,308.7080993652344,4451.8701171875,1.1455016136169434,1219.0,95.16464233398438,24465.640625
2018-11-21,308.3388671875,4602.169921875,1.1372424364089966,1225.800048828125,96.47454071044922,24464.689453125
2018-11-22,,4365.93994140625,1.1388354301452637,,,
2018-11-23,303.4803466796875,4347.10986328125,1.1403158903121948,1221.0,96.43711853027344,24285.94921875
2018-11-24,,3880.760009765625,,,,
2018-11-25,,4009.969970703125,,,,
2018-11-26,307.406005859375,3779.1298828125,1.133735418319702,1220.199951171875,99.61831665039062,24640.240234375
2018-11-27,309.0287475585937,3820.719970703125,1.1333370208740234,1211.199951171875,100.24519348144533,24748.73046875
2018-11-28,324.0608825683594,4257.419921875,1.1298797130584717,1221.4000244140625,103.96905517578124,25366.4296875
2018-11-29,332.86444091796875,4278.8466796875,1.1368545293807983,1224.0999755859375,103.0988998413086,25338.83984375
2018-11-30,336.94561767578125,4017.2685546875,1.1392766237258911,1220.199951171875,103.75389099121094,25538.4609375
2018-12-01,,4214.671875,,,,
2018-12-02,,4139.8779296875,,,,
2018-12-03,349.7720031738281,3894.130859375,1.1342240571975708,1233.9000244140625,104.8766632080078,25826.4296875
2018-12-04,332.80615234375,3956.893798828125,1.135486125946045,1241.0999755859375,101.53639221191406,25027.0703125
2018-12-05,,3753.994873046875,1.1342884302139282,,,
2018-12-06,322.5061340332031,3521.101806640625,1.13490629196167,1238.0999755859375,102.1632843017578,24947.669921875
2018-12-07,314.0718688964844,3419.937255859375,1.1374752521514893,1246.800048828125,98.07450103759766,24388.94921875
2018-12-08,,3476.11474609375,,,,
2018-12-09,,3614.234375,,,,
2018-12-10,317.1132507324219,3502.656005859375,1.1400948762893677,1243.699951171875,100.66622924804688,24423.259765625
2018-12-11,312.91552734375,3424.588134765625,1.1356538534164429,1241.9000244140625,101.60188293457033,24370.240234375
2018-12-12,317.44366455078125,3486.9501953125,1.1323105096817017,1244.4000244140625,102.06035614013672,24527.26953125
2018-12-13,316.2582092285156,3313.67724609375,1.1373459100723269,1242.699951171875,102.40653228759766,24597.380859375
2018-12-14,309.7283630371094,3242.48486328125,1.1363636255264282,1237.0,99.2066421508789,24100.509765625
2018-12-15,,3236.76171875,,,,
2018-12-16,,3252.839111328125,,,,
2018-12-17,307.1825561523437,3545.86474609375,1.1305949687957764,1247.4000244140625,96.26870727539062,23592.98046875
2018-12-18,318.7748718261719,3696.05908203125,1.1349835395812988,1249.199951171875,97.27920532226562,23675.640625
2018-12-19,310.5057067871094,3745.95068359375,1.137539982795715,1252.0999755859375,97.01722717285156,23323.66015625
2018-12-20,304.1896667480469,4134.44140625,1.138952136039734,1263.5999755859375,94.9775161743164,22859.599609375
2018-12-21,295.93023681640625,3896.543701171875,1.1456853151321411,1253.800048828125,91.9085922241211,22445.369140625
2018-12-22,,4014.1826171875,,,,
2018-12-23,,3998.980224609375,,,,
2018-12-24,285.8343200683594,4078.59912109375,1.1372811794281006,1267.5,88.07243347167969,21792.19921875
2018-12-25,,3815.49072265625,1.140393853187561,,,
2018-12-26,305.0447998046875,3857.297607421875,1.1415525674819946,1269.199951171875,94.08865356445312,22878.44921875
2018-12-27,308.1639404296875,3654.83349609375,1.1361312866210938,1277.300048828125,94.6687469482422,23138.8203125
2018-12-28,307.4254455566406,3923.918701171875,1.143105387687683,1279.9000244140625,93.9295654296875,23062.400390625
2018-12-29,,3820.40869140625,,,,
2018-12-30,,3865.95263671875,,,,
2018-12-31,313.3722229003906,3742.700439453125,1.1439945697784424,1278.300048828125,95.0336456298828,23327.4609375
2019-01-01,,3843.52001953125,1.1493064165115356,,,
2019-01-02,314.6451416015625,3943.409423828125,1.14617121219635,1281.0,94.61260223388672,23346.240234375
2019-01-03,302.1005249023437,3836.7412109375,1.1318106651306152,1291.800048828125,91.13201141357422,22686.220703125
2019-01-04,317.8226013183594,3857.717529296875,1.1391078233718872,1282.699951171875,95.3704833984375,23433.16015625
2019-01-05,,3845.194580078125,,,,
2019-01-06,,4076.632568359375,,,,
2019-01-07,318.8233947753906,4025.248291015625,1.1410444974899292,1286.800048828125,95.49211120605467,23531.349609375
2019-01-08,330.8919372558594,4030.847900390625,1.1479737758636477,1283.199951171875,96.18449401855467,23787.44921875
2019-01-09,334.0985107421875,4035.29638671875,1.1456066370010376,1289.300048828125,97.55987548828124,23879.119140625
2019-01-10,342.6300048828125,3678.924560546875,1.1554949283599854,1284.699951171875,96.9330062866211,24001.919921875
2019-01-11,342.91180419921875,3687.365478515625,1.151012897491455,1287.0999755859375,96.18449401855467,23995.94921875
2019-01-12,,3661.301025390625,,,,
2019-01-13,,3552.953125,,,,
2019-01-14,340.44366455078125,3706.05224609375,1.146013617515564,1289.0999755859375,95.48275756835938,23909.83984375
2019-01-15,342.2704772949219,3630.67529296875,1.1472889184951782,1286.199951171875,98.25226593017578,24065.58984375
2019-01-16,342.0956115722656,3655.0068359375,1.1416828632354736,1291.5999755859375,98.59844207763672,24207.16015625
2019-01-17,348.9266357421875,3678.56396484375,1.1398088932037354,1291.0,99.29085540771484,24370.099609375
2019-01-18,354.4070129394531,3657.83935546875,1.13926362991333,1281.300048828125,100.7785186767578,24706.349609375
2019-01-19,,3728.568359375,,,,
2019-01-20,,3601.013671875,,,,
2019-01-21,,3576.032470703125,1.1365574598312378,,,
2019-01-22,347.7702941894531,3604.5771484375,1.136932134628296,1282.5,98.879150390625,24404.48046875
2019-01-23,348.460205078125,3585.123046875,1.1364023685455322,1283.0999755859375,99.84284210205078,24575.619140625
2019-01-24,348.1297912597656,3600.865478515625,1.1388224363327026,1279.0999755859375,99.36569213867188,24553.240234375
2019-01-25,353.8919982910156,3599.765869140625,1.1313496828079224,1297.4000244140625,100.27325439453124,24737.19921875
2019-01-26,,3602.46044921875,,,,
2019-01-27,,3583.9658203125,,,,
2019-01-28,352.69677734375,3470.450439453125,1.1413049697875977,1302.4000244140625,98.31777954101562,24528.220703125
2019-01-29,354.5818786621094,3448.116943359375,1.143000841140747,1308.199951171875,96.31549072265624,24579.9609375
2019-01-30,376.7462463378906,3486.181640625,1.1435366868972778,1309.9000244140625,99.5340805053711,25014.859375
2019-01-31,374.7057495117188,3457.792724609375,1.1487650871276855,1319.699951171875,97.70960998535156,24999.669921875
2019-02-01,376.4645080566406,3487.9453125,1.1449507474899292,1316.9000244140625,96.16578674316406,25063.890625
2019-02-02,,3521.060791015625,,,,
2019-02-03,,3464.013427734375,,,,
2019-02-04,385.7636413574219,3459.154052734375,1.1455278396606443,1314.300048828125,98.93529510498048,25239.369140625
2019-02-05,398.570556640625,3466.357421875,1.1436283588409424,1314.199951171875,100.32005310058594,25411.51953125
2019-02-06,399.4742431640625,3413.767822265625,1.140992522239685,1309.5,99.2066421508789,25390.30078125
2019-02-07,395.6802673339844,3399.4716796875,1.1365960836410522,1309.4000244140625,98.49554443359376,25169.529296875
2019-02-08,395.4263610839844,3666.7802734375,1.1338768005371094,1313.699951171875,98.86978149414062,25106.330078125
2019-02-09,,3671.20361328125,,,,
2019-02-10,,3690.188232421875,,,,
2019-02-11,394.4888305664063,3648.4306640625,1.1324259042739868,1307.0,98.4768295288086,25053.109375
2019-02-12,401.1002807617188,3653.528564453125,1.1279042959213257,1309.199951171875,100.01126861572266,25425.759765625
2019-02-13,400.9635314941406,3632.070556640625,1.1334655284881592,1310.800048828125,99.93644714355467,25543.26953125
2019-02-14,400.2213745117188,3616.880859375,1.12649405002594,1309.800048828125,100.02066040039062,25439.390625
2019-02-15,408.1804809570313,3620.810791015625,1.1295350790023804,1318.0999755859375,101.25569915771484,25883.25
2019-02-16,,3629.78759765625,,,,
2019-02-17,,3673.836181640625,,,,
2019-02-18,,3915.71435546875,1.1298030614852903,,,
2019-02-19,406.5105590820313,3947.094482421875,1.131196141242981,1340.0999755859375,101.20890808105467,25891.3203125
2019-02-20,411.6766357421875,3999.820556640625,1.1343011856079102,1343.300048828125,100.68270874023438,25954.439453125
2019-02-21,407.7996215820313,3954.1181640625,1.1346358060836792,1323.5,102.80631256103516,25850.630859375
2019-02-22,414.1180725097656,4005.526611328125,1.1343011856079102,1329.199951171875,104.27215576171876,26031.810546875
2019-02-23,,4142.52685546875,,,,
2019-02-24,,3810.427490234375,,,,
2019-02-25,416.8720397949219,3882.6962890625,1.1342240571975708,1325.9000244140625,104.85472106933594,26091.94921875
2019-02-26,416.77435302734375,3854.35791015625,1.1367511749267578,1325.0999755859375,105.57826232910156,26057.98046875
2019-02-27,425.2413024902344,3851.04736328125,1.139315485954285,1317.699951171875,105.39971923828124,25985.16015625
2019-02-28,429.6554565429688,3854.785400390625,1.1380189657211304,1312.800048828125,105.2681655883789,25916.0
2019-03-01,430.2999572753906,3859.583740234375,1.1373459100723269,1296.4000244140625,105.73799896240234,26026.3203125
2019-03-02,,3864.4150390625,,,,
2019-03-03,,3847.17578125,,,,
2019-03-04,422.55572509765625,3761.55712890625,1.1375917196273804,1284.800048828125,105.48428344726562,25819.650390625
2019-03-05,420.0458984375,3896.375,1.133735418319702,1282.0,104.95807647705078,25806.630859375
2019-03-06,414.5184631347656,3903.942626953125,1.1307101249694824,1284.9000244140625,105.0050811767578,25673.4609375
2019-03-07,412.6629943847656,3911.484375,1.1314009428024292,1283.800048828125,103.72715759277344,25473.23046875
2019-03-08,412.6434631347656,3901.131591796875,1.1198333501815796,1297.0,103.83992767333984,25450.240234375
2019-03-09,,3963.313720703125,,,,
2019-03-10,,3951.599853515625,,,,
2019-03-11,390.6411437988281,3905.227294921875,1.1232421398162842,1288.800048828125,106.01988220214844,25650.880859375
2019-03-12,366.6173095703125,3909.15625,1.1259232759475708,1296.300048828125,106.76221466064452,25554.66015625
2019-03-13,368.3067932128906,3906.71728515625,1.1287446022033691,1307.5,107.58909606933594,25702.890625
2019-03-14,364.5567321777344,3924.369140625,1.133105993270874,1293.4000244140625,107.67365264892578,25709.939453125
2019-03-15,370.1134643554688,3960.9111328125,1.1308379173278809,1301.800048828125,108.91399383544922,25848.869140625
2019-03-16,,4048.725830078125,,,,
2019-03-17,,4025.22900390625,,,,
2019-03-18,363.56060791015625,4032.50732421875,1.1319772005081177,1300.300048828125,110.47380065917967,25914.099609375
2019-03-19,364.6836853027344,4071.190185546875,1.133619785308838,1305.0,110.54898071289062,25887.380859375
2019-03-20,367.3497314453125,4087.476318359375,1.135486125946045,1300.5,110.42681121826172,25745.669921875
2019-03-21,363.97076416015625,4029.326904296875,1.1427918672561646,1306.0999755859375,112.9638671875,25962.509765625
2019-03-22,353.6874084472656,4023.96826171875,1.1375011205673218,1311.5999755859375,109.98517608642578,25502.3203125
2019-03-23,,4035.826416015625,,,,
2019-03-24,,4022.168212890625,,,,
2019-03-25,361.78326416015625,3963.070556640625,1.129586100578308,1321.9000244140625,110.55836486816406,25516.830078125
2019-03-26,361.70513916015625,3985.080810546875,1.131580114364624,1314.300048828125,110.79326629638672,25657.73046875
2019-03-27,365.4454040527344,4087.066162109375,1.127484679222107,1309.9000244140625,109.7220687866211,25625.58984375
2019-03-28,365.6700134277344,4069.107177734375,1.1251758337020874,1289.800048828125,109.8724136352539,25717.4609375
2019-03-29,372.486572265625,4098.37451171875,1.1230024099349976,1293.0,110.82147216796876,25928.6796875
2019-03-30,,4106.66015625,,,,
2019-03-31,,4105.404296875,,,,
2019-04-01,382.3695373535156,4158.18310546875,1.1223849058151243,1288.4000244140625,111.83626556396484,26258.419921875
2019-04-02,381.5980529785156,4879.8779296875,1.1205737590789795,1290.0,111.99601745605467,26179.130859375
2019-04-03,375.728759765625,4973.02197265625,1.1203854084014893,1289.9000244140625,112.72894287109376,26218.130859375
2019-04-04,386.5882873535156,4922.798828125,1.1246949434280396,1289.0,112.1557388305664,26384.630859375
2019-04-05,382.7503662109375,5036.68115234375,1.1225864887237549,1290.4000244140625,112.6537628173828,26424.990234375
2019-04-06,,5059.8173828125,,,,
2019-04-07,,5198.89697265625,,,,
2019-04-08,365.7481384277344,5289.77099609375,1.121956706047058,1297.0999755859375,112.69134521484376,26341.01953125
2019-04-09,360.3965148925781,5204.95849609375,1.1256444454193115,1303.5,112.08056640625,26150.580078125
2019-04-10,356.3925476074219,5324.5517578125,1.126697063446045,1309.0999755859375,112.9356689453125,26157.16015625
2019-04-11,361.4902648925781,5064.48779296875,1.127650022506714,1288.5999755859375,113.06720733642578,26143.05078125
2019-04-12,370.7482299804688,5089.5390625,1.1260753870010376,1290.5999755859375,113.6497802734375,26412.30078125
2019-04-13,,5096.58642578125,,,,
2019-04-14,,5167.72216796875,,,,
2019-04-15,366.6661376953125,5067.1083984375,1.1305055618286133,1286.800048828125,113.74375915527344,26384.76953125
2019-04-16,372.779541015625,5235.5595703125,1.1304928064346311,1272.5999755859375,113.48063659667967,26452.66015625
2019-04-17,368.6778564453125,5251.93798828125,1.128502607345581,1272.199951171875,114.4203109741211,26449.5390625
2019-04-18,371.1681823730469,5298.3857421875,1.129713773727417,1271.9000244140625,115.9237060546875,26559.5390625
2019-04-19,,5303.8125,1.1235954761505127,,,
2019-04-20,,5337.88623046875,,,,
2019-04-21,,5314.53125,,,,
2019-04-22,366.3829345703125,5399.365234375,1.1244546175003052,1273.5,116.2901611328125,26511.05078125
2019-04-23,365.2598571777344,5572.3623046875,1.1258978843688965,1269.300048828125,117.86878967285156,26656.390625
2019-04-24,366.6661376953125,5464.86669921875,1.122435212135315,1275.5,117.4647445678711,26597.05078125
2019-04-25,373.8341979980469,5210.515625,1.1153494119644165,1275.800048828125,121.35484313964844,26462.080078125
2019-04-26,371.871337890625,5279.34814453125,1.113684892654419,1284.9000244140625,122.0501708984375,26543.330078125
2019-04-27,,5268.291015625,,,,
2019-04-28,,5285.13916015625,,,,
2019-04-29,370.1720581054688,5247.3525390625,1.1150261163711548,1278.5999755859375,121.93743133544922,26554.390625
2019-04-30,368.8438720703125,5350.7265625,1.1185182332992554,1282.800048828125,122.71735382080078,26592.91015625
2019-05-01,367.9747619628906,5402.697265625,1.121604323387146,1281.4000244140625,120.16151428222656,26430.140625
2019-05-02,366.9981689453125,5505.28369140625,1.1200841665267944,1269.699951171875,118.59232330322266,26307.7890625
2019-05-03,367.6427001953125,5768.28955078125,1.1173559427261353,1279.199951171875,121.1199188232422,26504.94921875
2019-05-04,,5831.16748046875,,,,
2019-05-05,,5795.70849609375,,,,
2019-05-06,362.89654541015625,5746.80712890625,1.1185808181762695,1281.699951171875,120.41519927978516,26438.48046875
2019-05-07,348.86309814453125,5829.50146484375,1.1201846599578855,1283.5,117.94395446777344,25965.08984375
2019-05-08,351.3240661621094,5982.45751953125,1.1191065311431885,1279.4000244140625,117.93453216552734,25967.330078125
2019-05-09,347.82257080078125,6174.52880859375,1.1198333501815796,1283.5,117.92516326904295,25828.359375
2019-05-10,348.3529663085937,6378.84912109375,1.1222084760665894,1285.699951171875,119.45677185058594,25942.369140625
2019-05-11,,7204.771484375,,,,
2019-05-12,,6972.37158203125,,,,
2019-05-13,331.361083984375,7814.9150390625,1.1236460208892822,1300.0999755859375,115.90492248535156,25324.990234375
2019-05-14,336.9301147460937,7994.416015625,1.1232547760009766,1294.699951171875,117.2016372680664,25532.05078125
2019-05-15,339.4837951660156,8205.16796875,1.1204482316970823,1296.300048828125,118.8520965576172,25648.01953125
2019-05-16,347.5082702636719,7884.9091796875,1.1207244396209717,1285.0,121.59656524658205,25862.6796875
2019-05-17,348.6966857910156,7343.8955078125,1.1173559427261353,1274.5,120.7854995727539,25764.0
2019-05-18,,7271.2080078125,,,,
2019-05-19,,8197.689453125,,,,
2019-05-20,346.5064392089844,7978.30908203125,1.1165324449539185,1276.0999755859375,119.04071807861328,25679.900390625
2019-05-21,352.3602905273437,7963.32763671875,1.1168566942214966,1272.0,119.6820297241211,25877.330078125
2019-05-22,346.4966125488281,7680.06640625,,1273.5999755859375,120.40824127197266,25776.609375
2019-05-23,344.3063049316406,7881.8466796875,1.1155484914779663,1284.800048828125,119.00298309326172,25490.470703125
2019-05-24,348.5788879394531,7987.37158203125,1.1184556484222412,1283.0,119.0595932006836,25585.689453125
2019-05-25,,8052.5439453125,,,,
2019-05-26,,8673.2158203125,,,,
2019-05-27,,8805.7783203125,1.1209630966186523,,,
2019-05-28,348.5592041015625,8719.9619140625,1.11938214302063,1276.5,118.984130859375,25347.76953125
2019-05-29,342.58746337890625,8659.4873046875,1.1170687675476074,1280.5999755859375,117.8335418701172,25126.41015625
2019-05-30,343.638427734375,8319.47265625,1.1137346029281616,1287.0999755859375,118.57859802246094,25169.880859375
2019-05-31,335.5255432128906,8574.501953125,1.1131147146224976,1305.800048828125,116.64519500732422,24815.0390625
2019-06-01,,8564.0166015625,,,,
2019-06-02,,8742.9580078125,,,,
2019-06-03,332.8540344238281,8208.9951171875,1.1174057722091677,1322.699951171875,113.02360534667967,24819.779296875
2019-06-04,338.4819641113281,7707.77099609375,1.124631643295288,1323.4000244140625,116.15477752685548,25332.1796875
2019-06-05,342.53839111328125,7824.2314453125,1.1254037618637085,1328.300048828125,118.6728973388672,25539.5703125
2019-06-06,344.3947448730469,7822.0234375,1.1229015588760376,1337.5999755859375,120.54969787597656,25720.66015625
2019-06-07,347.4002380371094,8043.951171875,1.127650022506714,1341.199951171875,123.92607879638672,25983.939453125
2019-06-08,,7954.1279296875,,,,
2019-06-09,,7688.0771484375,,,,
2019-06-10,347.4984130859375,8000.32958984375,1.1320157051086426,1324.699951171875,125.0578384399414,26062.6796875
2019-06-11,343.1080322265625,7927.71435546875,1.1318106651306152,1326.4000244140625,124.58627319335938,26048.509765625
2019-06-12,340.8490295410156,8145.857421875,1.1329518556594849,1331.9000244140625,124.01097106933594,26004.830078125
2019-06-13,342.6464233398437,8230.923828125,1.1295605897903442,1339.199951171875,124.79377746582033,26106.76953125
2019-06-14,340.9766845703125,8693.8330078125,1.128044366836548,1340.0999755859375,124.91635131835938,26089.609375
2019-06-15,,8838.375,,,,
2019-06-16,,8994.48828125,,,,
2019-06-17,348.5788879394531,9320.3525390625,1.1217050552368164,1338.699951171875,125.29361724853516,26112.529296875
2019-06-18,367.2993774414063,9081.7626953125,1.1224603652954102,1346.5999755859375,127.47223663330078,26465.5390625
2019-06-19,361.9955749511719,9273.521484375,1.1198208332061768,1344.5999755859375,127.97207641601562,26504.0
2019-06-20,368.2029724121094,9527.16015625,1.1238480806350708,1392.9000244140625,129.160400390625,26753.169921875
2019-06-21,365.2171325683594,10144.556640625,1.1295605897903442,1396.199951171875,129.17926025390625,26719.130859375
2019-06-22,,10701.69140625,,,,
2019-06-23,,10855.37109375,,,,
2019-06-24,367.3288269042969,11011.1025390625,1.1384724378585815,1414.300048828125,129.9431915283203,26727.5390625
2019-06-25,362.7420043945313,11790.9169921875,1.140029788017273,1414.9000244140625,125.84060668945312,26548.220703125
2019-06-26,368.2619323730469,13016.2314453125,1.1369967460632324,1411.5999755859375,126.31216430664062,26536.8203125
2019-06-27,357.5364074707031,11182.806640625,1.1374752521514893,1408.4000244140625,126.51966857910156,26526.580078125
2019-06-28,357.526611328125,12407.33203125,1.1372941732406616,1409.699951171875,126.34050750732422,26599.9609375
2019-06-29,,11959.37109375,,,,
2019-06-30,,10817.1552734375,,,,
2019-07-01,350.111083984375,10583.134765625,1.1364928483963013,1385.5999755859375,127.96263885498048,26717.4296875
2019-07-02,347.85205078125,10801.677734375,1.1287446022033691,1404.5999755859375,128.81146240234375,26786.6796875
2019-07-03,348.1565246582031,11961.26953125,1.1293054819107056,1417.699951171875,129.64141845703125,26966.0
2019-07-04,,11215.4375,1.128795504570007,,,
2019-07-05,349.521728515625,10978.4599609375,1.128579020500183,1396.699951171875,129.26417541503906,26922.119140625
2019-07-06,,11208.55078125,,,,
2019-07-07,,11450.8466796875,,,,
2019-07-08,344.8662109375,12285.9580078125,1.1227376461029053,1397.0,129.1698455810547,26806.140625
2019-07-09,346.80108642578125,12573.8125,1.121604323387146,1397.5,128.69830322265625,26783.490234375
2019-07-10,346.025146484375,12156.5126953125,1.120824933052063,1410.0999755859375,130.00921630859375,26860.19921875
2019-07-11,352.6058349609375,11358.662109375,1.125885248184204,1404.300048828125,130.5279541015625,27088.080078125
2019-07-12,358.8230895996094,11815.986328125,1.1252391338348389,1409.9000244140625,130.99952697753906,27332.029296875
2019-07-13,,11392.37890625,,,,
2019-07-14,,10256.05859375,,,,
2019-07-15,355.1693115234375,10895.08984375,1.1272051334381104,1411.4000244140625,130.99952697753906,27359.16015625
2019-07-16,356.2890319824219,9477.6416015625,1.126176834106445,1409.199951171875,129.2830047607422,27335.630859375
2019-07-17,362.9384765625,9693.802734375,1.121227145195007,1421.300048828125,128.51910400390625,27219.849609375
2019-07-18,354.67822265625,10666.482421875,1.12296462059021,1426.0999755859375,128.66055297851562,27222.970703125
2019-07-19,370.6388244628906,10530.732421875,1.1261515617370603,1425.0999755859375,128.8491668701172,27154.19921875
2019-07-20,,10767.1396484375,,,,
2019-07-21,,10599.10546875,,,,
2019-07-22,366.7690124511719,10343.1064453125,1.1218308210372925,1425.300048828125,130.55621337890625,27171.900390625
2019-07-23,366.42523193359375,9900.767578125,1.1206114292144775,1420.0999755859375,131.3673095703125,27349.189453125
2019-07-24,354.9925537109375,9811.92578125,1.11512553691864,1422.800048828125,132.71595764160156,27269.970703125
2019-07-25,341.89013671875,9911.841796875,1.1142433881759644,1413.9000244140625,132.21609497070312,27140.98046875
2019-07-26,338.85516357421875,9870.3037109375,1.1146159172058103,1418.5,133.30067443847656,27192.44921875
2019-07-27,,9477.677734375,,,,
2019-07-28,,9552.8603515625,,,,
2019-07-29,334.1505126953125,9519.1455078125,1.1132138967514038,1419.5999755859375,133.00831604003906,27221.349609375
2019-07-30,341.2713623046875,9607.423828125,1.1143054962158203,1429.699951171875,132.36703491210938,27198.01953125
2019-07-31,335.10321044921875,10085.6279296875,1.1157974004745483,1426.0999755859375,128.51910400390625,26864.26953125
2019-08-01,328.3359680175781,10399.6689453125,1.107174515724182,1420.9000244140625,130.20726013183594,26583.419921875
2019-08-02,333.5120849609375,10518.1748046875,1.1078859567642212,1445.5999755859375,129.11328125,26485.009765625
2019-08-03,,10821.7265625,,,,
2019-08-04,,10970.1845703125,,,,
2019-08-05,325.1634521484375,11805.6533203125,1.1108025312423706,1464.5999755859375,124.69001007080078,25717.740234375
2019-08-06,326.5287170410156,11478.1689453125,1.1243788003921509,1472.4000244140625,127.02898406982422,26029.51953125
2019-08-07,325.477783203125,11941.96875,1.1206992864608765,1507.300048828125,127.58541107177734,26007.0703125
2019-08-08,332.42071533203125,11966.4072265625,1.12043559551239,1497.699951171875,130.99008178710938,26378.189453125
2019-08-09,333.606689453125,11862.9365234375,1.1187183856964111,1496.5999755859375,129.87721252441406,26287.439453125
2019-08-10,,11354.0244140625,,,,
2019-08-11,,11523.5791015625,,,,
2019-08-12,329.050537109375,11382.6162109375,1.1208499670028689,1505.300048828125,128.06637573242188,25896.439453125
2019-08-13,328.9714660644531,10895.830078125,1.1218308210372925,1502.199951171875,130.7165985107422,26279.91015625
2019-08-14,316.6767883300781,10051.7041015625,1.1177055835723877,1515.9000244140625,126.78009796142578,25479.419921875
2019-08-15,324.1682434082031,10311.5458984375,1.1143302917480469,1519.5999755859375,126.4961929321289,25579.390625
2019-08-16,326.58966064453125,10374.3388671875,1.1113580465316772,1512.5,128.81454467773438,25886.009765625
2019-08-17,,10231.744140625,,,,
2019-08-18,,10345.810546875,,,,
2019-08-19,329.8807067871094,10916.0537109375,1.109385371208191,1500.4000244140625,130.97203063964844,26135.7890625
2019-08-20,327.8744506835937,10763.232421875,1.1083157062530518,1504.5999755859375,129.88380432128906,25962.439453125
2019-08-21,336.0181884765625,10138.0498046875,1.1097793579101562,1504.5999755859375,131.3315887451172,26202.73046875
2019-08-22,350.26971435546875,10131.0556640625,1.10907781124115,1497.300048828125,130.37588500976562,26252.240234375
2019-08-23,351.8510437011719,10407.96484375,1.108401656150818,1526.5999755859375,126.22178649902344,25628.900390625
2019-08-24,,10159.9609375,,,,
2019-08-25,,10138.517578125,,,,
2019-08-26,354.8456420898437,10370.8203125,1.1143054962158203,1526.300048828125,128.171142578125,25898.830078125
2019-08-27,350.58599853515625,10185.5,1.1103708744049072,1541.0,128.445556640625,25777.900390625
2019-08-28,355.7647705078125,9754.4228515625,1.109004020690918,1537.800048828125,128.2751922607422,26036.099609375
2019-08-29,358.5024108886719,9510.2001953125,1.1085859537124634,1526.5,130.6975860595703,26362.25
2019-08-30,359.8366394042969,9598.173828125,1.1061947345733645,1519.0999755859375,130.4516143798828,26403.279296875
2019-08-31,,9630.6640625,,,,
2019-09-01,,9757.970703125,,,,
2019-09-02,,10346.7607421875,1.099178910255432,,,
2019-09-03,350.2796325683594,10623.5400390625,1.0968520641326904,1545.9000244140625,128.72940063476562,26118.01953125
2019-09-04,352.3649597167969,10594.4931640625,1.0974539518356323,1550.300048828125,130.2339630126953,26355.470703125
2019-09-05,356.09088134765625,10575.533203125,1.10349702835083,1515.4000244140625,132.52389526367188,26728.150390625
2019-09-06,358.7593688964844,10353.302734375,1.1036310195922852,1506.199951171875,131.62496948242188,26797.4609375
2019-09-07,,10517.2548828125,,,,
2019-09-08,,10441.2763671875,,,,
2019-09-09,354.5886535644531,10334.974609375,1.1020619869232178,1502.199951171875,130.12991333007812,26835.509765625
2019-09-10,365.1735229492188,10115.9755859375,1.1048381328582764,1490.300048828125,128.76724243164062,26909.4296875
2019-09-11,378.4664306640625,10178.3720703125,1.1050333976745603,1494.4000244140625,128.8050994873047,27137.0390625
2019-09-12,371.2418212890625,10410.126953125,1.101345777511597,1498.699951171875,130.12991333007812,27182.44921875
2019-09-13,375.3235778808594,10360.546875,1.1058276891708374,1490.9000244140625,129.94061279296875,27219.51953125
2019-09-14,,10358.048828125,,,,
2019-09-15,,10347.712890625,,,,
2019-09-16,374.4241943359375,10276.7939453125,1.1083402633666992,1503.0999755859375,129.0038299560547,27076.8203125
2019-09-17,379.7117004394531,10241.2724609375,1.100594401359558,1505.0999755859375,130.0068359375,27110.80078125
2019-09-18,381.8959045410156,10198.248046875,1.1074687242507937,1507.5,131.07615661621094,27147.080078125
2019-09-19,379.9489135742188,10266.4150390625,1.1031439304351809,1498.4000244140625,133.48912048339844,27094.7890625
2019-09-20,374.9579162597656,10181.6416015625,1.1048502922058103,1507.300048828125,131.94671630859375,26935.0703125
2019-09-21,,10019.716796875,,,,
2019-09-22,,10070.392578125,,,,
2019-09-23,372.6254577636719,9729.32421875,1.1019041538238523,1523.699951171875,131.66282653808594,26949.990234375
2019-09-24,377.1914978027344,8620.56640625,1.0993722677230835,1532.0999755859375,129.99740600585938,26807.76953125
2019-09-25,381.6883544921875,8486.9931640625,1.1016855239868164,1504.5999755859375,131.87098693847656,26970.7109375
2019-09-26,382.3703002929688,8118.9677734375,1.0952903032302856,1507.5,132.0413360595703,26891.119140625
2019-09-27,378.3873596191406,8251.845703125,1.0922753810882568,1499.0999755859375,130.32858276367188,26820.25
2019-09-28,,8245.9150390625,,,,
2019-09-29,,8104.185546875,,,,
2019-09-30,376.0252685546875,8293.8681640625,1.0942714214324951,1465.699951171875,131.55873107910156,26916.830078125
2019-10-01,370.5598754882813,8343.2763671875,1.0899657011032104,1482.0,129.70408630371094,26573.0390625
2019-10-02,363.06842041015625,8393.0419921875,1.0934937000274658,1501.0,127.41411590576172,26078.619140625
2019-10-03,367.7234191894531,8259.9921875,1.0963709354400637,1507.0999755859375,128.95651245117188,26201.0390625
2019-10-04,371.31103515625,8205.939453125,1.0975382328033447,1506.199951171875,130.6975860595703,26573.720703125
2019-10-05,,8151.50048828125,,,,
2019-10-06,,7988.15576171875,,,,
2019-10-07,372.1412048339844,8245.623046875,1.098659634590149,1497.699951171875,129.75137329101562,26478.01953125
2019-10-08,369.7297058105469,8228.783203125,1.0972130298614502,1497.199951171875,128.37925720214844,26164.0390625
2019-10-09,370.5796508789063,8595.740234375,1.0960105657577517,1506.0999755859375,130.8112030029297,26346.009765625
2019-10-10,366.6659240722656,8586.4736328125,1.098780393600464,1494.800048828125,131.62496948242188,26496.669921875
2019-10-11,370.5401306152344,8321.7568359375,1.1011033058166504,1482.699951171875,132.173828125,26816.58984375
2019-10-12,,8336.5556640625,,,,
2019-10-13,,8321.005859375,,,,
2019-10-14,368.8204345703125,8374.6865234375,1.1030004024505615,1491.699951171875,132.05078125,26787.359375
2019-10-15,366.6263732910156,8205.369140625,1.1029006242752075,1477.5999755859375,133.9622344970703,27024.80078125
2019-10-16,368.0792236328125,8047.52685546875,1.1034727096557615,1488.0,132.86459350585938,27001.98046875
2019-10-17,364.7485961914063,8103.9111328125,1.107493281364441,1492.300048828125,132.1832275390625,27025.880859375
2019-10-18,339.9813537597656,7973.20751953125,1.1127183437347412,1488.199951171875,130.02578735351562,26770.19921875
2019-10-19,,7988.560546875,,,,
2019-10-20,,8222.078125,,,,
2019-10-21,327.1924743652344,8243.720703125,1.1155734062194824,1482.4000244140625,130.990966796875,26827.640625
2019-10-22,333.0631103515625,8078.203125,1.1151753664016724,1481.699951171875,129.04165649414062,26788.099609375
2019-10-23,336.522216796875,7514.671875,1.112928867340088,1489.9000244140625,129.86489868164062,26833.94921875
2019-10-24,340.52490234375,7493.48876953125,1.1132385730743408,1498.9000244140625,132.41983032226562,26805.529296875
2019-10-25,335.86004638671875,8660.7001953125,1.1103955507278442,1499.5,133.1673583984375,26958.060546875
2019-10-26,,9244.97265625,,,,
2019-10-27,,9551.71484375,,,,
2019-10-28,336.89776611328125,9256.1484375,1.108426213264465,1490.0,136.44140625,27090.720703125
2019-10-29,344.8537292480469,9427.6875,1.1099148988723757,1487.0,135.1544952392578,27071.4609375
2019-10-30,342.01727294921875,9205.7265625,1.1114816665649414,1493.199951171875,136.83888244628906,27186.689453125
2019-10-31,335.9391174316406,9199.5849609375,1.1154489517211914,1511.4000244140625,135.66551208496094,27046.23046875
2019-11-01,341.1574401855469,9261.1044921875,1.1157102584838867,1508.0,135.99671936035156,27347.359375
2019-11-02,,9324.7177734375,,,,
2019-11-03,,9235.3544921875,,,,
2019-11-04,346.9884948730469,9412.6123046875,1.1166571378707886,1508.0,136.7820587158203,27462.109375
2019-11-05,354.1044006347656,9342.52734375,1.1128545999526978,1480.800048828125,136.6969451904297,27492.630859375
2019-11-06,350.05230712890625,9360.8798828125,1.107419729232788,1490.199951171875,136.3184051513672,27492.560546875
2019-11-07,355.1966857910156,9267.5615234375,1.1070396900177002,1464.199951171875,136.5076446533203,27674.80078125
2019-11-08,348.92401123046875,8804.880859375,1.1019697189331057,1461.300048828125,138.1163330078125,27681.240234375
2019-11-09,,8813.58203125,,,,
2019-11-10,,9055.5263671875,,,,
2019-11-11,364.7896118164063,8757.7880859375,1.102244257926941,1455.5,138.2582550048828,27691.490234375
2019-11-12,360.7337341308594,8815.662109375,1.1035456657409668,1452.0999755859375,139.16664123535156,27691.490234375
2019-11-13,360.3559875488281,8808.2626953125,1.1012367010116575,1461.699951171875,139.39376831054688,27783.58984375
2019-11-14,365.2667846679688,8708.0947265625,1.101321578025818,1471.800048828125,140.10348510742188,27781.9609375
2019-11-15,369.481689453125,8491.9921875,1.1020498275756836,1467.300048828125,141.91082763671875,28004.890625
2019-11-16,,8550.7607421875,,,,
2019-11-17,,8577.9755859375,,,,
2019-11-18,367.2748107910156,8309.2861328125,1.105509877204895,1470.9000244140625,142.2609100341797,28036.220703125
2019-11-19,364.8293762207031,8206.1455078125,1.1072357892990112,1473.300048828125,142.30825805664062,27934.01953125
2019-11-20,368.71624755859375,8027.26806640625,1.1080001592636108,1473.300048828125,142.06138610839844,27821.08984375
2019-11-21,364.2726745605469,7642.75,1.1078859567642212,1463.0999755859375,141.92843627929688,27766.2890625
2019-11-22,369.1437072753906,7296.57763671875,1.1065863370895386,1463.0999755859375,142.03289794921875,27875.619140625
2019-11-23,,7397.796875,,,,
2019-11-24,,7047.9169921875,,,,
2019-11-25,370.9231262207031,7146.1337890625,1.1022562980651855,1456.5999755859375,143.5900421142578,28066.470703125
2019-11-26,371.3008728027344,7218.37109375,1.1014429330825806,1459.800048828125,144.34963989257812,28121.6796875
2019-11-27,365.8234558105469,7531.66357421875,1.1022562980651855,1453.4000244140625,144.625,28164.0
2019-11-28,,7463.10595703125,1.1004853248596191,,,
2019-11-29,364.0142211914063,7761.24365234375,1.101176142692566,1465.5999755859375,143.73248291015625,28051.41015625
2019-11-30,,7569.6298828125,,,,
2019-12-01,,7424.29248046875,,,,
2019-12-02,353.07928466796875,7321.98828125,1.1019041538238523,1462.300048828125,141.99496459960938,27783.0390625
2019-12-03,349.99761962890625,7320.1455078125,1.1079105138778689,1478.199951171875,141.7670135498047,27502.810546875
2019-12-04,346.7767639160156,7252.03466796875,1.1085245609283447,1474.0,142.27976989746094,27649.779296875
2019-12-05,343.6354675292969,7448.3076171875,1.108303427696228,1476.9000244140625,142.3557586669922,27677.7890625
2019-12-06,351.9957275390625,7546.99658203125,1.1105434894561768,1459.0999755859375,144.0838165283203,28015.060546875
2019-12-07,,7556.23779296875,,,,
2019-12-08,,7564.34521484375,,,,
2019-12-09,349.1327514648437,7400.8994140625,1.105888843536377,1459.300048828125,143.71351623535156,27909.599609375
2019-12-10,345.84234619140625,7278.11962890625,1.106499433517456,1462.5999755859375,143.49513244628906,27881.720703125
2019-12-11,347.929931640625,7217.42724609375,1.1092746257781982,1469.4000244140625,144.03631591796875,27911.30078125
2019-12-12,344.24188232421875,7243.13427734375,1.1135857105255127,1466.699951171875,145.49855041503906,28132.05078125
2019-12-13,339.6492004394531,7269.6845703125,1.1186057329177856,1475.5999755859375,146.72332763671875,28135.380859375
2019-12-14,,7124.673828125,,,,
2019-12-15,,7152.3017578125,,,,
2019-12-16,325.0659484863281,6932.48046875,1.1124460697174072,1475.0,147.67286682128906,28235.890625
2019-12-17,325.0659484863281,6640.51513671875,1.1136974096298218,1474.5999755859375,146.87525939941406,28267.16015625
2019-12-18,328.72418212890625,7276.802734375,1.115138053894043,1472.5999755859375,146.57142639160156,28239.279296875
2019-12-19,331.5274963378906,7202.84423828125,1.1115927696228027,1478.199951171875,147.84375,28376.9609375
2019-12-20,326.0600280761719,7218.81640625,1.1125946044921875,1474.699951171875,149.45785522460938,28455.08984375
2019-12-21,,7191.15869140625,,,,
2019-12-22,,7511.5888671875,,,,
2019-12-23,335.5535583496094,7355.62841796875,1.1079840660095217,1482.5,149.45785522460938,28551.529296875
2019-12-24,331.03045654296875,7322.5322265625,1.109385371208191,1499.0999755859375,149.4293975830078,28515.44921875
2019-12-25,,7275.15576171875,1.1090162992477417,,,
2019-12-26,327.9686889648437,7238.966796875,1.1095454692840576,1509.300048828125,150.65420532226562,28621.390625
2019-12-27,328.1874084472656,7290.08837890625,1.110111951828003,1513.800048828125,150.92955017089844,28645.259765625
2019-12-28,,7317.990234375,,,,
2019-12-29,,7422.65283203125,,,,
2019-12-30,324.4695129394531,7292.9951171875,1.1182304620742798,1514.5,149.62872314453125,28462.140625
2019-12-31,323.83331298828125,7193.59912109375,1.120229721069336,1519.5,149.7332000732422,28538.439453125
2020-01-01,,7200.17431640625,1.1220825910568235,,,
2020-01-02,331.3485717773437,6985.47021484375,1.1220825910568235,1524.5,152.5056915283203,28868.80078125
2020-01-03,330.7919006347656,7344.88427734375,1.1171437501907349,1549.199951171875,150.60675048828125,28634.880859375
2020-01-04,,7410.65673828125,,,,
2020-01-05,,7411.3173828125,,,,
2020-01-06,331.7660827636719,7769.21923828125,1.1161960363388062,1566.199951171875,150.99606323242188,28703.380859375
2020-01-07,335.28515625,8163.6923828125,1.1197994947433472,1571.800048828125,149.61927795410156,28583.6796875
2020-01-08,329.4100952148437,8079.86279296875,1.1154738664627075,1557.4000244140625,152.00247192382812,28745.08984375
2020-01-09,334.3507080078125,7879.0712890625,1.1113210916519165,1551.699951171875,153.9014129638672,28956.900390625
2020-01-10,327.9686889648437,8166.55419921875,1.1111111640930176,1557.5,153.1893310546875,28823.76953125
2020-01-11,,8037.53759765625,,,,
2020-01-12,,8192.494140625,,,,
2020-01-13,328.26690673828125,8144.1943359375,1.111666917800903,1548.4000244140625,155.03134155273438,28907.05078125
2020-01-14,330.3843078613281,8827.7646484375,1.1135733127593994,1542.4000244140625,153.93942260742188,28939.669921875
2020-01-15,327.8493957519531,8807.0107421875,1.113089919090271,1552.0999755859375,154.9363555908203,29030.220703125
2020-01-16,330.036376953125,8723.7861328125,1.1154004335403442,1549.0,157.77529907226562,29297.640625
2020-01-17,322.2328186035156,8929.0380859375,1.1139578819274902,1558.800048828125,158.65829467773438,29348.099609375
2020-01-18,,8942.80859375,,,,
2020-01-19,,8706.2451171875,,,,
2020-01-20,,8657.642578125,1.1094592809677124,,,
2020-01-21,311.5165710449219,8745.89453125,1.109693169593811,1556.4000244140625,158.08863830566406,29196.0390625
2020-01-22,307.17242431640625,8680.8759765625,1.108561396598816,1555.300048828125,157.3290557861328,29186.26953125
2020-01-23,315.9104309082031,8406.515625,1.1096439361572266,1564.5999755859375,158.2975311279297,29160.08984375
2020-01-24,321.1393127441406,8445.4345703125,1.1055220365524292,1571.0999755859375,156.702392578125,28989.73046875
2020-01-25,,8367.84765625,,,,
2020-01-26,,8596.830078125,,,,
2020-01-27,314.7274780273437,8909.8193359375,1.102535843849182,1576.800048828125,154.08181762695312,28535.80078125
2020-01-28,314.6877136230469,9358.58984375,1.101976990699768,1569.199951171875,157.10116577148438,28722.849609375
2020-01-29,320.1153869628906,9316.6298828125,1.1022562980651855,1569.800048828125,159.55081176757812,28734.44921875
2020-01-30,321.3878173828125,9508.9931640625,1.1016855239868164,1583.5,164.0513916015625,28859.439453125
2020-01-31,316.3875732421875,9350.529296875,1.1029127836227417,1582.9000244140625,161.63021850585938,28256.029296875
2020-02-01,,9392.875,,,,
2020-02-02,,9344.365234375,,,,
2020-02-03,314.1310119628906,9293.521484375,1.1089794635772705,1577.199951171875,165.57058715820312,28399.810546875
2020-02-04,316.0595397949219,9180.962890625,1.1062926054000854,1550.4000244140625,171.0205535888672,28807.630859375
2020-02-05,327.6008605957031,9613.423828125,1.1047282218933103,1557.800048828125,170.8116912841797,29290.849609375
2020-02-06,339.4106140136719,9729.8017578125,1.100231051445007,1565.0999755859375,174.353271484375,29379.76953125
2020-02-07,334.75830078125,9795.943359375,1.0982975959777832,1568.5999755859375,174.60011291503906,29102.509765625
2020-02-08,,9865.119140625,,,,
2020-02-09,,10116.673828125,,,,
2020-02-10,342.6314697265625,9856.611328125,1.0949305295944214,1574.699951171875,179.16709899902344,29276.8203125
2020-02-11,342.3829345703125,10208.236328125,1.0913456678390503,1565.5999755859375,175.12232971191406,29276.33984375
2020-02-12,345.39501953125,10326.0546875,1.091941475868225,1567.4000244140625,175.3787078857422,29551.419921875
2020-02-13,342.82000732421875,10214.3798828125,1.0875948667526243,1575.0999755859375,174.42919921875,29423.310546875
2020-02-14,340.489990234375,10312.1162109375,1.0845986604690552,1582.699951171875,175.98634338378906,29398.080078125
2020-02-15,,9889.4248046875,,,,
2020-02-16,,9934.43359375,,,,
2020-02-17,,9690.142578125,1.0841753482818604,,,
2020-02-18,338.8800048828125,10141.99609375,1.0840108394622805,1600.0,177.77137756347656,29232.189453125
2020-02-19,338.29998779296875,9633.38671875,1.079540491104126,1607.5,178.3045654296875,29348.029296875
2020-02-20,336.2799987792969,9608.4755859375,1.081009864807129,1616.5999755859375,175.58164978027344,29219.98046875
2020-02-21,330.3800048828125,9686.44140625,1.078799843788147,1644.5999755859375,170.03102111816406,28992.41015625
2020-02-22,,9663.181640625,,,,
2020-02-23,,9924.515625,,,,
2020-02-24,317.8999938964844,9650.1748046875,1.0839051008224487,1672.4000244140625,162.70005798339844,27960.80078125
2020-02-25,304.1400146484375,9341.705078125,1.0849199295043943,1646.9000244140625,160.01519775390625,27081.359375
2020-02-26,305.5899963378906,8820.5224609375,1.0881996154785156,1640.0,162.01455688476562,26957.58984375
2020-02-27,287.760009765625,8784.494140625,1.088589429855347,1640.0,150.59921264648438,25766.640625
2020-02-28,275.1099853515625,8672.455078125,1.0997228622436523,1564.0999755859375,154.24560546875,25409.359375
2020-02-29,,8599.5087890625,,,,
2020-03-01,,8562.4541015625,,,,
2020-03-02,289.2699890136719,8869.669921875,1.1051311492919922,1592.300048828125,164.50900268554688,26703.3203125
2020-03-03,280.6199951171875,8787.7861328125,1.114404797554016,1642.0999755859375,156.62588500976562,25917.41015625
2020-03-04,283.1199951171875,8755.24609375,1.118067979812622,1641.0999755859375,162.37637329101562,27090.859375
2020-03-05,260.3699951171875,9078.7626953125,1.113908290863037,1666.4000244140625,158.3014678955078,26121.279296875
2020-03-06,262.3299865722656,9122.5458984375,1.1223849058151243,1670.800048828125,153.82672119140625,25864.779296875
2020-03-07,,8909.9541015625,,,,
2020-03-08,,8108.1162109375,,,,
2020-03-09,227.1699981689453,7923.64453125,1.1386020183563232,1674.5,143.40150451660156,23851.01953125
2020-03-10,231.00999450683597,7909.7294921875,1.139796018600464,1659.0999755859375,153.20787048339844,25018.16015625
2020-03-11,189.0800018310547,7911.43017578125,1.1316505670547483,1641.4000244140625,146.26722717285156,23553.220703125
2020-03-12,154.83999633789062,4970.7880859375,1.1261515617370603,1589.300048828125,132.39552307128906,21200.619140625
2020-03-13,170.1999969482422,5563.70703125,1.1184931993484497,1515.699951171875,151.21804809570312,23185.619140625
2020-03-14,,5200.3662109375,,,,
2020-03-15,,5392.31494140625,,,,
2020-03-16,129.61000061035156,5014.47998046875,1.115536093711853,1485.9000244140625,128.92991638183594,20188.51953125
2020-03-17,124.13999938964844,5225.62939453125,1.1163206100463867,1524.9000244140625,139.54562377929688,21237.380859375
2020-03-18,101.88999938964844,5238.4384765625,1.101552128791809,1477.300048828125,133.67129516601562,19898.919921875
2020-03-19,97.70999908447266,6191.19287109375,1.0961546897888184,1478.5999755859375,135.87057495117188,20087.189453125
2020-03-20,95.01000213623048,6198.7783203125,1.0657345056533811,1484.0,130.76747131347656,19173.98046875
2020-03-21,,6185.06640625,,,,
2020-03-22,,5830.2548828125,,,,
2020-03-23,105.62000274658205,6416.31494140625,1.0694386959075928,1567.0,129.463134765625,18591.9296875
2020-03-24,127.68000030517578,6734.8037109375,1.0764610767364502,1660.199951171875,141.23077392578125,20704.91015625
2020-03-25,158.72999572753906,6681.06298828125,1.080263614654541,1632.300048828125,139.87881469726562,21200.55078125
2020-03-26,180.5500030517578,6716.4404296875,1.0889569520950315,1650.0999755859375,148.62840270996094,22552.169921875
2020-03-27,162.0,6469.79833984375,1.1048258543014526,1623.9000244140625,142.52557373046875,21636.779296875
2020-03-28,,6242.19384765625,,,,
2020-03-29,,5922.04296875,,,,
2020-03-30,152.27999877929688,6429.841796875,1.113908290863037,1622.0,152.55088806152344,22327.48046875
2020-03-31,149.13999938964844,6438.64453125,1.1030466556549072,1583.4000244140625,150.15174865722656,21917.16015625
2020-04-01,130.6999969482422,6606.7763671875,1.102657437324524,1578.199951171875,144.820068359375,20943.509765625
2020-04-02,123.2699966430664,6793.62451171875,1.0953621864318848,1625.699951171875,147.81910705566406,21413.439453125
2020-04-03,124.5199966430664,6733.38720703125,1.0847399234771729,1633.699951171875,146.4576416015625,21052.529296875
2020-04-04,,6867.52734375,,,,
2020-04-05,,6791.12939453125,,,,
2020-04-06,148.77000427246094,7271.78125,1.0806955099105835,1677.0,157.3494110107422,22679.990234375
2020-04-07,141.5800018310547,7176.41455078125,1.0803803205490112,1664.800048828125,155.6547088623047,22653.859375
2020-04-08,146.8699951171875,7334.0986328125,1.0895144939422607,1665.4000244140625,157.21612548828125,23433.5703125
2020-04-09,151.83999633789062,7302.08935546875,1.0863661766052246,1736.199951171875,157.2256317138672,23719.369140625
2020-04-10,,6865.4931640625,1.0927408933639526,,,
2020-04-11,,6859.0830078125,,,,
2020-04-12,,6971.091796875,,,,
2020-04-13,147.3300018310547,6845.03759765625,1.0932666063308716,1744.800048828125,157.57789611816406,23390.76953125
2020-04-14,141.0,6842.427734375,1.0922993421554563,1756.699951171875,165.3754119873047,23949.759765625
2020-04-15,145.97999572753906,6642.10986328125,1.098538875579834,1727.199951171875,163.6426239013672,23504.349609375
2020-04-16,134.24000549316406,7116.80419921875,1.0905101299285889,1720.4000244140625,168.5552520751953,23537.6796875
2020-04-17,154.0,7096.1845703125,1.0858471393585205,1689.199951171875,170.04051208496094,24242.490234375
2020-04-18,,7257.6650390625,,,,
2020-04-19,,7189.4248046875,,,,
2020-04-20,143.61000061035156,6881.95849609375,1.0866966247558594,1701.5999755859375,166.67022705078125,23650.439453125
2020-04-21,136.3300018310547,6880.3232421875,1.0864840745925903,1678.199951171875,159.77720642089844,23018.880859375
2020-04-22,134.97000122070312,7117.20751953125,1.0856467485427856,1728.699951171875,165.20401000976562,23475.8203125
2020-04-23,137.74000549316406,7429.724609375,1.080964207649231,1733.300048828125,163.2046356201172,23515.259765625
2020-04-24,128.97999572753906,7550.90087890625,1.077702283859253,1723.5,166.18467712402344,23775.26953125
2020-04-25,,7569.93603515625,,,,
2020-04-26,,7679.8671875,,,,
2020-04-27,128.67999267578125,7795.60107421875,1.08236825466156,1711.9000244140625,165.70858764648438,24133.779296875
2020-04-28,131.3000030517578,7807.05859375,1.0824854373931885,1710.5,161.6717987060547,24101.55078125
2020-04-29,139.0,8801.0380859375,1.0836584568023682,1703.4000244140625,168.92662048339844,24633.859375
2020-04-30,141.02000427246094,8658.5537109375,1.087725043296814,1684.199951171875,170.6212921142578,24345.720703125
2020-05-01,133.3699951171875,8864.7666015625,1.094546914100647,1694.5,166.2036895751953,23723.689453125
2020-05-02,,8988.5966796875,,,,
2020-05-03,,8897.46875,,,,
2020-05-04,131.4600067138672,8912.654296875,1.0959625244140625,1706.9000244140625,170.26904296875,23749.759765625
2020-05-05,125.4000015258789,9003.0703125,1.0904293060302734,1704.4000244140625,172.09701538085938,23883.08984375
2020-05-06,121.86000061035156,9268.76171875,1.0838581323623655,1684.199951171875,173.79171752929688,23664.640625
2020-05-07,128.64999389648438,9951.5185546875,1.0798553228378296,1721.800048828125,174.80088806152344,23875.890625
2020-05-08,133.44000244140625,9842.666015625,1.0837171077728271,1709.9000244140625,175.8291473388672,24331.3203125
2020-05-09,,9593.896484375,,,,
2020-05-10,,8756.4306640625,,,,
2020-05-11,128.91000366210938,8601.7958984375,1.0839520692825315,1695.300048828125,177.7904510498047,24221.990234375
2020-05-12,125.22000122070312,8804.4775390625,1.080940842628479,1704.4000244140625,173.76315307617188,23764.779296875
2020-05-13,121.5,9269.9873046875,1.0846810340881348,1713.9000244140625,171.13543701171875,23247.970703125
2020-05-14,122.5199966430664,9733.7216796875,1.08236825466156,1738.0999755859375,171.87808227539062,23625.33984375
2020-05-15,120.0,9328.197265625,1.0806955099105835,1753.4000244140625,174.38198852539062,23685.419921875
2020-05-16,,9377.013671875,,,,
2020-05-17,,9670.7392578125,,,,
2020-05-18,135.44000244140625,9726.5751953125,1.0821340084075928,1731.800048828125,176.04811096191406,24597.369140625
2020-05-19,130.44000244140625,9729.0380859375,1.0915124416351318,1744.199951171875,174.82949829101562,24206.859375
2020-05-20,133.32000732421875,9522.9814453125,1.0927767753601074,1750.5999755859375,177.25450134277344,24575.900390625
2020-05-21,139.0,9081.76171875,1.0982975959777832,1720.5,175.1254425048828,24474.119140625
2020-05-22,137.52999877929688,9182.5771484375,1.0952903032302856,1734.5999755859375,175.2018280029297,24465.16015625
2020-05-23,,9209.287109375,,,,
2020-05-24,,8790.3681640625,,,,
2020-05-25,,8906.9345703125,1.0907801389694214,,,
2020-05-26,144.72999572753906,8835.052734375,1.0902997255325315,1704.800048828125,173.3496856689453,24995.109375
2020-05-27,149.52000427246094,9181.017578125,1.0981770753860474,1710.300048828125,173.5788116455078,25548.26953125
2020-05-28,149.82000732421875,9525.7509765625,1.1016855239868164,1713.300048828125,173.1873321533203,25400.640625
2020-05-29,145.85000610351562,9439.1240234375,1.1079105138778689,1736.9000244140625,174.95361328125,25383.109375
2020-05-30,,9700.4140625,,,,
2020-05-31,,9461.05859375,,,,
2020-06-01,151.38999938964844,10167.2685546875,1.1118524074554443,1737.800048828125,174.55262756347656,25475.01953125
2020-06-02,153.30999755859375,9529.8037109375,1.1125946044921875,1725.199951171875,176.5384521484375,25742.650390625
2020-06-03,173.16000366210938,9656.7177734375,1.118943691253662,1697.800048828125,176.96807861328125,26269.890625
2020-06-04,184.3000030517578,9800.63671875,1.1235954761505127,1718.9000244140625,174.63853454589844,26281.8203125
2020-06-05,205.42999267578125,9665.533203125,1.1337867975234983,1676.199951171875,178.72476196289062,27110.98046875
2020-06-06,,9653.6796875,,,,
2020-06-07,,9758.8525390625,,,,
2020-06-08,230.5,9771.4892578125,1.1319515705108645,1698.300048828125,179.832275390625,27572.439453125
2020-06-09,216.7400054931641,9795.7001953125,1.1305567026138306,1714.699951171875,181.20704650878903,27272.30078125
2020-06-10,203.41000366210935,9870.0947265625,1.1332215070724487,1713.300048828125,187.92837524414065,26989.990234375
2020-06-11,170.0,9321.78125,1.1365444660186768,1732.0,177.83688354492188,25128.169921875
2020-06-12,189.50999450683597,9480.84375,1.1288082599639893,1729.300048828125,179.2402801513672,25605.5390625
2020-06-13,,9475.27734375,,,,
2020-06-14,,9386.7880859375,,,,
2020-06-15,190.94000244140625,9450.7021484375,1.1252011060714722,1720.300048828125,180.385986328125,25763.16015625
2020-06-16,197.7700042724609,9538.0244140625,1.1337740421295166,1729.5999755859375,184.806396484375,26289.98046875
2020-06-17,192.5399932861328,9480.2548828125,1.1265701055526731,1729.199951171875,185.446044921875,26119.609375
2020-06-18,192.2899932861328,9411.8408203125,1.1242902278900146,1724.800048828125,187.431884765625,26080.099609375
2020-06-19,187.0200042724609,9288.0185546875,1.1211000680923462,1745.9000244140625,186.31488037109372,25871.4609375
2020-06-20,,9332.3408203125,,,,
2020-06-21,,9303.6298828125,,,,
2020-06-22,188.5200042724609,9648.7177734375,1.1177555322647097,1756.699951171875,191.48948669433597,26024.9609375
2020-06-23,187.8800048828125,9629.658203125,1.1279679536819458,1772.0999755859375,192.7688140869141,26156.099609375
2020-06-24,176.69000244140625,9313.6103515625,1.1312345266342163,1765.800048828125,188.88304138183597,25445.939453125
2020-06-25,174.8800048828125,9264.8134765625,1.1250872611999512,1762.0999755859375,191.26988220214844,25745.599609375
2020-06-26,170.00999450683594,9162.91796875,1.1222084760665894,1772.5,187.44142150878903,25015.55078125
2020-06-27,,9045.390625,,,,
2020-06-28,,9143.58203125,,,,
2020-06-29,194.4900054931641,9190.8544921875,1.1225864887237549,1774.800048828125,189.45591735839844,25595.80078125
2020-06-30,183.3000030517578,9137.9931640625,1.1247202157974243,1793.0,194.2963409423828,25812.880859375
2020-07-01,180.32000732421875,9228.3251953125,1.1235954761505127,1773.199951171875,195.4324951171875,25734.970703125
2020-07-02,180.80999755859372,9123.41015625,1.1251378059387207,1784.0,196.9218597412109,25827.359375
2020-07-03,,9087.3037109375,1.1237848997116089,,,
2020-07-04,,9132.48828125,,,,
2020-07-05,,9073.9423828125,,,,
2020-07-06,187.91000366210935,9375.474609375,1.1247202157974243,1788.5,201.16085815429688,26287.029296875
2020-07-07,178.8800048828125,9252.27734375,1.1312856674194336,1804.199951171875,198.8217315673828,25890.1796875
2020-07-08,180.0800018310547,9428.3330078125,1.1275228261947632,1815.5,203.19439697265625,26067.279296875
2020-07-09,173.27999877929688,9277.9677734375,1.1339154243469238,1799.199951171875,204.6169586181641,25706.08984375
2020-07-10,178.44000244140625,9278.8076171875,1.128795504570007,1798.199951171875,203.99636840820312,26075.30078125
2020-07-11,,9240.3466796875,,,,
2020-07-12,,9276.5,,,,
2020-07-13,175.64999389648438,9243.6142578125,1.1310042142868042,1811.0,197.69517517089844,26085.80078125
2020-07-14,179.9600067138672,9243.2138671875,1.134549617767334,1810.5999755859373,198.91720581054688,26642.58984375
2020-07-15,187.94000244140625,9192.8369140625,1.1410704851150513,1811.4000244140625,198.6212615966797,26870.099609375
2020-07-16,178.6999969482422,9132.2275390625,1.1417193412780762,1798.699951171875,194.68777465820312,26734.7109375
2020-07-17,175.66000366210938,9151.392578125,1.139211654663086,1808.300048828125,193.69488525390625,26671.94921875
2020-07-18,,9159.0400390625,,,,
2020-07-19,,9185.8173828125,,,,
2020-07-20,174.4199981689453,9164.2314453125,1.1442956924438477,1815.9000244140625,202.0200958251953,26680.869140625
2020-07-21,178.6300048828125,9374.8876953125,1.1458691358566284,1842.4000244140625,199.29913330078125,26840.400390625
2020-07-22,179.7899932861328,9525.36328125,1.15340256690979,1864.0999755859373,202.1632843017578,27005.83984375
2020-07-23,176.4499969482422,9581.072265625,1.1568717956542969,1889.0999755859373,193.37030029296875,26652.330078125
2020-07-24,173.75999450683594,9536.892578125,1.1596084833145142,1897.300048828125,192.18641662597656,26469.890625
2020-07-25,,9677.11328125,,,,
2020-07-26,,9905.1669921875,,,,
2020-07-27,170.2100067138672,10990.873046875,1.1652567386627195,1931.0,194.62098693847656,26584.76953125
2020-07-28,170.83999633789062,10912.8232421875,1.1769275665283203,1944.699951171875,192.873779296875,26379.279296875
2020-07-29,166.00999450683594,11100.4677734375,1.171879529953003,1953.5,194.82147216796875,26539.5703125
2020-07-30,161.9499969482422,11111.2138671875,1.1782865524291992,1942.300048828125,194.6687164306641,26313.650390625
2020-07-31,158.0,11323.466796875,1.1872254610061646,1962.800048828125,195.7284698486328,26428.3203125
2020-08-01,,11759.5927734375,,,,
2020-08-02,,11053.6142578125,,,,
2020-08-03,162.27000427246094,11246.3486328125,1.1782310009002686,1966.0,206.7364196777344,26664.400390625
2020-08-04,165.07000732421875,11205.892578125,1.1763322353363037,2001.199951171875,203.63357543945312,26828.470703125
2020-08-05,174.27999877929688,11747.0224609375,1.181544303894043,2031.0999755859373,203.2994079589844,27201.51953125
2020-08-06,172.1999969482422,11779.7734375,1.187281847000122,2051.5,206.55503845214844,27386.98046875
2020-08-07,170.02000427246094,11601.47265625,1.1876484155654907,2010.0999755859373,202.86021423339844,27433.48046875
2020-08-08,,11754.0458984375,,,,
2020-08-09,,11675.7392578125,,,,
2020-08-10,179.41000366210938,11878.111328125,1.178272724151611,2024.4000244140625,198.8217315673828,27791.439453125
2020-08-11,180.1300048828125,11410.525390625,1.1737778186798096,1932.5999755859373,194.17225646972656,27686.91015625
2020-08-12,175.44000244140625,11584.9345703125,1.1736538410186768,1934.9000244140625,199.7192230224609,27976.83984375
2020-08-13,174.72999572753906,11784.1376953125,1.179380178451538,1956.699951171875,199.2513885498047,27896.720703125
2020-08-14,178.0800018310547,11768.87109375,1.1816558837890625,1937.0,199.4423370361328,27931.01953125
2020-08-15,,11865.6982421875,,,,
2020-08-16,,11892.8037109375,,,,
2020-08-17,172.00999450683594,12254.40234375,1.1852554082870483,1985.0,200.75987243652344,27844.91015625
2020-08-18,170.22999572753906,11991.2333984375,1.1876484155654907,1999.4000244140625,201.91506958007807,27778.0703125
2020-08-19,169.27000427246094,11758.283203125,1.1947859525680542,1958.699951171875,200.6900787353516,27692.880859375
2020-08-20,169.5800018310547,11878.3720703125,1.1843500137329102,1933.800048828125,205.3604278564453,27739.73046875
2020-08-21,167.5,11592.4892578125,1.1873664855957031,1934.5999755859373,203.86741638183597,27930.330078125
2020-08-22,,11681.8251953125,,,,
2020-08-23,,11664.84765625,,,,
2020-08-24,178.27000427246094,11774.595703125,1.1798018217086792,1927.699951171875,204.50865173339844,28308.4609375
2020-08-25,174.72999572753906,11366.134765625,1.1794538497924805,1911.800048828125,207.169189453125,28248.439453125
2020-08-26,171.89999389648438,11488.36328125,1.183501958847046,1940.699951171875,211.64813232421875,28331.919921875
2020-08-27,174.1999969482422,11323.3974609375,1.1842728853225708,1921.5999755859373,216.8448028564453,28492.26953125
2020-08-28,175.8000030517578,11542.5,1.1819632053375244,1964.5999755859373,219.07464599609372,28653.869140625
2020-08-29,,11506.865234375,,,,
2020-08-30,,11711.505859375,,,,
2020-08-31,171.82000732421875,11680.8203125,1.1918240785598757,1967.5999755859373,215.83990478515625,28430.05078125
2020-09-01,172.10000610351562,11970.478515625,1.193901538848877,1968.199951171875,217.50515747070312,28645.66015625
2020-09-02,174.77999877929688,11414.0341796875,1.1923214197158811,1934.4000244140625,221.69699096679688,29100.5
2020-09-03,168.77000427246094,10245.296875,1.184735894203186,1927.5999755859373,207.96353149414065,28292.73046875
2020-09-04,171.0500030517578,10511.8134765625,1.1839784383773804,1923.9000244140625,205.0445709228516,28133.310546875
2020-09-05,,10169.5673828125,,,,
2020-09-06,,10280.3515625,,,,
2020-09-07,,10369.5634765625,1.183445930480957,,,
2020-09-08,161.0800018310547,10131.5166015625,1.182172775268555,1933.0,193.9525451660156,27500.890625
2020-09-09,160.77999877929688,10242.34765625,1.177024483680725,1944.699951171875,202.21176147460935,27940.470703125
2020-09-10,157.69000244140625,10363.138671875,1.1806375980377195,1954.199951171875,196.5460968017578,27534.580078125
2020-09-11,160.22999572753906,10400.9150390625,1.1824384927749634,1937.800048828125,195.26368713378903,27665.640625
2020-09-12,,10442.1708984375,,,,
2020-09-13,,10323.755859375,,,,
2020-09-14,165.35000610351562,10680.837890625,1.1842728853225708,1953.0999755859373,196.5843811035156,27993.330078125
2020-09-15,163.49000549316406,10796.951171875,1.187000036239624,1956.300048828125,199.80963134765625,27995.599609375
2020-09-16,167.4600067138672,10974.9052734375,1.1844412088394165,1960.199951171875,196.23985290527344,28032.380859375
2020-09-17,167.52999877929688,10948.990234375,1.1803449392318726,1940.0,194.19178771972656,27901.98046875
2020-09-18,161.13999938964844,10944.5859375,1.1848200559616089,1952.0999755859373,191.78009033203125,27657.419921875
2020-09-19,,11094.3466796875,,,,
2020-09-20,,10938.271484375,,,,
2020-09-21,156.35000610351562,10462.259765625,1.1845533847808838,1901.199951171875,193.83770751953125,27147.69921875
2020-09-22,156.8000030517578,10538.4599609375,1.176800012588501,1898.5999755859373,198.50804138183597,27288.1796875
2020-09-23,151.17999267578125,10246.1865234375,1.1708368062973022,1859.9000244140625,191.97149658203125,26763.130859375
2020-09-24,146.0500030517578,10760.06640625,1.1658544540405271,1868.300048828125,194.4597930908203,26815.439453125
2020-09-25,156.02999877929688,10692.716796875,1.1673243045806885,1857.699951171875,198.89085388183597,27173.9609375
2020-09-26,,10750.7236328125,,,,
2020-09-27,,10775.26953125,,,,
2020-09-28,166.0800018310547,10709.65234375,1.1635348796844482,1872.800048828125,200.4412384033203,27584.060546875
2020-09-29,163.60000610351562,10844.640625,1.167883276939392,1894.300048828125,198.3549041748047,27452.66015625
2020-09-30,165.25999450683594,10784.4912109375,1.1742050647735596,1887.5,201.2930145263672,27781.69921875
2020-10-01,167.86000061035156,10619.4521484375,1.1726078987121582,1908.4000244140625,203.3314666748047,27816.900390625
2020-10-02,168.0800018310547,10575.974609375,1.1744946241378784,1900.199951171875,197.33087158203125,27682.810546875
2020-10-03,,10549.3291015625,,,,
2020-10-04,,10669.5830078125,,,,
2020-10-05,171.1999969482422,10793.33984375,1.1720443964004517,1912.5,201.34085083007807,28148.640625
2020-10-06,159.5399932861328,10604.40625,1.1792453527450562,1901.0999755859373,197.0629119873047,27772.759765625
2020-10-07,164.61000061035156,10668.96875,1.1737639904022217,1883.5999755859373,200.8144989013672,28303.4609375
2020-10-08,168.0,10915.685546875,1.176747441291809,1888.5999755859373,201.53225708007807,28425.509765625
2020-10-09,167.3300018310547,11064.4580078125,1.1767003536224363,1919.5,206.53753662109372,28586.900390625
2020-10-10,,11296.361328125,,,,
2020-10-11,,11384.181640625,,,,
2020-10-12,167.35000610351562,11555.36328125,1.181683897972107,1922.5,211.88735961914065,28837.51953125
2020-10-13,162.13999938964844,11425.8994140625,1.1816140413284302,1888.5,213.2846527099609,28679.810546875
2020-10-14,163.24000549316406,11429.5068359375,1.1742188930511477,1901.300048828125,211.37057495117188,28514.0
2020-10-15,164.24000549316406,11495.349609375,1.1743981838226318,1903.199951171875,210.2221527099609,28494.19921875
2020-10-16,167.35000610351562,11322.123046875,1.1707134246826172,1900.800048828125,210.2221527099609,28606.310546875
2020-10-17,,11358.1015625,,,,
2020-10-18,,11483.359375,,,,
2020-10-19,167.11000061035156,11742.037109375,1.171550154685974,1906.4000244140625,205.0158843994141,28195.419921875
2020-10-20,167.24000549316406,11916.3349609375,1.176885962486267,1910.4000244140625,205.42739868164065,28308.7890625
2020-10-21,163.86000061035156,12823.689453125,1.1829839944839478,1924.5999755859373,205.57095336914065,28210.8203125
2020-10-22,169.07000732421875,12965.8916015625,1.1853959560394287,1901.0999755859373,205.6570587158203,28363.66015625
2020-10-23,167.36000061035156,12931.5390625,1.1815024614334106,1902.0,206.93951416015625,28335.5703125
2020-10-24,,13108.0625,,,,
2020-10-25,,13031.173828125,,,,
2020-10-26,160.8300018310547,13075.248046875,1.184848070144653,1902.699951171875,201.05374145507807,27685.380859375
2020-10-27,155.24000549316406,13654.21875,1.180944323539734,1908.800048828125,204.0874938964844,27463.189453125
2020-10-28,148.13999938964844,13271.28515625,1.1784114837646484,1876.199951171875,193.97164916992188,26519.94921875
2020-10-29,148.2899932861328,13437.8828125,1.1748672723770142,1865.5999755859373,195.92405700683597,26659.109375
2020-10-30,144.38999938964844,13546.5224609375,1.1678695678710938,1877.4000244140625,193.77073669433597,26501.599609375
2020-10-31,,13780.9951171875,,,,
2020-11-01,,13737.109375,,,,
2020-11-02,148.60000610351562,13550.4892578125,1.1642121076583862,1890.4000244140625,193.63674926757807,26925.05078125
2020-11-03,153.64999389648438,13950.30078125,1.1642799377441406,1908.5,197.56056213378903,27480.029296875
2020-11-04,151.6300048828125,14133.70703125,1.176221489906311,1894.5999755859373,207.0926513671875,27847.66015625
2020-11-05,157.08999633789062,15579.8486328125,1.17326819896698,1945.300048828125,213.6961975097656,28390.1796875
2020-11-06,157.74000549316406,15565.880859375,1.1817537546157837,1950.300048828125,214.1077117919922,28323.400390625
2020-11-07,,14833.75390625,,,,
2020-11-08,,15479.5673828125,,,,
2020-11-09,179.36000061035156,15332.3154296875,1.1893010139465332,1853.199951171875,209.0067138671875,29157.970703125
2020-11-10,188.69000244140625,15290.90234375,1.182732105255127,1875.4000244140625,201.9437713623047,29420.919921875
2020-11-11,182.1499938964844,15701.33984375,1.1818794012069702,1860.699951171875,207.2457427978516,29397.630859375
2020-11-12,176.72000122070312,16276.34375,1.1780297756195068,1872.5999755859373,206.18345642089844,29080.169921875
2020-11-13,187.1100006103516,16317.80859375,1.1803393363952637,1885.699951171875,207.20745849609372,29479.810546875
2020-11-14,,16068.138671875,,,,
2020-11-15,,15955.587890625,,,,
2020-11-16,202.3999938964844,16716.111328125,1.1845253705978394,1887.300048828125,207.89654541015625,29950.439453125
2020-11-17,210.0500030517578,17645.40625,1.1859441995620728,1884.5,205.2455291748047,29783.349609375
2020-11-18,203.3000030517578,17804.005859375,1.186366319656372,1873.5,202.53965759277344,29438.419921875
2020-11-19,205.6699981689453,17817.08984375,1.1847639083862305,1861.0999755859373,203.82542419433597,29483.23046875
2020-11-20,199.6199951171875,18621.314453125,1.1866477727890017,1872.5999755859373,201.87759399414065,29263.48046875
2020-11-21,,18642.232421875,,,,
2020-11-22,,18370.001953125,,,,
2020-11-23,211.52999877929688,18364.12109375,1.1866477727890017,1837.800048828125,201.60891723632807,29591.26953125
2020-11-24,218.4900054931641,19107.46484375,1.1842728853225708,1804.800048828125,205.20718383789065,30046.240234375
2020-11-25,217.6100006103516,18732.12109375,1.1900511980056765,1805.699951171875,205.2167510986328,29872.470703125
2020-11-26,,17150.623046875,1.1920002698898315,,,
2020-11-27,216.5,17108.40234375,1.191599726676941,1781.9000244140625,206.52175903320312,29910.369140625
2020-11-28,,17717.4140625,,,,
2020-11-29,,18177.484375,,,,
2020-11-30,210.7100067138672,19625.8359375,1.1971460580825806,1775.699951171875,205.40866088867188,29638.640625
2020-12-01,213.00999450683597,18802.998046875,1.193816065788269,1814.0999755859373,207.46209716796875,29823.919921875
2020-12-02,223.8500061035156,19201.091796875,1.2074378728866575,1825.699951171875,206.65606689453125,29883.7890625
2020-12-03,237.1999969482422,19445.3984375,1.2114603519439695,1836.800048828125,205.57177734375,29969.51953125
2020-12-04,232.7100067138672,18699.765625,1.2145650386810305,1835.9000244140625,205.68695068359372,30218.259765625
2020-12-05,,19154.23046875,,,,
2020-12-06,,19345.12109375,,,,
2020-12-07,238.1699981689453,19191.630859375,1.212135910987854,1861.800048828125,205.6197662353516,30069.7890625
2020-12-08,236.57000732421875,18321.14453125,1.2113136053085327,1870.800048828125,207.2701568603516,30173.880859375
2020-12-09,232.05999755859372,18553.916015625,1.2110936641693115,1834.5999755859373,203.2305145263672,30068.810546875
2020-12-10,234.42999267578125,18264.9921875,1.207875370979309,1833.5999755859373,202.00228881835935,29999.259765625
2020-12-11,230.3300018310547,18058.904296875,1.2144293785095217,1839.800048828125,204.63145446777344,30046.369140625
2020-12-12,,18803.65625,,,,
2020-12-13,,19142.3828125,,,,
2020-12-14,228.6199951171875,19246.64453125,1.213340401649475,1828.699951171875,205.53343200683597,29861.55078125
2020-12-15,229.5,19417.076171875,1.214889645576477,1852.300048828125,205.4662628173828,30199.310546875
2020-12-16,225.8699951171875,21310.59765625,1.2154301404953003,1856.0999755859373,210.4078826904297,30154.5390625
2020-12-17,221.2400054931641,22805.162109375,1.2199585437774658,1887.199951171875,210.54222106933597,30303.369140625
2020-12-18,219.75,23137.9609375,1.226271629333496,1885.699951171875,209.7457733154297,30179.05078125
2020-12-19,,23869.83203125,,,,
2020-12-20,,23477.294921875,,,,
2020-12-21,219.30999755859372,22803.08203125,1.221612811088562,1879.199951171875,213.58395385742188,30216.44921875
2020-12-22,218.77999877929688,23783.029296875,1.223690629005432,1866.5999755859373,214.8793182373047,30015.509765625
2020-12-23,219.69000244140625,23241.345703125,1.2186651229858398,1874.699951171875,212.0775146484375,30129.830078125
2020-12-24,217.1499938964844,23735.94921875,1.2191405296325684,1879.9000244140625,213.7374420166016,30199.869140625
2020-12-25,,24664.791015625,1.2184720039367676,,,
2020-12-26,,26437.037109375,,,,
2020-12-27,,26272.294921875,,,,
2020-12-28,216.08999633789065,27084.80859375,1.2205095291137695,1877.199951171875,215.8580780029297,30403.970703125
2020-12-29,216.25,27362.4375,1.2223445177078247,1879.699951171875,215.0808563232422,30335.669921875
2020-12-30,216.6699981689453,28840.953125,1.225295066833496,1891.0,212.7107391357422,30409.560546875
2020-12-31,214.05999755859372,29001.720703125,1.2299896478652954,1893.0999755859373,213.42083740234372,30606.48046875
2021-01-01,,29374.15234375,1.218026876449585,,,
2021-01-02,,32127.267578125,,,,
2021-01-03,,32782.0234375,,,,
2021-01-04,202.72000122070312,31971.9140625,1.2250697612762451,1944.699951171875,208.8822021484375,30223.890625
2021-01-05,211.6300048828125,33992.4296875,1.2251598834991455,1952.699951171875,209.08370971679688,30391.599609375
2021-01-06,211.02999877929688,36824.36328125,1.230027437210083,1906.9000244140625,203.66232299804688,30829.400390625
2021-01-07,212.7100067138672,39371.04296875,1.2341108322143557,1912.300048828125,209.4579162597656,31041.130859375
2021-01-08,209.8999938964844,40797.609375,1.227144479751587,1834.0999755859373,210.73411560058597,31097.970703125
2021-01-09,,40254.546875,,,,
2021-01-10,,38356.44140625,,,,
2021-01-11,206.7899932861328,35566.65625,1.218620538711548,1849.5999755859373,208.6903381347656,31008.689453125
2021-01-12,208.41000366210935,33922.9609375,1.2160701751708984,1842.9000244140625,206.2338714599609,31068.689453125
2021-01-13,207.2100067138672,37316.359375,1.220889449119568,1853.5999755859373,207.5868377685547,31060.470703125
2021-01-14,209.91000366210935,39187.328125,1.2162491083145142,1850.300048828125,204.40115356445312,30991.51953125
2021-01-15,204.32000732421875,36825.3671875,1.2151259183883667,1829.300048828125,204.0461578369141,30814.259765625
2021-01-16,,36178.140625,,,,
2021-01-17,,35791.27734375,,,,
2021-01-18,,36630.07421875,1.2068113088607788,,,
2021-01-19,210.7100067138672,36069.8046875,1.207729458808899,1839.5,207.68280029296875,30930.51953125
2021-01-20,211.4499969482422,35547.75,1.213886857032776,1865.9000244140625,215.26315307617188,31188.380859375
2021-01-21,207.41000366210935,30825.69921875,1.2115631103515625,1865.300048828125,215.86769104003903,31176.009765625
2021-01-22,205.83999633789065,33005.76171875,1.2166293859481812,1855.699951171875,216.8080291748047,30996.98046875
2021-01-23,,32067.642578125,,,,
2021-01-24,,32289.37890625,,,,
2021-01-25,203.3600006103516,32366.392578125,1.216944694519043,1854.9000244140625,220.2431488037109,30960.0
2021-01-26,202.05999755859372,32569.849609375,1.214624047279358,1850.699951171875,222.92987060546875,30937.0390625
2021-01-27,194.02999877929688,30432.546875,1.216299295425415,1844.9000244140625,223.47683715820312,30303.169921875
2021-01-28,197.22999572753903,33466.09765625,1.2105072736740112,1837.9000244140625,229.2628326416016,30603.359375
2021-01-29,194.19000244140625,34316.38671875,1.2120037078857422,1847.300048828125,222.5748443603516,29982.619140625
2021-01-30,,34269.5234375,,,,
2021-01-31,,33114.359375,,,,
2021-02-01,195.83999633789065,33537.17578125,1.2123857736587524,1860.800048828125,229.95367431640625,30211.91015625
2021-02-02,200.94000244140625,35510.2890625,1.2068694829940796,1830.5,229.8193359375,30687.48046875
2021-02-03,207.38999938964844,37472.08984375,1.203905463218689,1832.199951171875,233.16819763183597,30723.599609375
2021-02-04,210.63999938964844,36926.06640625,1.2042388916015625,1788.9000244140625,232.21820068359372,31055.859375
2021-02-05,207.92999267578125,38144.30859375,1.1966731548309326,1810.9000244140625,232.40057373046875,31148.240234375
2021-02-06,,39266.01171875,,,,
2021-02-07,,38903.44140625,,,,
2021-02-08,211.9499969482422,46196.46484375,1.2048773765563965,1831.9000244140625,232.6595916748047,31385.759765625
2021-02-09,215.1199951171875,46481.10546875,1.2053595781326294,1835.300048828125,233.90696716308597,31375.830078125
2021-02-10,211.9199981689453,44918.18359375,1.2119992971420288,1840.5999755859373,232.99546813964844,31437.80078125
2021-02-11,210.66000366210935,47909.33203125,1.2121212482452393,1824.9000244140625,234.59788513183597,31430.69921875
2021-02-12,210.97999572753903,47504.8515625,1.2131506204605105,1821.5999755859373,235.0776824951172,31458.400390625
2021-02-13,,47105.515625,,,,
2021-02-14,,48717.2890625,,,,
2021-02-15,,47945.05859375,1.2122093439102173,,,
2021-02-16,217.17999267578125,49199.87109375,1.2132196426391602,1797.199951171875,233.83985900878903,31522.75
2021-02-17,215.5200042724609,52149.0078125,1.2092483043670654,1771.0999755859375,234.8592987060547,31613.01953125
2021-02-18,208.47999572753903,51679.796875,1.2048004865646362,1773.4000244140625,234.4649658203125,31493.33984375
2021-02-19,217.47000122070312,55888.1328125,1.209189772605896,1775.800048828125,231.75282287597656,31494.3203125
2021-02-20,,56099.51953125,,,,
2021-02-21,,57539.9453125,,,,
2021-02-22,212.8800048828125,54207.3203125,1.2126356363296509,1806.699951171875,225.5399475097656,31521.689453125
2021-02-23,212.1199951171875,48824.42578125,1.2166796922683716,1804.4000244140625,224.34738159179688,31537.349609375
2021-02-24,229.33999633789065,49705.33203125,1.215214490890503,1796.4000244140625,225.5784149169922,31961.859375
2021-02-25,216.4499969482422,47093.8515625,1.2171372175216677,1774.4000244140625,220.23106384277344,31402.009765625
2021-02-26,212.00999450683597,46339.76171875,1.2160420417785645,1728.0999755859375,223.49143981933597,30932.369140625
2021-02-27,,46188.453125,,,,
2021-02-28,,45137.76953125,,,,
2021-03-01,224.38999938964844,49631.2421875,1.208956003189087,1722.5,227.87698364257807,31535.509765625
2021-03-02,223.13999938964844,48378.98828125,1.2051095962524414,1733.0999755859375,224.9244079589844,31391.51953125
2021-03-03,228.55999755859372,50538.2421875,1.208546757698059,1715.300048828125,218.85577392578125,31270.08984375
2021-03-04,224.7100067138672,48561.16796875,1.2050660848617554,1700.199951171875,218.0575256347656,30924.140625
2021-03-05,223.22000122070312,48927.3046875,1.1967735290527344,1698.0,222.7412872314453,31496.30078125
2021-03-06,,48912.3828125,,,,
2021-03-07,,51206.69140625,,,,
2021-03-08,224.02999877929688,52246.5234375,1.1925631761550903,1677.699951171875,218.69224548339844,31802.439453125
2021-03-09,230.6100006103516,54824.1171875,1.185171127319336,1716.5999755859375,224.83786010742188,31832.740234375
2021-03-10,245.33999633789065,56008.55078125,1.1897906064987185,1721.5,223.52984619140625,32297.01953125
2021-03-11,252.0,57805.12109375,1.1926058530807495,1722.300048828125,228.0597381591797,32485.58984375
2021-03-12,269.19000244140625,57332.08984375,1.1986095905303955,1719.5,226.7325439453125,32778.640625
2021-03-13,,61243.0859375,,,,
2021-03-14,,59302.31640625,,,,
2021-03-15,265.6300048828125,55907.19921875,1.1950000524520874,1728.9000244140625,225.82846069335935,32953.4609375
2021-03-16,255.2100067138672,56804.90234375,1.1925773620605469,1730.5999755859375,228.6175079345703,32825.94921875
2021-03-17,263.5899963378906,58870.89453125,1.190164566040039,1726.800048828125,227.97314453125,33015.37109375
2021-03-18,256.0599975585937,57858.921875,1.1982792615890503,1732.199951171875,221.89491271972656,32862.30078125
2021-03-19,255.82000732421875,58346.65234375,1.1918240785598757,1741.4000244140625,221.5390625,32627.970703125
2021-03-20,,58313.64453125,,,,
2021-03-21,,57523.421875,,,,
2021-03-22,251.22999572753903,54529.14453125,1.1883116960525513,1737.800048828125,226.96331787109372,32731.19921875
2021-03-23,241.25,54738.9453125,1.193303108215332,1724.699951171875,228.49252319335935,32423.150390625
2021-03-24,239.2400054931641,52774.265625,1.1840205192565918,1732.9000244140625,226.45358276367188,32420.060546875
2021-03-25,247.19000244140625,51704.16015625,1.1813069581985474,1724.9000244140625,223.4529571533203,32619.48046875
2021-03-26,244.8699951171875,55137.3125,1.1776621341705322,1732.199951171875,227.4345703125,33072.87890625
2021-03-27,,55973.51171875,,,,
2021-03-28,,55950.74609375,,,,
2021-03-29,250.5200042724609,57750.19921875,1.1788004636764526,1712.0999755859375,226.24200439453125,33171.37109375
2021-03-30,252.00999450683597,58917.69140625,1.177100658416748,1683.9000244140625,222.981689453125,33066.9609375
2021-03-31,254.72000122070312,58918.83203125,1.1723604202270508,1713.800048828125,226.75177001953125,32981.55078125
2021-04-01,252.9600067138672,59095.80859375,1.1728830337524414,1726.5,233.0800323486328,33153.2109375
2021-04-02,,59384.3125,1.177994966506958,,,
2021-04-03,,57603.890625,,,,
2021-04-04,,58758.5546875,,,,
2021-04-05,259.3599853515625,59057.87890625,1.176816701889038,1727.0,239.54302978515625,33527.19140625
2021-04-06,255.1699981689453,58192.359375,1.1818934679031372,1741.5,238.37928771972656,33430.23828125
2021-04-07,252.5800018310547,56048.9375,1.1874228715896606,1740.0999755859375,240.34127807617188,33446.26171875
2021-04-08,254.9499969482422,58323.953125,1.1873664855957031,1756.800048828125,243.5631256103516,33503.5703125
2021-04-09,252.3600006103516,58245.00390625,1.1915684938430786,1743.300048828125,246.0636749267578,33800.6015625
2021-04-10,,59793.234375,,,,
2021-04-11,,60204.96484375,,,,
2021-04-12,249.5200042724609,59893.453125,1.1900511980056765,1731.199951171875,246.1213836669922,33745.3984375
2021-04-13,253.2700042724609,63503.45703125,1.1914690732955933,1746.199951171875,248.6026763916016,33677.26953125
2021-04-14,252.42999267578125,63109.6953125,1.1954143047332764,1734.9000244140625,245.8136138916016,33730.890625
2021-04-15,251.1100006103516,63314.01171875,1.1986095905303955,1765.4000244140625,249.57406616210935,34035.98828125
2021-04-16,248.17999267578125,61572.7890625,1.1971746683120728,1779.0,250.76663208007807,34200.671875
2021-04-17,,60683.8203125,,,,
2021-04-18,,56216.18359375,,,,
2021-04-19,244.1499938964844,55724.265625,1.1969454288482666,1769.4000244140625,248.84312438964844,34077.62890625
2021-04-20,234.05999755859372,56473.03125,1.204529047012329,1777.300048828125,248.38150024414065,33821.30078125
2021-04-21,235.9199981689453,53906.08984375,1.2032392024993896,1792.300048828125,250.6127166748047,34137.30859375
2021-04-22,234.3300018310547,51762.2734375,1.2037750482559204,1781.199951171875,247.33316040039065,33815.8984375
2021-04-23,238.3800048828125,51093.65234375,1.2014753818511963,1777.0,251.16087341308597,34043.48828125
2021-04-24,,50050.8671875,,,,
2021-04-25,,49004.25390625,,,,
2021-04-26,241.44000244140625,54021.75390625,1.2089852094650269,1779.199951171875,251.54562377929688,33981.5703125
2021-04-27,242.47000122070312,55033.1171875,1.2081671953201294,1778.0,251.94956970214844,33984.9296875
2021-04-28,235.4600067138672,54824.703125,1.2090305089950562,1773.199951171875,244.82298278808597,33820.37890625
2021-04-29,235.94000244140625,53555.109375,1.213592290878296,1768.0999755859375,242.8514404296875,34060.359375
2021-04-30,234.30999755859372,57750.17578125,1.2127091884613037,1767.300048828125,242.5340576171875,33874.8515625
2021-05-01,,57828.05078125,,,,
2021-05-02,,56631.078125,,,,
2021-05-03,235.19000244140625,57200.29296875,1.2027760744094849,1791.4000244140625,242.2262725830078,34113.23046875
2021-05-04,233.6300048828125,53333.5390625,1.2061271667480469,1775.800048828125,238.3119659423828,34133.03125
2021-05-05,228.17999267578125,57424.0078125,1.2015043497085571,1784.0999755859375,237.0424346923828,34230.33984375
2021-05-06,229.80999755859372,56396.515625,1.2007973194122314,1815.5,240.17774963378903,34548.53125
2021-05-07,235.47000122070312,57356.40234375,1.2068549394607544,1831.0999755859373,242.8033447265625,34777.76171875
2021-05-08,,58803.77734375,,,,
2021-05-09,,58232.31640625,,,,
2021-05-10,232.92999267578125,55859.796875,1.2171076536178589,1837.5,237.72528076171875,34742.8203125
2021-05-11,228.8800048828125,56704.57421875,1.2140932083129885,1835.9000244140625,236.8116455078125,34269.16015625
2021-05-12,220.77999877929688,49150.53515625,1.2144500017166138,1822.5999755859373,229.85818481445312,33587.66015625
2021-05-13,222.63999938964844,49716.19140625,1.2078505754470823,1823.800048828125,233.7340240478516,34021.44921875
2021-05-14,228.47000122070312,49880.53515625,1.207729458808899,1837.9000244140625,238.6581878662109,34382.12890625
2021-05-15,,46760.1875,,,,
2021-05-16,,46456.05859375,,,,
2021-05-17,227.97999572753903,43537.51171875,1.2150373458862305,1867.5,235.80177307128903,34327.7890625
2021-05-18,227.5500030517578,42909.40234375,1.215687274932861,1867.800048828125,233.78216552734372,34060.66015625
2021-05-19,224.4199981689453,37002.44140625,1.2223997116088867,1881.300048828125,234.3605194091797,33896.0390625
2021-05-20,227.6499938964844,40782.73828125,1.217285394668579,1881.800048828125,237.59945678710935,34084.1484375
2021-05-21,234.82000732421875,37304.69140625,1.222538709640503,1876.699951171875,236.33663940429688,34207.83984375
2021-05-22,,37536.6328125,,,,
2021-05-23,,34770.58203125,,,,
2021-05-24,237.44000244140625,38705.98046875,1.2183235883712769,1884.5999755859373,241.7445373535156,34393.98046875
2021-05-25,240.7400054931641,38402.22265625,1.2214635610580444,1898.0999755859373,242.65066528320312,34312.4609375
2021-05-26,241.3699951171875,39294.19921875,1.2249093055725098,1901.300048828125,242.42893981933597,34323.05078125
2021-05-27,250.6999969482422,38436.96875,1.21925950050354,1895.699951171875,240.32749938964844,34464.640625
2021-05-28,247.0200042724609,35697.60546875,1.2193188667297363,1902.5,240.6841278076172,34529.44921875
2021-05-29,,34616.06640625,,,,
2021-05-30,,35678.12890625,,,,
